                                                                        S      1
,,,16Hwheeldors_design,22HAutoCAD 2021 - English,62HAutodesk TranslationG      1
 Framework DWG producer (atf_dwg_producer),32,38,7,99,15,,1.,2,2HMM,1,  G      2
0.08,15H20260520.150825,0.01,10000.,,7Hunknown,11,0,15H20260519.133159; G      3
     186       1                       0                        00000000D      1
     186           -1383       1       0                               0D      2
     514       2                                                00010000D      3
     514                      10       1                               0D      4
     510      12                                                00010000D      5
     510           -1383       1       1                               0D      6
     510      13                                                00010000D      7
     510           -1383       1       1                               0D      8
     510      14                                                00010000D      9
     510           -1383       1       1                               0D     10
     510      15                                                00010000D     11
     510           -1383       1       1                               0D     12
     510      16                                                00010000D     13
     510           -1383       1       1                               0D     14
     510      17                                                00010000D     15
     510           -1383       1       1                               0D     16
     510      18                                                00010000D     17
     510           -1383       1       1                               0D     18
     510      19                                                00010000D     19
     510           -1383       1       1                               0D     20
     510      20                                                00010000D     21
     510           -1383       1       1                               0D     22
     510      21                                                00010000D     23
     510           -1383       1       1                               0D     24
     510      22                                                00010000D     25
     510           -1383       1       1                               0D     26
     510      23                                                00010000D     27
     510           -1383       1       1                               0D     28
     510      24                                                00010000D     29
     510           -1383       1       1                               0D     30
     510      25                                                00010000D     31
     510           -1383       1       1                               0D     32
     510      26                                                00010000D     33
     510           -1383       1       1                               0D     34
     510      27                                                00010000D     35
     510           -1383       1       1                               0D     36
     510      28                                                00010000D     37
     510           -1383       1       1                               0D     38
     510      29                                                00010000D     39
     510           -1383       1       1                               0D     40
     510      30                                                00010000D     41
     510           -1383       1       1                               0D     42
     510      31                                                00010000D     43
     510           -1383       1       1                               0D     44
     510      32                                                00010000D     45
     510           -1383       1       1                               0D     46
     510      33                                                00010000D     47
     510           -1383       1       1                               0D     48
     510      34                                                00010000D     49
     510           -1383       1       1                               0D     50
     510      35                                                00010000D     51
     510           -1383       1       1                               0D     52
     510      36                                                00010000D     53
     510           -1383       1       1                               0D     54
     510      37                                                00010000D     55
     510           -1383       1       1                               0D     56
     510      38                                                00010000D     57
     510           -1383       1       1                               0D     58
     510      39                                                00010000D     59
     510           -1383       1       1                               0D     60
     510      40                                                00010000D     61
     510           -1383       1       1                               0D     62
     510      41                                                00010000D     63
     510           -1383       1       1                               0D     64
     510      42                                                00010000D     65
     510           -1383       1       1                               0D     66
     510      43                                                00010000D     67
     510           -1383       1       1                               0D     68
     510      44                                                00010000D     69
     510           -1383       1       1                               0D     70
     510      45                                                00010000D     71
     510           -1383       1       1                               0D     72
     510      46                                                00010000D     73
     510           -1383       1       1                               0D     74
     510      47                                                00010000D     75
     510           -1383       1       1                               0D     76
     510      48                                                00010000D     77
     510           -1383       1       1                               0D     78
     510      49                                                00010000D     79
     510           -1383       1       1                               0D     80
     510      50                                                00010000D     81
     510           -1383       1       1                               0D     82
     510      51                                                00010000D     83
     510           -1383       1       1                               0D     84
     510      52                                                00010000D     85
     510           -1383       1       1                               0D     86
     510      53                                                00010000D     87
     510           -1383       1       1                               0D     88
     510      54                                                00010000D     89
     510           -1383       1       1                               0D     90
     510      55                                                00010000D     91
     510           -1383       1       1                               0D     92
     510      56                                                00010000D     93
     510           -1383       1       1                               0D     94
     510      57                                                00010000D     95
     510           -1383       1       1                               0D     96
     510      58                                                00010000D     97
     510           -1383       1       1                               0D     98
     510      59                                                00010000D     99
     510           -1383       1       1                               0D    100
     510      60                                                00010000D    101
     510           -1383       1       1                               0D    102
     510      61                                                00010000D    103
     510           -1383       1       1                               0D    104
     510      62                                                00010000D    105
     510           -1383       1       1                               0D    106
     510      63                                                00010000D    107
     510           -1383       1       1                               0D    108
     510      64                                                00010000D    109
     510           -1383       1       1                               0D    110
     510      65                                                00010000D    111
     510           -1383       1       1                               0D    112
     510      66                                                00010000D    113
     510           -1383       1       1                               0D    114
     510      67                                                00010000D    115
     510           -1383       1       1                               0D    116
     510      68                                                00010000D    117
     510           -1383       1       1                               0D    118
     510      69                                                00010000D    119
     510           -1383       1       1                               0D    120
     510      70                                                00010000D    121
     510           -1383       1       1                               0D    122
     510      71                                                00010000D    123
     510           -1383       1       1                               0D    124
     510      72                                                00010000D    125
     510           -1383       1       1                               0D    126
     510      73                                                00010000D    127
     510           -1383       1       1                               0D    128
     510      74                                                00010000D    129
     510           -1383       1       1                               0D    130
     510      75                                                00010000D    131
     510           -1383       1       1                               0D    132
     510      76                                                00010000D    133
     510           -1383       1       1                               0D    134
     510      77                                                00010000D    135
     510           -1383       1       1                               0D    136
     510      78                                                00010000D    137
     510           -1383       1       1                               0D    138
     510      79                                                00010000D    139
     510           -1383       1       1                               0D    140
     510      80                                                00010000D    141
     510           -1383       1       1                               0D    142
     510      81                                                00010000D    143
     510           -1383       1       1                               0D    144
     510      82                                                00010000D    145
     510           -1383       1       1                               0D    146
     510      83                                                00010000D    147
     510           -1383       1       1                               0D    148
     510      84                                                00010000D    149
     510           -1383       1       1                               0D    150
     510      85                                                00010000D    151
     510           -1383       1       1                               0D    152
     510      86                                                00010000D    153
     510           -1383       1       1                               0D    154
     510      87                                                00010000D    155
     510           -1383       1       1                               0D    156
     510      88                                                00010000D    157
     510           -1383       1       1                               0D    158
     510      89                                                00010000D    159
     510           -1383       1       1                               0D    160
     510      90                                                00010000D    161
     510           -1383       1       1                               0D    162
     510      91                                                00010000D    163
     510           -1383       1       1                               0D    164
     510      92                                                00010000D    165
     510           -1383       1       1                               0D    166
     510      93                                                00010000D    167
     510           -1383       1       1                               0D    168
     510      94                                                00010000D    169
     510           -1383       1       1                               0D    170
     510      95                                                00010000D    171
     510           -1383       1       1                               0D    172
     510      96                                                00010000D    173
     510           -1383       1       1                               0D    174
     510      97                                                00010000D    175
     510           -1383       1       1                               0D    176
     510      98                                                00010000D    177
     510           -1383       1       1                               0D    178
     510      99                                                00010000D    179
     510           -1383       1       1                               0D    180
     510     100                                                00010000D    181
     510           -1383       1       1                               0D    182
     510     101                                                00010000D    183
     510           -1383       1       1                               0D    184
     510     102                                                00010000D    185
     510           -1383       1       1                               0D    186
     510     103                                                00010000D    187
     510           -1383       1       1                               0D    188
     510     104                                                00010000D    189
     510           -1383       1       1                               0D    190
     510     105                                                00010000D    191
     510           -1383       1       1                               0D    192
     510     106                                                00010000D    193
     510           -1383       1       1                               0D    194
     510     107                                                00010000D    195
     510           -1383       1       1                               0D    196
     510     108                                                00010000D    197
     510           -1383       1       1                               0D    198
     510     109                                                00010000D    199
     510           -1383       1       1                               0D    200
     510     110                                                00010000D    201
     510           -1383       1       1                               0D    202
     510     111                                                00010000D    203
     510           -1383       1       1                               0D    204
     510     112                                                00010000D    205
     510           -1383       1       1                               0D    206
     510     113                                                00010000D    207
     510           -1383       1       1                               0D    208
     510     114                                                00010000D    209
     510           -1383       1       1                               0D    210
     510     115                                                00010000D    211
     510           -1383       1       1                               0D    212
     508     116                                                00010000D    213
     508                       1       1                               0D    214
     508     117                                                00010000D    215
     508                       1       1                               0D    216
     508     118                                                00010000D    217
     508                       1       1                               0D    218
     508     119                                                00010000D    219
     508                       1       1                               0D    220
     508     120                                                00010000D    221
     508                       1       1                               0D    222
     508     121                                                00010000D    223
     508                       1       1                               0D    224
     508     122                                                00010000D    225
     508                       1       1                               0D    226
     508     123                                                00010000D    227
     508                       2       1                               0D    228
     508     125                                                00010000D    229
     508                       1       1                               0D    230
     508     126                                                00010000D    231
     508                       1       1                               0D    232
     508     127                                                00010000D    233
     508                       1       1                               0D    234
     508     128                                                00010000D    235
     508                       2       1                               0D    236
     508     130                                                00010000D    237
     508                       1       1                               0D    238
     508     131                                                00010000D    239
     508                       2       1                               0D    240
     508     133                                                00010000D    241
     508                       1       1                               0D    242
     508     134                                                00010000D    243
     508                       1       1                               0D    244
     508     135                                                00010000D    245
     508                       1       1                               0D    246
     508     136                                                00010000D    247
     508                       2       1                               0D    248
     508     138                                                00010000D    249
     508                       2       1                               0D    250
     508     140                                                00010000D    251
     508                       1       1                               0D    252
     508     141                                                00010000D    253
     508                       1       1                               0D    254
     508     142                                                00010000D    255
     508                       2       1                               0D    256
     508     144                                                00010000D    257
     508                       2       1                               0D    258
     508     146                                                00010000D    259
     508                       1       1                               0D    260
     508     147                                                00010000D    261
     508                       2       1                               0D    262
     508     149                                                00010000D    263
     508                       1       1                               0D    264
     508     150                                                00010000D    265
     508                       1       1                               0D    266
     508     151                                                00010000D    267
     508                       1       1                               0D    268
     508     152                                                00010000D    269
     508                       2       1                               0D    270
     508     154                                                00010000D    271
     508                       2       1                               0D    272
     508     156                                                00010000D    273
     508                       2       1                               0D    274
     508     158                                                00010000D    275
     508                       2       1                               0D    276
     508     160                                                00010000D    277
     508                       2       1                               0D    278
     508     162                                                00010000D    279
     508                       2       1                               0D    280
     508     164                                                00010000D    281
     508                       2       1                               0D    282
     508     166                                                00010000D    283
     508                       2       1                               0D    284
     508     168                                                00010000D    285
     508                       2       1                               0D    286
     508     170                                                00010000D    287
     508                       2       1                               0D    288
     508     172                                                00010000D    289
     508                       2       1                               0D    290
     508     174                                                00010000D    291
     508                       2       1                               0D    292
     508     176                                                00010000D    293
     508                       2       1                               0D    294
     508     178                                                00010000D    295
     508                       2       1                               0D    296
     508     180                                                00010000D    297
     508                       2       1                               0D    298
     508     182                                                00010000D    299
     508                       2       1                               0D    300
     508     184                                                00010000D    301
     508                       2       1                               0D    302
     508     186                                                00010000D    303
     508                       2       1                               0D    304
     508     188                                                00010000D    305
     508                       2       1                               0D    306
     508     190                                                00010000D    307
     508                       2       1                               0D    308
     508     192                                                00010000D    309
     508                       2       1                               0D    310
     508     194                                                00010000D    311
     508                       2       1                               0D    312
     508     196                                                00010000D    313
     508                       8       1                               0D    314
     508     204                                                00010000D    315
     508                      11       1                               0D    316
     508     215                                                00010000D    317
     508                       2       1                               0D    318
     508     217                                                00010000D    319
     508                       2       1                               0D    320
     508     219                                                00010000D    321
     508                       2       1                               0D    322
     508     221                                                00010000D    323
     508                       2       1                               0D    324
     508     223                                                00010000D    325
     508                       2       1                               0D    326
     508     225                                                00010000D    327
     508                       2       1                               0D    328
     508     227                                                00010000D    329
     508                       2       1                               0D    330
     508     229                                                00010000D    331
     508                       2       1                               0D    332
     508     231                                                00010000D    333
     508                       2       1                               0D    334
     508     233                                                00010000D    335
     508                       2       1                               0D    336
     508     235                                                00010000D    337
     508                       2       1                               0D    338
     508     237                                                00010000D    339
     508                       2       1                               0D    340
     508     239                                                00010000D    341
     508                       2       1                               0D    342
     508     241                                                00010000D    343
     508                       2       1                               0D    344
     508     243                                                00010000D    345
     508                       2       1                               0D    346
     508     245                                                00010000D    347
     508                       1       1                               0D    348
     508     246                                                00010000D    349
     508                       1       1                               0D    350
     508     247                                                00010000D    351
     508                       2       1                               0D    352
     508     249                                                00010000D    353
     508                       1       1                               0D    354
     508     250                                                00010000D    355
     508                       2       1                               0D    356
     508     252                                                00010000D    357
     508                       2       1                               0D    358
     508     254                                                00010000D    359
     508                       1       1                               0D    360
     508     255                                                00010000D    361
     508                       1       1                               0D    362
     508     256                                                00010000D    363
     508                       1       1                               0D    364
     508     257                                                00010000D    365
     508                       1       1                               0D    366
     508     258                                                00010000D    367
     508                       1       1                               0D    368
     508     259                                                00010000D    369
     508                       1       1                               0D    370
     508     260                                                00010000D    371
     508                       1       1                               0D    372
     508     261                                                00010000D    373
     508                       1       1                               0D    374
     508     262                                                00010000D    375
     508                       1       1                               0D    376
     508     263                                                00010000D    377
     508                       2       1                               0D    378
     508     265                                                00010000D    379
     508                       2       1                               0D    380
     508     267                                                00010000D    381
     508                       2       1                               0D    382
     508     269                                                00010000D    383
     508                       2       1                               0D    384
     508     271                                                00010000D    385
     508                       2       1                               0D    386
     508     273                                                00010000D    387
     508                       2       1                               0D    388
     508     275                                                00010000D    389
     508                       2       1                               0D    390
     508     277                                                00010000D    391
     508                       2       1                               0D    392
     508     279                                                00010000D    393
     508                       2       1                               0D    394
     508     281                                                00010000D    395
     508                       2       1                               0D    396
     508     283                                                00010000D    397
     508                       2       1                               0D    398
     508     285                                                00010000D    399
     508                       2       1                               0D    400
     508     287                                                00010000D    401
     508                       2       1                               0D    402
     508     289                                                00010000D    403
     508                       2       1                               0D    404
     508     291                                                00010000D    405
     508                       2       1                               0D    406
     508     293                                                00010000D    407
     508                       2       1                               0D    408
     508     295                                                00010000D    409
     508                       2       1                               0D    410
     508     297                                                00010000D    411
     508                       2       1                               0D    412
     508     299                                                00010000D    413
     508                       2       1                               0D    414
     508     301                                                00010000D    415
     508                       2       1                               0D    416
     508     303                                                00010000D    417
     508                       1       1                               0D    418
     508     304                                                00010000D    419
     508                       1       1                               0D    420
     508     305                                                00010000D    421
     508                       2       1                               0D    422
     508     307                                                00010000D    423
     508                       2       1                               0D    424
     508     309                                                00010000D    425
     508                       2       1                               0D    426
     508     311                                                00010000D    427
     508                       1       1                               0D    428
     508     312                                                00010000D    429
     508                       1       1                               0D    430
     508     313                                                00010000D    431
     508                       2       1                               0D    432
     508     315                                                00010000D    433
     508                       2       1                               0D    434
     508     317                                                00010000D    435
     508                       2       1                               0D    436
     508     319                                                00010000D    437
     508                       2       1                               0D    438
     508     321                                                00010000D    439
     508                       2       1                               0D    440
     508     323                                                00010000D    441
     508                       2       1                               0D    442
     508     325                                                00010000D    443
     508                       2       1                               0D    444
     508     327                                                00010000D    445
     508                       2       1                               0D    446
     508     329                                                00010000D    447
     508                       2       1                               0D    448
     508     331                                                00010000D    449
     508                       2       1                               0D    450
     508     333                                                00010000D    451
     508                       2       1                               0D    452
     508     335                                                00010000D    453
     508                       2       1                               0D    454
     508     337                                                00010000D    455
     508                       1       1                               0D    456
     508     338                                                00010000D    457
     508                       1       1                               0D    458
     508     339                                                00010000D    459
     508                       1       1                               0D    460
     508     340                                                00010000D    461
     508                       1       1                               0D    462
     508     341                                                00010000D    463
     508                       1       1                               0D    464
     508     342                                                00010000D    465
     508                       1       1                               0D    466
     508     343                                                00010000D    467
     508                       1       1                               0D    468
     508     344                                                00010000D    469
     508                       1       1                               0D    470
     508     345                                                00010000D    471
     508                       1       1                               0D    472
     126     346                                                00010000D    473
     126       0               6       0                               0D    474
     126     352                                                00010000D    475
     126       0               5       0                               0D    476
     126     357                                                00010000D    477
     126       0               5       0                               0D    478
     126     362                                                00010000D    479
     126       0               5       0                               0D    480
     126     367                                                00010000D    481
     126       0              16       0                               0D    482
     126     383                                                00010000D    483
     126       0              14       0                               0D    484
     126     397                                                00010000D    485
     126       0               6       0                               0D    486
     126     403                                                00010000D    487
     126       0               5       0                               0D    488
     126     408                                                00010000D    489
     126       0               5       0                               0D    490
     126     413                                                00010000D    491
     126       0               5       0                               0D    492
     126     418                                                00010000D    493
     126       0              16       0                               0D    494
     126     434                                                00010000D    495
     126       0              14       0                               0D    496
     126     448                                                00010000D    497
     126       0               6       0                               0D    498
     126     454                                                00010000D    499
     126       0               5       0                               0D    500
     126     459                                                00010000D    501
     126       0               5       0                               0D    502
     126     464                                                00010000D    503
     126       0               5       0                               0D    504
     126     469                                                00010000D    505
     126       0              16       0                               0D    506
     126     485                                                00010000D    507
     126       0              16       0                               0D    508
     126     501                                                00010000D    509
     126       0               9       0                               0D    510
     126     510                                                00010000D    511
     126       0               5       0                               0D    512
     126     515                                                00010000D    513
     126       0               7       0                               0D    514
     126     522                                                00010000D    515
     126       0               5       0                               0D    516
     126     527                                                00010000D    517
     126       0               8       0                               0D    518
     126     535                                                00010000D    519
     126       0               8       0                               0D    520
     126     543                                                00010000D    521
     126       0               3       0                               0D    522
     126     546                                                00010000D    523
     126       0               7       0                               0D    524
     126     553                                                00010000D    525
     126       0               5       0                               0D    526
     126     558                                                00010000D    527
     126       0              14       0                               0D    528
     126     572                                                00010000D    529
     126       0              14       0                               0D    530
     126     586                                                00010000D    531
     126       0               5       0                               0D    532
     126     591                                                00010000D    533
     126       0              11       0                               0D    534
     126     602                                                00010000D    535
     126       0              10       0                               0D    536
     126     612                                                00010000D    537
     126       0               5       0                               0D    538
     126     617                                                00010000D    539
     126       0              13       0                               0D    540
     126     630                                                00010000D    541
     126       0              14       0                               0D    542
     126     644                                                00010000D    543
     126       0               5       0                               0D    544
     126     649                                                00010000D    545
     126       0               8       0                               0D    546
     126     657                                                00010000D    547
     126       0               8       0                               0D    548
     126     665                                                00010000D    549
     126       0               3       0                               0D    550
     126     668                                                00010000D    551
     126       0               8       0                               0D    552
     126     676                                                00010000D    553
     126       0               9       0                               0D    554
     126     685                                                00010000D    555
     126       0               5       0                               0D    556
     126     690                                                00010000D    557
     126       0               7       0                               0D    558
     126     697                                                00010000D    559
     126       0               5       0                               0D    560
     126     702                                                00010000D    561
     126       0               8       0                               0D    562
     126     710                                                00010000D    563
     126       0               8       0                               0D    564
     126     718                                                00010000D    565
     126       0               3       0                               0D    566
     126     721                                                00010000D    567
     126       0               7       0                               0D    568
     126     728                                                00010000D    569
     126       0               5       0                               0D    570
     126     733                                                00010000D    571
     126       0              14       0                               0D    572
     126     747                                                00010000D    573
     126       0              14       0                               0D    574
     126     761                                                00010000D    575
     126       0               5       0                               0D    576
     126     766                                                00010000D    577
     126       0              10       0                               0D    578
     126     776                                                00010000D    579
     126       0              10       0                               0D    580
     126     786                                                00010000D    581
     126       0               5       0                               0D    582
     126     791                                                00010000D    583
     126       0              14       0                               0D    584
     126     805                                                00010000D    585
     126       0              14       0                               0D    586
     126     819                                                00010000D    587
     126       0               5       0                               0D    588
     126     824                                                00010000D    589
     126       0               8       0                               0D    590
     126     832                                                00010000D    591
     126       0               8       0                               0D    592
     126     840                                                00010000D    593
     126       0               3       0                               0D    594
     126     843                                                00010000D    595
     126       0               8       0                               0D    596
     126     851                                                00010000D    597
     126       0               8       0                               0D    598
     126     859                                                00010000D    599
     126       0               5       0                               0D    600
     126     864                                                00010000D    601
     126       0               8       0                               0D    602
     126     872                                                00010000D    603
     126       0               3       0                               0D    604
     126     875                                                00010000D    605
     126       0               8       0                               0D    606
     126     883                                                00010000D    607
     126       0               5       0                               0D    608
     126     888                                                00010000D    609
     126       0              14       0                               0D    610
     126     902                                                00010000D    611
     126       0               5       0                               0D    612
     126     907                                                00010000D    613
     126       0              14       0                               0D    614
     126     921                                                00010000D    615
     126       0              10       0                               0D    616
     126     931                                                00010000D    617
     126       0               5       0                               0D    618
     126     936                                                00010000D    619
     126       0              11       0                               0D    620
     126     947                                                00010000D    621
     126       0              11       0                               0D    622
     126     958                                                00010000D    623
     126       0               7       0                               0D    624
     126     965                                                00010000D    625
     126       0               7       0                               0D    626
     126     972                                                00010000D    627
     126       0               5       0                               0D    628
     126     977                                                00010000D    629
     126       0               8       0                               0D    630
     126     985                                                00010000D    631
     126       0               8       0                               0D    632
     126     993                                                00010000D    633
     126       0               3       0                               0D    634
     126     996                                                00010000D    635
     126       0               7       0                               0D    636
     126    1003                                                00010000D    637
     126       0               5       0                               0D    638
     126    1008                                                00010000D    639
     126       0              14       0                               0D    640
     126    1022                                                00010000D    641
     126       0              14       0                               0D    642
     126    1036                                                00010000D    643
     126       0               8       0                               0D    644
     126    1044                                                00010000D    645
     126       0               5       0                               0D    646
     126    1049                                                00010000D    647
     126       0               8       0                               0D    648
     126    1057                                                00010000D    649
     126       0               3       0                               0D    650
     126    1060                                                00010000D    651
     126       0               8       0                               0D    652
     126    1068                                                00010000D    653
     126       0               5       0                               0D    654
     126    1073                                                00010000D    655
     126       0              14       0                               0D    656
     126    1087                                                00010000D    657
     126       0               5       0                               0D    658
     126    1092                                                00010000D    659
     126       0              14       0                               0D    660
     126    1106                                                00010000D    661
     126       0              10       0                               0D    662
     126    1116                                                00010000D    663
     126       0               5       0                               0D    664
     126    1121                                                00010000D    665
     126       0              10       0                               0D    666
     126    1131                                                00010000D    667
     126       0              10       0                               0D    668
     126    1141                                                00010000D    669
     126       0               7       0                               0D    670
     126    1148                                                00010000D    671
     126       0               5       0                               0D    672
     126    1153                                                00010000D    673
     126       0               8       0                               0D    674
     126    1161                                                00010000D    675
     126       0               8       0                               0D    676
     126    1169                                                00010000D    677
     126       0               3       0                               0D    678
     126    1172                                                00010000D    679
     126       0               7       0                               0D    680
     126    1179                                                00010000D    681
     126       0               5       0                               0D    682
     126    1184                                                00010000D    683
     126       0              14       0                               0D    684
     126    1198                                                00010000D    685
     126       0              14       0                               0D    686
     126    1212                                                00010000D    687
     126       0               8       0                               0D    688
     126    1220                                                00010000D    689
     126       0               5       0                               0D    690
     126    1225                                                00010000D    691
     126       0               8       0                               0D    692
     126    1233                                                00010000D    693
     126       0               3       0                               0D    694
     126    1236                                                00010000D    695
     126       0               7       0                               0D    696
     126    1243                                                00010000D    697
     126       0               5       0                               0D    698
     126    1248                                                00010000D    699
     126       0               8       0                               0D    700
     126    1256                                                00010000D    701
     126       0               5       0                               0D    702
     126    1261                                                00010000D    703
     126       0               8       0                               0D    704
     126    1269                                                00010000D    705
     126       0               3       0                               0D    706
     126    1272                                                00010000D    707
     126       0               8       0                               0D    708
     126    1280                                                00010000D    709
     126       0               5       0                               0D    710
     126    1285                                                00010000D    711
     126       0              10       0                               0D    712
     126    1295                                                00010000D    713
     126       0               7       0                               0D    714
     126    1302                                                00010000D    715
     126       0              14       0                               0D    716
     126    1316                                                00010000D    717
     126       0              14       0                               0D    718
     126    1330                                                00010000D    719
     126       0               5       0                               0D    720
     126    1335                                                00010000D    721
     126       0              10       0                               0D    722
     126    1345                                                00010000D    723
     126       0              10       0                               0D    724
     126    1355                                                00010000D    725
     126       0               5       0                               0D    726
     126    1360                                                00010000D    727
     126       0              14       0                               0D    728
     126    1374                                                00010000D    729
     126       0              14       0                               0D    730
     126    1388                                                00010000D    731
     126       0              10       0                               0D    732
     126    1398                                                00010000D    733
     126       0               5       0                               0D    734
     126    1403                                                00010000D    735
     126       0               7       0                               0D    736
     126    1410                                                00010000D    737
     126       0               5       0                               0D    738
     126    1415                                                00010000D    739
     126       0               8       0                               0D    740
     126    1423                                                00010000D    741
     126       0               8       0                               0D    742
     126    1431                                                00010000D    743
     126       0               3       0                               0D    744
     126    1434                                                00010000D    745
     126       0               7       0                               0D    746
     126    1441                                                00010000D    747
     126       0               5       0                               0D    748
     126    1446                                                00010000D    749
     126       0              14       0                               0D    750
     126    1460                                                00010000D    751
     126       0              14       0                               0D    752
     126    1474                                                00010000D    753
     126       0               5       0                               0D    754
     126    1479                                                00010000D    755
     126       0              10       0                               0D    756
     126    1489                                                00010000D    757
     126       0               9       0                               0D    758
     126    1498                                                00010000D    759
     126       0               5       0                               0D    760
     126    1503                                                00010000D    761
     126       0              14       0                               0D    762
     126    1517                                                00010000D    763
     126       0              13       0                               0D    764
     126    1530                                                00010000D    765
     126       0               5       0                               0D    766
     126    1535                                                00010000D    767
     126       0               8       0                               0D    768
     126    1543                                                00010000D    769
     126       0               8       0                               0D    770
     126    1551                                                00010000D    771
     126       0               3       0                               0D    772
     126    1554                                                00010000D    773
     126       0               8       0                               0D    774
     126    1562                                                00010000D    775
     126       0               6       0                               0D    776
     126    1568                                                00010000D    777
     126       0               5       0                               0D    778
     126    1573                                                00010000D    779
     126       0               5       0                               0D    780
     126    1578                                                00010000D    781
     126       0               5       0                               0D    782
     126    1583                                                00010000D    783
     126       0              15       0                               0D    784
     126    1598                                                00010000D    785
     126       0              16       0                               0D    786
     126    1614                                                00010000D    787
     126       0               6       0                               0D    788
     126    1620                                                00010000D    789
     126       0               5       0                               0D    790
     126    1625                                                00010000D    791
     126       0               5       0                               0D    792
     126    1630                                                00010000D    793
     126       0               5       0                               0D    794
     126    1635                                                00010000D    795
     126       0              16       0                               0D    796
     126    1651                                                00010000D    797
     126       0              14       0                               0D    798
     126    1665                                                00010000D    799
     126       0               6       0                               0D    800
     126    1671                                                00010000D    801
     126       0               5       0                               0D    802
     126    1676                                                00010000D    803
     126       0               5       0                               0D    804
     126    1681                                                00010000D    805
     126       0               5       0                               0D    806
     126    1686                                                00010000D    807
     126       0              16       0                               0D    808
     126    1702                                                00010000D    809
     126       0              16       0                               0D    810
     126    1718                                                00010000D    811
     126       0              16       0                               0D    812
     126    1734                                                00010000D    813
     126       0               5       0                               0D    814
     126    1739                                                00010000D    815
     126       0              14       0                               0D    816
     126    1753                                                00010000D    817
     126       0               5       0                               0D    818
     126    1758                                                00010000D    819
     126       0               7       0                               0D    820
     126    1765                                                00010000D    821
     126       0               7       0                               0D    822
     126    1772                                                00010000D    823
     126       0               7       0                               0D    824
     126    1779                                                00010000D    825
     126       0               7       0                               0D    826
     126    1786                                                00010000D    827
     126       0               7       0                               0D    828
     126    1793                                                00010000D    829
     126       0               7       0                               0D    830
     126    1800                                                00010000D    831
     126       0               7       0                               0D    832
     126    1807                                                00010000D    833
     126       0               7       0                               0D    834
     126    1814                                                00010000D    835
     126       0              10       0                               0D    836
     126    1824                                                00010000D    837
     126       0               6       0                               0D    838
     126    1830                                                00010000D    839
     126       0               7       0                               0D    840
     126    1837                                                00010000D    841
     126       0               7       0                               0D    842
     126    1844                                                00010000D    843
     126       0               8       0                               0D    844
     126    1852                                                00010000D    845
     126       0               7       0                               0D    846
     126    1859                                                00010000D    847
     126       0               8       0                               0D    848
     126    1867                                                00010000D    849
     126       0               7       0                               0D    850
     126    1874                                                00010000D    851
     126       0               7       0                               0D    852
     126    1881                                                00010000D    853
     126       0               8       0                               0D    854
     126    1889                                                00010000D    855
     126       0              14       0                               0D    856
     126    1903                                                00010000D    857
     126       0              10       0                               0D    858
     126    1913                                                00010000D    859
     126       0              14       0                               0D    860
     126    1927                                                00010000D    861
     126       0               7       0                               0D    862
     126    1934                                                00010000D    863
     126       0               7       0                               0D    864
     126    1941                                                00010000D    865
     126       0               8       0                               0D    866
     126    1949                                                00010000D    867
     126       0              15       0                               0D    868
     126    1964                                                00010000D    869
     126       0               6       0                               0D    870
     126    1970                                                00010000D    871
     126       0               7       0                               0D    872
     126    1977                                                00010000D    873
     126       0               7       0                               0D    874
     126    1984                                                00010000D    875
     126       0               7       0                               0D    876
     126    1991                                                00010000D    877
     126       0               7       0                               0D    878
     126    1998                                                00010000D    879
     126       0               6       0                               0D    880
     126    2004                                                00010000D    881
     126       0               3       0                               0D    882
     126    2007                                                00010000D    883
     126       0               3       0                               0D    884
     126    2010                                                00010000D    885
     126       0              10       0                               0D    886
     126    2020                                                00010000D    887
     126       0               5       0                               0D    888
     126    2025                                                00010000D    889
     126       0               5       0                               0D    890
     126    2030                                                00010000D    891
     126       0              14       0                               0D    892
     126    2044                                                00010000D    893
     126       0               5       0                               0D    894
     126    2049                                                00010000D    895
     126       0               8       0                               0D    896
     126    2057                                                00010000D    897
     126       0               5       0                               0D    898
     126    2062                                                00010000D    899
     126       0               9       0                               0D    900
     126    2071                                                00010000D    901
     126       0               5       0                               0D    902
     126    2076                                                00010000D    903
     126       0               8       0                               0D    904
     126    2084                                                00010000D    905
     126       0               5       0                               0D    906
     126    2089                                                00010000D    907
     126       0              14       0                               0D    908
     126    2103                                                00010000D    909
     126       0               9       0                               0D    910
     126    2112                                                00010000D    911
     126       0               5       0                               0D    912
     126    2117                                                00010000D    913
     126       0               7       0                               0D    914
     126    2124                                                00010000D    915
     126       0               6       0                               0D    916
     126    2130                                                00010000D    917
     126       0              10       0                               0D    918
     126    2140                                                00010000D    919
     126       0              10       0                               0D    920
     126    2150                                                00010000D    921
     126       0               7       0                               0D    922
     126    2157                                                00010000D    923
     126       0               6       0                               0D    924
     126    2163                                                00010000D    925
     126       0              13       0                               0D    926
     126    2176                                                00010000D    927
     126       0               9       0                               0D    928
     126    2185                                                00010000D    929
     126       0              10       0                               0D    930
     126    2195                                                00010000D    931
     126       0               5       0                               0D    932
     126    2200                                                00010000D    933
     126       0               6       0                               0D    934
     126    2206                                                00010000D    935
     126       0              13       0                               0D    936
     126    2219                                                00010000D    937
     126       0               7       0                               0D    938
     126    2226                                                00010000D    939
     126       0               6       0                               0D    940
     126    2232                                                00010000D    941
     126       0              10       0                               0D    942
     126    2242                                                00010000D    943
     126       0               7       0                               0D    944
     126    2249                                                00010000D    945
     126       0               9       0                               0D    946
     126    2258                                                00010000D    947
     126       0              10       0                               0D    948
     126    2268                                                00010000D    949
     126       0               3       0                               0D    950
     126    2271                                                00010000D    951
     126       0              15       0                               0D    952
     126    2286                                                00010000D    953
     126       0               8       0                               0D    954
     126    2294                                                00010000D    955
     126       0              10       0                               0D    956
     126    2304                                                00010000D    957
     126       0               9       0                               0D    958
     126    2313                                                00010000D    959
     126       0               5       0                               0D    960
     126    2318                                                00010000D    961
     126       0               7       0                               0D    962
     126    2325                                                00010000D    963
     126       0               6       0                               0D    964
     126    2331                                                00010000D    965
     126       0              10       0                               0D    966
     126    2341                                                00010000D    967
     126       0               6       0                               0D    968
     126    2347                                                00010000D    969
     126       0              10       0                               0D    970
     126    2357                                                00010000D    971
     126       0               7       0                               0D    972
     126    2364                                                00010000D    973
     126       0              10       0                               0D    974
     126    2374                                                00010000D    975
     126       0               9       0                               0D    976
     126    2383                                                00010000D    977
     126       0              10       0                               0D    978
     126    2393                                                00010000D    979
     126       0               5       0                               0D    980
     126    2398                                                00010000D    981
     126       0               5       0                               0D    982
     126    2403                                                00010000D    983
     126       0               7       0                               0D    984
     126    2410                                                00010000D    985
     126       0               6       0                               0D    986
     126    2416                                                00010000D    987
     126       0              10       0                               0D    988
     126    2426                                                00010000D    989
     126       0               6       0                               0D    990
     126    2432                                                00010000D    991
     126       0              10       0                               0D    992
     126    2442                                                00010000D    993
     126       0               7       0                               0D    994
     126    2449                                                00010000D    995
     126       0               7       0                               0D    996
     126    2456                                                00010000D    997
     126       0               9       0                               0D    998
     126    2465                                                00010000D    999
     126       0              10       0                               0D   1000
     126    2475                                                00010000D   1001
     126       0               5       0                               0D   1002
     126    2480                                                00010000D   1003
     126       0               6       0                               0D   1004
     126    2486                                                00010000D   1005
     126       0              10       0                               0D   1006
     126    2496                                                00010000D   1007
     126       0               5       0                               0D   1008
     126    2501                                                00010000D   1009
     126       0               7       0                               0D   1010
     126    2508                                                00010000D   1011
     126       0               6       0                               0D   1012
     126    2514                                                00010000D   1013
     126       0              10       0                               0D   1014
     126    2524                                                00010000D   1015
     126       0               7       0                               0D   1016
     126    2531                                                00010000D   1017
     126       0               7       0                               0D   1018
     126    2538                                                00010000D   1019
     126       0               5       0                               0D   1020
     126    2543                                                00010000D   1021
     126       0               7       0                               0D   1022
     126    2550                                                00010000D   1023
     126       0               6       0                               0D   1024
     126    2556                                                00010000D   1025
     126       0              10       0                               0D   1026
     126    2566                                                00010000D   1027
     126       0              10       0                               0D   1028
     126    2576                                                00010000D   1029
     126       0               6       0                               0D   1030
     126    2582                                                00010000D   1031
     126       0              10       0                               0D   1032
     126    2592                                                00010000D   1033
     126       0               7       0                               0D   1034
     126    2599                                                00010000D   1035
     126       0               6       0                               0D   1036
     126    2605                                                00010000D   1037
     126       0              10       0                               0D   1038
     126    2615                                                00010000D   1039
     126       0               5       0                               0D   1040
     126    2620                                                00010000D   1041
     126       0               7       0                               0D   1042
     126    2627                                                00010000D   1043
     126       0               6       0                               0D   1044
     126    2633                                                00010000D   1045
     126       0              13       0                               0D   1046
     126    2646                                                00010000D   1047
     126       0               6       0                               0D   1048
     126    2652                                                00010000D   1049
     126       0               6       0                               0D   1050
     126    2658                                                00010000D   1051
     126       0              13       0                               0D   1052
     126    2671                                                00010000D   1053
     126       0               7       0                               0D   1054
     126    2678                                                00010000D   1055
     126       0               6       0                               0D   1056
     126    2684                                                00010000D   1057
     126       0              10       0                               0D   1058
     126    2694                                                00010000D   1059
     126       0               7       0                               0D   1060
     126    2701                                                00010000D   1061
     126       0               6       0                               0D   1062
     126    2707                                                00010000D   1063
     126       0              10       0                               0D   1064
     126    2717                                                00010000D   1065
     126       0               5       0                               0D   1066
     126    2722                                                00010000D   1067
     126       0               7       0                               0D   1068
     126    2729                                                00010000D   1069
     126       0               7       0                               0D   1070
     126    2736                                                00010000D   1071
     126       0               6       0                               0D   1072
     126    2742                                                00010000D   1073
     126       0              13       0                               0D   1074
     126    2755                                                00010000D   1075
     126       0               6       0                               0D   1076
     126    2761                                                00010000D   1077
     126       0              13       0                               0D   1078
     126    2774                                                00010000D   1079
     126       0               6       0                               0D   1080
     126    2780                                                00010000D   1081
     126       0              10       0                               0D   1082
     126    2790                                                00010000D   1083
     126       0               7       0                               0D   1084
     126    2797                                                00010000D   1085
     126       0               5       0                               0D   1086
     126    2802                                                00010000D   1087
     126       0               6       0                               0D   1088
     126    2808                                                00010000D   1089
     126       0              10       0                               0D   1090
     126    2818                                                00010000D   1091
     126       0               5       0                               0D   1092
     126    2823                                                00010000D   1093
     126       0               7       0                               0D   1094
     126    2830                                                00010000D   1095
     126       0              10       0                               0D   1096
     126    2840                                                00010000D   1097
     126       0               6       0                               0D   1098
     126    2846                                                00010000D   1099
     126       0              10       0                               0D   1100
     126    2856                                                00010000D   1101
     126       0               7       0                               0D   1102
     126    2863                                                00010000D   1103
     126       0               5       0                               0D   1104
     126    2868                                                00010000D   1105
     126       0               7       0                               0D   1106
     126    2875                                                00010000D   1107
     126       0               6       0                               0D   1108
     126    2881                                                00010000D   1109
     126       0              10       0                               0D   1110
     126    2891                                                00010000D   1111
     126       0               6       0                               0D   1112
     126    2897                                                00010000D   1113
     126       0              10       0                               0D   1114
     126    2907                                                00010000D   1115
     126       0               7       0                               0D   1116
     126    2914                                                00010000D   1117
     126       0               7       0                               0D   1118
     126    2921                                                00010000D   1119
     126       0               9       0                               0D   1120
     126    2930                                                00010000D   1121
     126       0              10       0                               0D   1122
     126    2940                                                00010000D   1123
     126       0               5       0                               0D   1124
     126    2945                                                00010000D   1125
     126       0               6       0                               0D   1126
     126    2951                                                00010000D   1127
     126       0              10       0                               0D   1128
     126    2961                                                00010000D   1129
     126       0               5       0                               0D   1130
     126    2966                                                00010000D   1131
     126       0               7       0                               0D   1132
     126    2973                                                00010000D   1133
     126       0               6       0                               0D   1134
     126    2979                                                00010000D   1135
     126       0              10       0                               0D   1136
     126    2989                                                00010000D   1137
     126       0               7       0                               0D   1138
     126    2996                                                00010000D   1139
     126       0               7       0                               0D   1140
     126    3003                                                00010000D   1141
     126       0               5       0                               0D   1142
     126    3008                                                00010000D   1143
     126       0               9       0                               0D   1144
     126    3017                                                00010000D   1145
     126       0              10       0                               0D   1146
     126    3027                                                00010000D   1147
     126       0               6       0                               0D   1148
     126    3033                                                00010000D   1149
     126       0              10       0                               0D   1150
     126    3043                                                00010000D   1151
     126       0               5       0                               0D   1152
     126    3048                                                00010000D   1153
     126       0               7       0                               0D   1154
     126    3055                                                00010000D   1155
     126       0               6       0                               0D   1156
     126    3061                                                00010000D   1157
     126       0              10       0                               0D   1158
     126    3071                                                00010000D   1159
     126       0               7       0                               0D   1160
     126    3078                                                00010000D   1161
     126       0              10       0                               0D   1162
     126    3088                                                00010000D   1163
     126       0               5       0                               0D   1164
     128    3093                                                00010000D   1165
     128       0   -1383      12       0                               0D   1166
     128    3105                                                00010000D   1167
     128       0   -1383      28       0                               0D   1168
     128    3133                                                00010000D   1169
     128       0   -1383      11       0                               0D   1170
     128    3144                                                00010000D   1171
     128       0   -1383      28       0                               0D   1172
     128    3172                                                00010000D   1173
     128       0   -1383      12       0                               0D   1174
     128    3184                                                00010000D   1175
     128       0   -1383      28       0                               0D   1176
     128    3212                                                00010000D   1177
     128       0   -1383      12       0                               0D   1178
     128    3224                                                00010000D   1179
     128       0   -1383       9       0                               0D   1180
     128    3233                                                00010000D   1181
     128       0   -1383       9       0                               0D   1182
     128    3242                                                00010000D   1183
     128       0   -1383      11       0                               0D   1184
     128    3253                                                00010000D   1185
     128       0   -1383       9       0                               0D   1186
     128    3262                                                00010000D   1187
     128       0   -1383       9       0                               0D   1188
     128    3271                                                00010000D   1189
     128       0   -1383      11       0                               0D   1190
     128    3282                                                00010000D   1191
     128       0   -1383       9       0                               0D   1192
     128    3291                                                00010000D   1193
     128       0   -1383       9       0                               0D   1194
     128    3300                                                00010000D   1195
     128       0   -1383      12       0                               0D   1196
     128    3312                                                00010000D   1197
     128       0   -1383       9       0                               0D   1198
     128    3321                                                00010000D   1199
     128       0   -1383       9       0                               0D   1200
     128    3330                                                00010000D   1201
     128       0   -1383       9       0                               0D   1202
     128    3339                                                00010000D   1203
     128       0   -1383       9       0                               0D   1204
     128    3348                                                00010000D   1205
     128       0   -1383      12       0                               0D   1206
     128    3360                                                00010000D   1207
     128       0   -1383      12       0                               0D   1208
     128    3372                                                00010000D   1209
     128       0   -1383       9       0                               0D   1210
     128    3381                                                00010000D   1211
     128       0   -1383       9       0                               0D   1212
     128    3390                                                00010000D   1213
     128       0   -1383       9       0                               0D   1214
     128    3399                                                00010000D   1215
     128       0   -1383       9       0                               0D   1216
     128    3408                                                00010000D   1217
     128       0   -1383      11       0                               0D   1218
     128    3419                                                00010000D   1219
     128       0   -1383      12       0                               0D   1220
     128    3431                                                00010000D   1221
     128       0   -1383       8       0                               0D   1222
     128    3439                                                00010000D   1223
     128       0   -1383       9       0                               0D   1224
     128    3448                                                00010000D   1225
     128       0   -1383       9       0                               0D   1226
     128    3457                                                00010000D   1227
     128       0   -1383       9       0                               0D   1228
     128    3466                                                00010000D   1229
     128       0   -1383      12       0                               0D   1230
     128    3478                                                00010000D   1231
     128       0   -1383       9       0                               0D   1232
     128    3487                                                00010000D   1233
     128       0   -1383      11       0                               0D   1234
     128    3498                                                00010000D   1235
     128       0   -1383       9       0                               0D   1236
     128    3507                                                00010000D   1237
     128       0   -1383      12       0                               0D   1238
     128    3519                                                00010000D   1239
     128       0   -1383       9       0                               0D   1240
     128    3528                                                00010000D   1241
     128       0   -1383       9       0                               0D   1242
     128    3537                                                00010000D   1243
     128       0   -1383      12       0                               0D   1244
     128    3549                                                00010000D   1245
     128       0   -1383       8       0                               0D   1246
     128    3557                                                00010000D   1247
     128       0   -1383       9       0                               0D   1248
     128    3566                                                00010000D   1249
     128       0   -1383      12       0                               0D   1250
     128    3578                                                00010000D   1251
     128       0   -1383      27       0                               0D   1252
     128    3605                                                00010000D   1253
     128       0   -1383      12       0                               0D   1254
     128    3617                                                00010000D   1255
     128       0   -1383      28       0                               0D   1256
     128    3645                                                00010000D   1257
     128       0   -1383      11       0                               0D   1258
     128    3656                                                00010000D   1259
     128       0   -1383      28       0                               0D   1260
     128    3684                                                00010000D   1261
     128       0   -1383      28       0                               0D   1262
     128    3712                                                00010000D   1263
     128       0   -1383      12       0                               0D   1264
     128    3724                                                00010000D   1265
     128       0   -1383      40       0                               0D   1266
     128    3764                                                00010000D   1267
     128       0   -1383      60       0                               0D   1268
     128    3824                                                00010000D   1269
     128       0   -1383      12       0                               0D   1270
     128    3836                                                00010000D   1271
     128       0   -1383      12       0                               0D   1272
     128    3848                                                00010000D   1273
     128       0   -1383      12       0                               0D   1274
     128    3860                                                00010000D   1275
     128       0   -1383      12       0                               0D   1276
     128    3872                                                00010000D   1277
     128       0   -1383      12       0                               0D   1278
     128    3884                                                00010000D   1279
     128       0   -1383      12       0                               0D   1280
     128    3896                                                00010000D   1281
     128       0   -1383      12       0                               0D   1282
     128    3908                                                00010000D   1283
     128       0   -1383      12       0                               0D   1284
     128    3920                                                00010000D   1285
     128       0   -1383       8       0                               0D   1286
     128    3928                                                00010000D   1287
     128       0   -1383       9       0                               0D   1288
     128    3937                                                00010000D   1289
     128       0   -1383      12       0                               0D   1290
     128    3949                                                00010000D   1291
     128       0   -1383       9       0                               0D   1292
     128    3958                                                00010000D   1293
     128       0   -1383       9       0                               0D   1294
     128    3967                                                00010000D   1295
     128       0   -1383      27       0                               0D   1296
     128    3994                                                00010000D   1297
     128       0   -1383      40       0                               0D   1298
     128    4034                                                00010000D   1299
     128       0   -1383       9       0                               0D   1300
     128    4043                                                00010000D   1301
     128       0   -1383      27       0                               0D   1302
     128    4070                                                00010000D   1303
     128       0   -1383       7       0                               0D   1304
     128    4077                                                00010000D   1305
     128       0   -1383      40       0                               0D   1306
     128    4117                                                00010000D   1307
     128       0   -1383      26       0                               0D   1308
     128    4143                                                00010000D   1309
     128       0   -1383       9       0                               0D   1310
     128    4152                                                00010000D   1311
     128       0   -1383      59       0                               0D   1312
     128    4211                                                00010000D   1313
     128       0   -1383      27       0                               0D   1314
     128    4238                                                00010000D   1315
     128       0   -1383      63       0                               0D   1316
     128    4301                                                00010000D   1317
     128       0   -1383      27       0                               0D   1318
     128    4328                                                00010000D   1319
     128       0   -1383      27       0                               0D   1320
     128    4355                                                00010000D   1321
     128       0   -1383      40       0                               0D   1322
     128    4395                                                00010000D   1323
     128       0   -1383      27       0                               0D   1324
     128    4422                                                00010000D   1325
     128       0   -1383      27       0                               0D   1326
     128    4449                                                00010000D   1327
     128       0   -1383      40       0                               0D   1328
     128    4489                                                00010000D   1329
     128       0   -1383      27       0                               0D   1330
     128    4516                                                00010000D   1331
     128       0   -1383      63       0                               0D   1332
     128    4579                                                00010000D   1333
     128       0   -1383      27       0                               0D   1334
     128    4606                                                00010000D   1335
     128       0   -1383      39       0                               0D   1336
     128    4645                                                00010000D   1337
     128       0   -1383       8       0                               0D   1338
     128    4653                                                00010000D   1339
     128       0   -1383      40       0                               0D   1340
     128    4693                                                00010000D   1341
     128       0   -1383      27       0                               0D   1342
     128    4720                                                00010000D   1343
     128       0   -1383      40       0                               0D   1344
     128    4760                                                00010000D   1345
     128       0   -1383       9       0                               0D   1346
     128    4769                                                00010000D   1347
     128       0   -1383      39       0                               0D   1348
     128    4808                                                00010000D   1349
     128       0   -1383      27       0                               0D   1350
     128    4835                                                00010000D   1351
     128       0   -1383      63       0                               0D   1352
     128    4898                                                00010000D   1353
     128       0   -1383      27       0                               0D   1354
     128    4925                                                00010000D   1355
     128       0   -1383      40       0                               0D   1356
     128    4965                                                00010000D   1357
     128       0   -1383      27       0                               0D   1358
     128    4992                                                00010000D   1359
     128       0   -1383      27       0                               0D   1360
     128    5019                                                00010000D   1361
     128       0   -1383      40       0                               0D   1362
     128    5059                                                00010000D   1363
     128       0   -1383      27       0                               0D   1364
     128    5086                                                00010000D   1365
     128       0   -1383      27       0                               0D   1366
     128    5113                                                00010000D   1367
     128       0   -1383      63       0                               0D   1368
     128    5176                                                00010000D   1369
     128       0   -1383      27       0                               0D   1370
     128    5203                                                00010000D   1371
     128       0   -1383       8       0                               0D   1372
     502    5211                                                00010000D   1373
     502                     242       1                               0D   1374
     504    5453                                                00010001D   1375
     504                     121       1                               0D   1376
     406    5574                                                00000000D   1377
     406                       1      15                               0D   1378
     406    5575                       0                        00000000D   1379
     406           -1381       1       3                               0D   1380
     314    5576                                                00000200D   1381
     314                       1       0                               0D   1382
     314    5577                                                00000200D   1383
     314                       1       0                               0D   1384
186,3,1,0,0,1,1377;                                                    1P      1
514,104,5,1,7,1,9,1,11,1,13,1,15,1,17,1,19,1,21,1,23,1,25,1,27,        3P      2
1,29,1,31,1,33,1,35,1,37,1,39,1,41,1,43,1,45,1,47,1,49,1,51,1,         3P      3
53,1,55,1,57,1,59,1,61,1,63,1,65,1,67,1,69,1,71,1,73,1,75,1,77,        3P      4
1,79,1,81,1,83,1,85,1,87,1,89,1,91,1,93,1,95,1,97,1,99,1,101,1,        3P      5
103,1,105,1,107,1,109,1,111,1,113,1,115,1,117,1,119,1,121,1,123,       3P      6
1,125,1,127,1,129,1,131,1,133,1,135,1,137,1,139,1,141,1,143,1,         3P      7
145,1,147,1,149,1,151,1,153,1,155,1,157,1,159,1,161,1,163,1,165,       3P      8
1,167,1,169,1,171,1,173,1,175,1,177,1,179,1,181,1,183,1,185,1,         3P      9
187,1,189,1,191,1,193,1,195,1,197,1,199,1,201,1,203,1,205,1,207,       3P     10
1,209,1,211,1;                                                         3P     11
510,1165,1,1,213;                                                      5P     12
510,1167,1,1,215;                                                      7P     13
510,1169,1,1,217;                                                      9P     14
510,1171,1,1,219;                                                     11P     15
510,1173,1,1,221;                                                     13P     16
510,1175,1,1,223;                                                     15P     17
510,1177,1,1,225;                                                     17P     18
510,1179,1,1,227;                                                     19P     19
510,1181,1,1,229;                                                     21P     20
510,1183,1,1,231;                                                     23P     21
510,1185,1,1,233;                                                     25P     22
510,1187,1,1,235;                                                     27P     23
510,1189,1,1,237;                                                     29P     24
510,1191,1,1,239;                                                     31P     25
510,1193,1,1,241;                                                     33P     26
510,1195,1,1,243;                                                     35P     27
510,1197,1,1,245;                                                     37P     28
510,1199,1,1,247;                                                     39P     29
510,1201,1,1,249;                                                     41P     30
510,1203,1,1,251;                                                     43P     31
510,1205,1,1,253;                                                     45P     32
510,1207,1,1,255;                                                     47P     33
510,1209,1,1,257;                                                     49P     34
510,1211,1,1,259;                                                     51P     35
510,1213,1,1,261;                                                     53P     36
510,1215,1,1,263;                                                     55P     37
510,1217,1,1,265;                                                     57P     38
510,1219,1,1,267;                                                     59P     39
510,1221,1,1,269;                                                     61P     40
510,1223,1,1,271;                                                     63P     41
510,1225,1,1,273;                                                     65P     42
510,1227,1,1,275;                                                     67P     43
510,1229,1,1,277;                                                     69P     44
510,1231,1,1,279;                                                     71P     45
510,1233,1,1,281;                                                     73P     46
510,1235,1,1,283;                                                     75P     47
510,1237,1,1,285;                                                     77P     48
510,1239,1,1,287;                                                     79P     49
510,1241,1,1,289;                                                     81P     50
510,1243,1,1,291;                                                     83P     51
510,1245,1,1,293;                                                     85P     52
510,1247,1,1,295;                                                     87P     53
510,1249,1,1,297;                                                     89P     54
510,1251,1,1,299;                                                     91P     55
510,1253,1,1,301;                                                     93P     56
510,1255,1,1,303;                                                     95P     57
510,1257,1,1,305;                                                     97P     58
510,1259,1,1,307;                                                     99P     59
510,1261,1,1,309;                                                    101P     60
510,1263,1,1,311;                                                    103P     61
510,1265,1,1,313;                                                    105P     62
510,1267,1,1,315;                                                    107P     63
510,1269,1,1,317;                                                    109P     64
510,1271,1,1,319;                                                    111P     65
510,1273,1,1,321;                                                    113P     66
510,1275,1,1,323;                                                    115P     67
510,1277,1,1,325;                                                    117P     68
510,1279,1,1,327;                                                    119P     69
510,1281,1,1,329;                                                    121P     70
510,1283,1,1,331;                                                    123P     71
510,1285,1,1,333;                                                    125P     72
510,1287,1,1,335;                                                    127P     73
510,1289,1,1,337;                                                    129P     74
510,1291,1,1,339;                                                    131P     75
510,1293,1,1,341;                                                    133P     76
510,1295,1,1,343;                                                    135P     77
510,1297,1,1,345;                                                    137P     78
510,1299,2,1,347,349;                                                139P     79
510,1301,1,1,351;                                                    141P     80
510,1303,1,1,353;                                                    143P     81
510,1305,1,1,355;                                                    145P     82
510,1307,1,1,357;                                                    147P     83
510,1309,9,1,359,361,363,365,367,369,371,373,375;                    149P     84
510,1311,8,1,377,379,381,383,385,387,389,391;                        151P     85
510,1313,1,1,393;                                                    153P     86
510,1315,1,1,395;                                                    155P     87
510,1317,1,1,397;                                                    157P     88
510,1319,1,1,399;                                                    159P     89
510,1321,1,1,401;                                                    161P     90
510,1323,1,1,403;                                                    163P     91
510,1325,1,1,405;                                                    165P     92
510,1327,1,1,407;                                                    167P     93
510,1329,1,1,409;                                                    169P     94
510,1331,1,1,411;                                                    171P     95
510,1333,1,1,413;                                                    173P     96
510,1335,1,1,415;                                                    175P     97
510,1337,2,1,417,419;                                                177P     98
510,1339,1,1,421;                                                    179P     99
510,1341,1,1,423;                                                    181P    100
510,1343,1,1,425;                                                    183P    101
510,1345,2,1,427,429;                                                185P    102
510,1347,1,1,431;                                                    187P    103
510,1349,1,1,433;                                                    189P    104
510,1351,1,1,435;                                                    191P    105
510,1353,1,1,437;                                                    193P    106
510,1355,1,1,439;                                                    195P    107
510,1357,1,1,441;                                                    197P    108
510,1359,1,1,443;                                                    199P    109
510,1361,1,1,445;                                                    201P    110
510,1363,1,1,447;                                                    203P    111
510,1365,1,1,449;                                                    205P    112
510,1367,1,1,451;                                                    207P    113
510,1369,1,1,453;                                                    209P    114
510,1371,9,1,455,457,459,461,463,465,467,469,471;                    211P    115
508,4,0,1375,1,0,0,0,1375,2,0,0,0,1375,3,0,0,0,1375,4,1,0;           213P    116
508,4,0,1375,5,0,0,0,1375,4,0,0,0,1375,6,0,0,0,1375,2,1,0;           215P    117
508,4,0,1375,7,0,0,0,1375,8,0,0,0,1375,9,0,0,0,1375,10,1,0;          217P    118
508,4,0,1375,11,0,0,0,1375,10,0,0,0,1375,12,0,0,0,1375,8,1,0;        219P    119
508,4,0,1375,13,0,0,0,1375,14,0,0,0,1375,15,0,0,0,1375,16,1,0;       221P    120
508,4,0,1375,17,0,0,0,1375,16,0,0,0,1375,18,0,0,0,1375,14,1,0;       223P    121
508,4,0,1375,19,0,0,0,1375,20,0,0,0,1375,21,0,0,0,1375,22,1,0;       225P    122
508,6,0,1375,23,0,0,0,1375,22,0,0,0,1375,24,0,0,0,1375,25,0,0,0,     227P    123
1375,26,0,0,0,1375,27,1,0;                                           227P    124
508,4,0,1375,28,0,0,0,1375,27,0,0,0,1375,29,0,0,0,1375,30,1,0;       229P    125
508,4,0,1375,31,0,0,0,1375,30,0,0,0,1375,32,0,0,0,1375,33,1,0;       231P    126
508,4,0,1375,34,0,0,0,1375,33,0,0,0,1375,35,0,0,0,1375,36,1,0;       233P    127
508,6,0,1375,37,0,0,0,1375,36,0,0,0,1375,38,0,0,0,1375,39,0,0,0,     235P    128
1375,40,0,0,0,1375,20,1,0;                                           235P    129
508,4,0,1375,41,0,0,0,1375,42,0,0,0,1375,43,0,0,0,1375,44,1,0;       237P    130
508,6,0,1375,45,0,0,0,1375,44,0,0,0,1375,46,0,0,0,1375,47,0,0,0,     239P    131
1375,48,0,0,0,1375,49,1,0;                                           239P    132
508,4,0,1375,50,0,0,0,1375,49,0,0,0,1375,51,0,0,0,1375,52,1,0;       241P    133
508,4,0,1375,53,0,0,0,1375,52,0,0,0,1375,54,0,0,0,1375,55,1,0;       243P    134
508,4,0,1375,56,0,0,0,1375,55,0,0,0,1375,57,0,0,0,1375,58,1,0;       245P    135
508,6,0,1375,59,0,0,0,1375,58,0,0,0,1375,60,0,0,0,1375,61,0,0,0,     247P    136
1375,62,0,0,0,1375,42,1,0;                                           247P    137
508,6,0,1375,63,0,0,0,1375,64,0,0,0,1375,65,0,0,0,1375,66,0,0,0,     249P    138
1375,67,0,0,0,1375,68,1,0;                                           249P    139
508,4,0,1375,69,0,0,0,1375,70,0,0,0,1375,71,0,0,0,1375,64,1,0;       251P    140
508,4,0,1375,72,0,0,0,1375,73,0,0,0,1375,74,0,0,0,1375,70,1,0;       253P    141
508,5,0,1375,75,0,0,0,1375,68,0,0,0,1375,76,0,0,0,1375,77,0,0,0,     255P    142
1375,78,1,0;                                                         255P    143
508,6,0,1375,79,0,0,0,1375,78,0,0,0,1375,80,0,0,0,1375,81,0,0,0,     257P    144
1375,82,0,0,0,1375,83,1,0;                                           257P    145
508,4,0,1375,84,0,0,0,1375,83,0,0,0,1375,85,0,0,0,1375,73,1,0;       259P    146
508,6,0,1375,86,0,0,0,1375,87,0,0,0,1375,88,0,0,0,1375,89,0,0,0,     261P    147
1375,90,0,0,0,1375,91,1,0;                                           261P    148
508,4,0,1375,92,0,0,0,1375,93,0,0,0,1375,94,0,0,0,1375,87,1,0;       263P    149
508,4,0,1375,95,0,0,0,1375,96,0,0,0,1375,97,0,0,0,1375,93,1,0;       265P    150
508,4,0,1375,98,0,0,0,1375,91,0,0,0,1375,99,0,0,0,1375,100,1,0;      267P    151
508,6,0,1375,101,0,0,0,1375,100,0,0,0,1375,102,0,0,0,1375,103,0,     269P    152
0,0,1375,104,0,0,0,1375,105,1,0;                                     269P    153
508,4,0,1375,106,0,0,0,1375,105,0,0,0,1375,107,0,0,0,1375,96,1,      271P    154
0;                                                                   271P    155
508,6,0,1375,108,0,0,0,1375,109,0,0,0,1375,110,0,0,0,1375,111,0,     273P    156
0,0,1375,112,0,0,0,1375,113,1,0;                                     273P    157
508,6,0,1375,114,0,0,0,1375,115,0,0,0,1375,116,0,0,0,1375,117,0,     275P    158
0,0,1375,118,0,0,0,1375,119,1,0;                                     275P    159
508,4,0,1375,120,0,0,0,1375,119,0,0,0,1375,121,0,0,0,1375,109,1,     277P    160
0;                                                                   277P    161
508,4,0,1375,122,0,0,0,1375,113,0,0,0,1375,123,0,0,0,1375,124,1,     279P    162
0;                                                                   279P    163
508,4,0,1375,125,0,0,0,1375,124,0,0,0,1375,126,0,0,0,1375,127,1,     281P    164
0;                                                                   281P    165
508,4,0,1375,128,0,0,0,1375,127,0,0,0,1375,129,0,0,0,1375,115,1,     283P    166
0;                                                                   283P    167
508,4,0,1375,130,0,0,0,1375,131,0,0,0,1375,132,0,0,0,1375,133,1,     285P    168
0;                                                                   285P    169
508,6,0,1375,134,0,0,0,1375,133,0,0,0,1375,135,0,0,0,1375,136,0,     287P    170
0,0,1375,137,0,0,0,1375,138,1,0;                                     287P    171
508,4,0,1375,139,0,0,0,1375,138,0,0,0,1375,140,0,0,0,1375,141,1,     289P    172
0;                                                                   289P    173
508,4,0,1375,142,0,0,0,1375,141,0,0,0,1375,143,0,0,0,1375,144,1,     291P    174
0;                                                                   291P    175
508,4,0,1375,145,0,0,0,1375,144,0,0,0,1375,146,0,0,0,1375,147,1,     293P    176
0;                                                                   293P    177
508,6,0,1375,148,0,0,0,1375,147,0,0,0,1375,149,0,0,0,1375,150,0,     295P    178
0,0,1375,151,0,0,0,1375,131,1,0;                                     295P    179
508,4,0,1375,152,0,0,0,1375,153,0,0,0,1375,154,0,0,0,1375,155,1,     297P    180
0;                                                                   297P    181
508,4,0,1375,156,0,0,0,1375,155,0,0,0,1375,157,0,0,0,1375,153,1,     299P    182
0;                                                                   299P    183
508,4,0,1375,158,0,0,0,1375,159,0,0,0,1375,160,0,0,0,1375,161,1,     301P    184
0;                                                                   301P    185
508,4,0,1375,162,0,0,0,1375,161,0,0,0,1375,163,0,0,0,1375,159,1,     303P    186
0;                                                                   303P    187
508,4,0,1375,164,0,0,0,1375,165,0,0,0,1375,166,0,0,0,1375,167,1,     305P    188
0;                                                                   305P    189
508,4,0,1375,168,0,0,0,1375,167,0,0,0,1375,169,0,0,0,1375,165,1,     307P    190
0;                                                                   307P    191
508,4,0,1375,170,0,0,0,1375,171,0,0,0,1375,172,0,0,0,1375,173,1,     309P    192
0;                                                                   309P    193
508,4,0,1375,174,0,0,0,1375,173,0,0,0,1375,175,0,0,0,1375,171,1,     311P    194
0;                                                                   311P    195
508,34,0,1375,40,1,0,0,1375,176,0,0,0,1375,135,1,0,0,1375,132,1,     313P    196
0,0,1375,151,1,0,0,1375,177,0,0,0,1375,46,1,0,0,1375,43,1,0,0,       313P    197
1375,62,1,0,0,1375,178,0,0,0,1375,110,1,0,0,1375,121,1,0,0,1375,     313P    198
118,1,0,0,1375,179,0,0,0,1375,80,1,0,0,1375,77,1,0,0,1375,180,1,     313P    199
0,0,1375,181,1,0,0,1375,182,1,0,0,1375,183,1,0,0,1375,180,0,0,0,     313P    200
1375,76,1,0,0,1375,67,1,0,0,1375,184,0,0,0,1375,102,1,0,0,1375,      313P    201
99,1,0,0,1375,90,1,0,0,1375,185,0,0,0,1375,186,1,0,0,1375,187,1,     313P    202
0,0,1375,188,1,0,0,1375,189,0,0,0,1375,24,1,0,0,1375,21,1,0;         313P    203
508,46,0,1375,38,1,0,0,1375,35,1,0,0,1375,32,1,0,0,1375,29,1,0,      315P    204
0,1375,26,1,0,0,1375,190,1,0,0,1375,191,1,0,0,1375,192,1,0,0,        315P    205
1375,193,1,0,0,1375,194,1,0,0,1375,195,1,0,0,1375,196,1,0,0,         315P    206
1375,197,0,0,0,1375,198,0,0,0,1375,197,1,0,0,1375,199,1,0,0,         315P    207
1375,88,1,0,0,1375,94,1,0,0,1375,97,1,0,0,1375,107,1,0,0,1375,       315P    208
104,1,0,0,1375,200,1,0,0,1375,65,1,0,0,1375,71,1,0,0,1375,74,1,      315P    209
0,0,1375,85,1,0,0,1375,82,1,0,0,1375,201,1,0,0,1375,116,1,0,0,       315P    210
1375,129,1,0,0,1375,126,1,0,0,1375,123,1,0,0,1375,112,1,0,0,         315P    211
1375,202,1,0,0,1375,60,1,0,0,1375,57,1,0,0,1375,54,1,0,0,1375,       315P    212
51,1,0,0,1375,48,1,0,0,1375,203,1,0,0,1375,149,1,0,0,1375,146,1,     315P    213
0,0,1375,143,1,0,0,1375,140,1,0,0,1375,137,1,0,0,1375,204,1,0;       315P    214
508,5,0,1375,89,1,0,0,1375,199,0,0,0,1375,196,0,0,0,1375,205,1,      317P    215
0,0,1375,185,1,0;                                                    317P    216
508,4,0,1375,81,1,0,0,1375,179,1,0,0,1375,117,1,0,0,1375,201,0,      319P    217
0;                                                                   319P    218
508,4,0,1375,66,1,0,0,1375,200,0,0,0,1375,103,1,0,0,1375,184,1,      321P    219
0;                                                                   321P    220
508,4,0,1375,47,1,0,0,1375,177,1,0,0,1375,150,1,0,0,1375,203,0,      323P    221
0;                                                                   323P    222
508,4,0,1375,61,1,0,0,1375,202,0,0,0,1375,111,1,0,0,1375,178,1,      325P    223
0;                                                                   325P    224
508,4,0,1375,25,1,0,0,1375,189,1,0,0,1375,206,1,0,0,1375,190,0,      327P    225
0;                                                                   327P    226
508,4,0,1375,39,1,0,0,1375,204,0,0,0,1375,136,1,0,0,1375,176,1,      329P    227
0;                                                                   329P    228
508,4,0,1375,207,0,0,0,1375,208,0,0,0,1375,193,0,0,0,1375,209,1,     331P    229
0;                                                                   331P    230
508,4,0,1375,210,0,0,0,1375,209,0,0,0,1375,192,0,0,0,1375,211,1,     333P    231
0;                                                                   333P    232
508,6,0,1375,212,0,0,0,1375,211,0,0,0,1375,191,0,0,0,1375,206,0,     335P    233
0,0,1375,188,0,0,0,1375,213,1,0;                                     335P    234
508,4,0,1375,214,0,0,0,1375,213,0,0,0,1375,187,0,0,0,1375,215,1,     337P    235
0;                                                                   337P    236
508,6,0,1375,216,0,0,0,1375,215,0,0,0,1375,186,0,0,0,1375,205,0,     339P    237
0,0,1375,195,0,0,0,1375,217,1,0;                                     339P    238
508,4,0,1375,218,0,0,0,1375,217,0,0,0,1375,194,0,0,0,1375,208,1,     341P    239
0;                                                                   341P    240
508,7,0,1375,219,1,0,0,1375,220,1,0,0,1375,221,0,0,0,1375,222,0,     343P    241
0,0,1375,223,0,0,0,1375,220,0,0,0,1375,224,1,0;                      343P    242
508,7,0,1375,222,1,0,0,1375,225,1,0,0,1375,226,0,0,0,1375,227,0,     345P    243
0,0,1375,225,0,0,0,1375,221,1,0,0,1375,223,1,0;                      345P    244
508,2,0,1375,226,1,0,0,1375,227,1,0;                                 347P    245
508,2,0,1375,228,0,0,0,1375,229,0,0;                                 349P    246
508,4,0,1375,228,1,0,0,1375,230,1,0,0,1375,230,0,0,0,1375,229,1,     351P    247
0;                                                                   351P    248
508,2,0,1375,231,0,0,0,1375,232,0,0;                                 353P    249
508,7,0,1375,231,1,0,0,1375,233,1,0,0,1375,234,0,0,0,1375,235,0,     355P    250
0,0,1375,236,0,0,0,1375,233,0,0,0,1375,232,1,0;                      355P    251
508,7,0,1375,237,0,0,0,1375,238,0,0,0,1375,239,1,0,0,1375,235,1,     357P    252
0,0,1375,234,1,0,0,1375,236,1,0,0,1375,239,0,0;                      357P    253
508,1,0,1375,240,0,0;                                                359P    254
508,2,0,1375,5,1,0,0,1375,1,1,0;                                     361P    255
508,2,0,1375,11,1,0,0,1375,7,1,0;                                    363P    256
508,2,0,1375,17,1,0,0,1375,13,1,0;                                   365P    257
508,2,0,1375,156,1,0,0,1375,152,1,0;                                 367P    258
508,2,0,1375,162,1,0,0,1375,158,1,0;                                 369P    259
508,2,0,1375,168,1,0,0,1375,164,1,0;                                 371P    260
508,2,0,1375,174,1,0,0,1375,170,1,0;                                 373P    261
508,2,0,1375,237,1,0,0,1375,238,1,0;                                 375P    262
508,5,0,1375,241,0,0,0,1375,240,1,0,0,1375,241,1,0,0,1375,242,0,     377P    263
0,0,1375,243,0,0;                                                    377P    264
508,6,0,1375,31,1,0,0,1375,34,1,0,0,1375,37,1,0,0,1375,19,1,0,0,     379P    265
1375,23,1,0,0,1375,28,1,0;                                           379P    266
508,6,0,1375,53,1,0,0,1375,56,1,0,0,1375,59,1,0,0,1375,41,1,0,0,     381P    267
1375,45,1,0,0,1375,50,1,0;                                           381P    268
508,6,0,1375,75,1,0,0,1375,79,1,0,0,1375,84,1,0,0,1375,72,1,0,0,     383P    269
1375,69,1,0,0,1375,63,1,0;                                           383P    270
508,6,0,1375,98,1,0,0,1375,101,1,0,0,1375,106,1,0,0,1375,95,1,0,     385P    271
0,1375,92,1,0,0,1375,86,1,0;                                         385P    272
508,6,0,1375,122,1,0,0,1375,125,1,0,0,1375,128,1,0,0,1375,114,1,     387P    273
0,0,1375,120,1,0,0,1375,108,1,0;                                     387P    274
508,6,0,1375,142,1,0,0,1375,145,1,0,0,1375,148,1,0,0,1375,130,1,     389P    275
0,0,1375,134,1,0,0,1375,139,1,0;                                     389P    276
508,6,0,1375,214,1,0,0,1375,216,1,0,0,1375,218,1,0,0,1375,207,1,     391P    277
0,0,1375,210,1,0,0,1375,212,1,0;                                     391P    278
508,7,0,1375,243,1,0,0,1375,244,1,0,0,1375,245,0,0,0,1375,246,0,     393P    279
0,0,1375,247,0,0,0,1375,244,0,0,0,1375,242,1,0;                      393P    280
508,8,0,1375,248,0,0,0,1375,249,0,0,0,1375,250,0,0,0,1375,251,1,     395P    281
0,0,1375,245,1,0,0,1375,247,1,0,0,1375,246,1,0,0,1375,251,0,0;       395P    282
508,7,0,1375,252,0,0,0,1375,253,0,0,0,1375,254,1,0,0,1375,249,1,     397P    283
0,0,1375,248,1,0,0,1375,250,1,0,0,1375,254,0,0;                      397P    284
508,7,0,1375,252,1,0,0,1375,255,1,0,0,1375,256,0,0,0,1375,257,0,     399P    285
0,0,1375,258,0,0,0,1375,255,0,0,0,1375,253,1,0;                      399P    286
508,8,0,1375,259,0,0,0,1375,260,0,0,0,1375,261,0,0,0,1375,262,1,     401P    287
0,0,1375,256,1,0,0,1375,258,1,0,0,1375,257,1,0,0,1375,262,0,0;       401P    288
508,7,0,1375,263,0,0,0,1375,264,0,0,0,1375,265,1,0,0,1375,260,1,     403P    289
0,0,1375,259,1,0,0,1375,261,1,0,0,1375,265,0,0;                      403P    290
508,7,0,1375,266,0,0,0,1375,267,0,0,0,1375,268,1,0,0,1375,264,1,     405P    291
0,0,1375,263,1,0,0,1375,268,0,0,0,1375,269,0,0;                      405P    292
508,8,0,1375,270,0,0,0,1375,271,0,0,0,1375,272,0,0,0,1375,273,1,     407P    293
0,0,1375,269,1,0,0,1375,267,1,0,0,1375,266,1,0,0,1375,273,0,0;       407P    294
508,8,0,1375,270,1,0,0,1375,272,1,0,0,1375,274,1,0,0,1375,275,0,     409P    295
0,0,1375,276,0,0,0,1375,277,0,0,0,1375,274,0,0,0,1375,271,1,0;       409P    296
508,8,0,1375,276,1,0,0,1375,278,1,0,0,1375,279,0,0,0,1375,280,0,     411P    297
0,0,1375,281,0,0,0,1375,278,0,0,0,1375,275,1,0,0,1375,277,1,0;       411P    298
508,8,0,1375,282,0,0,0,1375,283,0,0,0,1375,284,1,0,0,1375,280,1,     413P    299
0,0,1375,279,1,0,0,1375,281,1,0,0,1375,284,0,0,0,1375,285,0,0;       413P    300
508,7,0,1375,286,0,0,0,1375,287,0,0,0,1375,288,1,0,0,1375,285,1,     415P    301
0,0,1375,283,1,0,0,1375,282,1,0,0,1375,288,0,0;                      415P    302
508,2,0,1375,286,1,0,0,1375,287,1,0;                                 417P    303
508,2,0,1375,289,0,0,0,1375,290,0,0;                                 419P    304
508,7,0,1375,289,1,0,0,1375,291,1,0,0,1375,292,0,0,0,1375,293,0,     421P    305
0,0,1375,294,0,0,0,1375,291,0,0,0,1375,290,1,0;                      421P    306
508,8,0,1375,295,0,0,0,1375,296,0,0,0,1375,297,1,0,0,1375,293,1,     423P    307
0,0,1375,292,1,0,0,1375,294,1,0,0,1375,297,0,0,0,1375,298,0,0;       423P    308
508,7,0,1375,295,1,0,0,1375,299,1,0,0,1375,300,0,0,0,1375,301,0,     425P    309
0,0,1375,299,0,0,0,1375,298,1,0,0,1375,296,1,0;                      425P    310
508,2,0,1375,302,0,0,0,1375,303,0,0;                                 427P    311
508,2,0,1375,300,1,0,0,1375,301,1,0;                                 429P    312
508,7,0,1375,304,0,0,0,1375,305,0,0,0,1375,306,0,0,0,1375,307,1,     431P    313
0,0,1375,303,1,0,0,1375,302,1,0,0,1375,307,0,0;                      431P    314
508,8,0,1375,308,0,0,0,1375,309,0,0,0,1375,310,1,0,0,1375,305,1,     433P    315
0,0,1375,304,1,0,0,1375,306,1,0,0,1375,310,0,0,0,1375,311,0,0;       433P    316
508,8,0,1375,308,1,0,0,1375,312,1,0,0,1375,313,0,0,0,1375,314,0,     435P    317
0,0,1375,315,0,0,0,1375,312,0,0,0,1375,311,1,0,0,1375,309,1,0;       435P    318
508,8,0,1375,313,1,0,0,1375,315,1,0,0,1375,316,1,0,0,1375,317,0,     437P    319
0,0,1375,318,0,0,0,1375,319,0,0,0,1375,316,0,0,0,1375,314,1,0;       437P    320
508,8,0,1375,320,0,0,0,1375,321,0,0,0,1375,322,0,0,0,1375,323,1,     439P    321
0,0,1375,317,1,0,0,1375,319,1,0,0,1375,318,1,0,0,1375,323,0,0;       439P    322
508,7,0,1375,324,0,0,0,1375,325,0,0,0,1375,326,1,0,0,1375,321,1,     441P    323
0,0,1375,320,1,0,0,1375,322,1,0,0,1375,326,0,0;                      441P    324
508,7,0,1375,327,0,0,0,1375,328,0,0,0,1375,329,1,0,0,1375,325,1,     443P    325
0,0,1375,324,1,0,0,1375,329,0,0,0,1375,330,0,0;                      443P    326
508,8,0,1375,331,0,0,0,1375,332,0,0,0,1375,333,0,0,0,1375,334,1,     445P    327
0,0,1375,330,1,0,0,1375,328,1,0,0,1375,327,1,0,0,1375,334,0,0;       445P    328
508,7,0,1375,331,1,0,0,1375,333,1,0,0,1375,335,1,0,0,1375,336,0,     447P    329
0,0,1375,337,0,0,0,1375,335,0,0,0,1375,332,1,0;                      447P    330
508,7,0,1375,338,0,0,0,1375,339,0,0,0,1375,340,1,0,0,1375,337,1,     449P    331
0,0,1375,336,1,0,0,1375,340,0,0,0,1375,341,0,0;                      449P    332
508,8,0,1375,342,0,0,0,1375,343,0,0,0,1375,344,0,0,0,1375,345,1,     451P    333
0,0,1375,341,1,0,0,1375,339,1,0,0,1375,338,1,0,0,1375,345,0,0;       451P    334
508,8,0,1375,342,1,0,0,1375,344,1,0,0,1375,346,1,0,0,1375,181,0,     453P    335
0,0,1375,183,0,0,0,1375,182,0,0,0,1375,346,0,0,0,1375,343,1,0;       453P    336
508,1,0,1375,198,1,0;                                                455P    337
508,2,0,1375,6,1,0,0,1375,3,1,0;                                     457P    338
508,2,0,1375,12,1,0,0,1375,9,1,0;                                    459P    339
508,2,0,1375,18,1,0,0,1375,15,1,0;                                   461P    340
508,2,0,1375,157,1,0,0,1375,154,1,0;                                 463P    341
508,2,0,1375,163,1,0,0,1375,160,1,0;                                 465P    342
508,2,0,1375,169,1,0,0,1375,166,1,0;                                 467P    343
508,2,0,1375,175,1,0,0,1375,172,1,0;                                 469P    344
508,2,0,1375,219,0,0,0,1375,224,0,0;                                 471P    345
126,2,2,0,0,0,0,-0.108457723906454,-0.108457723906454,               473P    346
-0.108457723906454,0.,0.,0.,1.,0.998529975569051,1.,                 473P    347
126.070678813404,125.551772062477,120.974136567562,                  473P    348
127.259628677384,125.551772062477,121.628344897053,                  473P    349
128.512407460586,125.551772062477,122.15001111006,                   473P    350
-0.108457723906454,0.,0.,0.,0.;                                      473P    351
126,1,1,0,0,1,0,89.8843141884232,89.8843141884232,                   475P    352
99.8843141884232,99.8843141884232,1.,1.,126.070678813404,            475P    353
115.551772062477,120.974136567562,126.070678813404,                  475P    354
125.551772062477,120.974136567562,89.8843141884232,                  475P    355
99.8843141884232,0.,0.,0.;                                           475P    356
126,2,2,0,0,0,0,0.,0.,0.,0.108457723906454,0.108457723906454,        477P    357
0.108457723906454,1.,0.998529975569051,1.,128.512407460586,          477P    358
115.551772062477,122.15001111006,127.259628677384,                   477P    359
115.551772062477,121.628344897053,126.070678813404,                  477P    360
115.551772062477,120.974136567562,0.,0.108457723906454,0.,0.,0.;     477P    361
126,1,1,0,0,1,0,89.8843141884232,89.8843141884232,                   479P    362
99.8843141884232,99.8843141884232,1.,1.,128.512407460586,            479P    363
115.551772062477,122.15001111006,128.512407460586,                   479P    364
125.551772062477,122.15001111006,89.8843141884232,                   479P    365
99.8843141884232,0.,0.,0.;                                           479P    366
126,8,2,0,0,0,0,0.45886954808418,0.45886954808418,                   481P    367
0.45886954808418,1.91494848785803,1.91494848785803,                  481P    368
3.37102742763188,3.37102742763188,4.82710636740573,                  481P    369
4.82710636740573,6.28318530717959,6.28318530717959,                  481P    370
6.28318530717959,1.,0.746480387403352,1.,0.746480387403362,1.,       481P    371
0.746480387403351,1.,0.746480387403356,1.,128.512407460586,          481P    372
125.551772062477,122.15001111006,132.648066818163,                   481P    373
125.551772062477,125.482294803947,129.811077772468,                  481P    374
125.551772062477,129.972204167516,126.974088726774,                  481P    375
125.551772062477,134.462113531085,122.188952147295,                  481P    376
125.551772062477,132.15771320688,117.403815567817,                   481P    377
125.551772062477,129.853312882676,119.145334323707,                  481P    378
125.551772062477,124.83585283188,120.886853079598,                   481P    379
125.551772062477,119.818392781083,126.070678813404,                  481P    380
125.551772062477,120.974136567562,0.45886954808418,                  481P    381
6.28318530717959,0.,0.,0.;                                           481P    382
126,8,2,0,0,0,0,0.,0.,0.,1.45607893977385,1.45607893977385,          483P    383
2.9121578795477,2.9121578795477,4.36823681932156,                    483P    384
4.36823681932156,5.82431575909541,5.82431575909541,                  483P    385
5.82431575909541,1.,0.746480387403351,1.,0.746480387403353,1.,       483P    386
0.746480387403361,1.,0.746480387403351,1.,126.070678813404,          483P    387
115.551772062477,120.974136567562,120.886853079598,                  483P    388
115.551772062477,119.818392781083,119.145334323707,                  483P    389
115.551772062477,124.83585283188,117.403815567817,                   483P    390
115.551772062477,129.853312882676,122.188952147295,                  483P    391
115.551772062477,132.15771320688,126.974088726774,                   483P    392
115.551772062477,134.462113531085,129.811077772468,                  483P    393
115.551772062477,129.972204167516,132.648066818163,                  483P    394
115.551772062477,125.482294803947,128.512407460586,                  483P    395
115.551772062477,122.15001111006,0.,5.82431575909541,0.,0.,0.;       483P    396
126,2,2,0,0,0,0,-0.108457723906677,-0.108457723906677,               485P    397
-0.108457723906677,0.,0.,0.,1.,0.998529975568881,1.,                 485P    398
162.158531143989,125.551772062477,105.946891922874,                  485P    399
162.531770870632,125.551772062477,104.642176465813,                  485P    400
162.761588317656,125.551772062477,103.304725809346,                  485P    401
-0.108457723906677,0.,0.,0.,0.;                                      485P    402
126,1,1,0,0,1,0,89.8843141884232,89.8843141884232,                   487P    403
99.8843141884232,99.8843141884232,1.,1.,162.158531143989,            487P    404
115.551772062477,105.946891922874,162.158531143989,                  487P    405
125.551772062477,105.946891922874,89.8843141884232,                  487P    406
99.8843141884232,0.,0.,0.;                                           487P    407
126,2,2,0,0,0,0,0.,0.,0.,0.108457723906677,0.108457723906677,        489P    408
0.108457723906677,1.,0.998529975568881,1.,162.761588317656,          489P    409
115.551772062477,103.304725809346,162.531770870632,                  489P    410
115.551772062477,104.642176465813,162.158531143989,                  489P    411
115.551772062477,105.946891922874,0.,0.108457723906677,0.,0.,0.;     489P    412
126,1,1,0,0,1,0,89.8843141884232,89.8843141884232,                   491P    413
99.8843141884232,99.8843141884232,1.,1.,162.761588317656,            491P    414
115.551772062477,103.304725809346,162.761588317656,                  491P    415
125.551772062477,103.304725809346,89.8843141884232,                  491P    416
99.8843141884232,0.,0.,0.;                                           491P    417
126,8,2,0,0,0,0,0.45886954808471,0.45886954808471,                   493P    418
0.45886954808471,1.91494848785843,1.91494848785843,                  493P    419
3.37102742763215,3.37102742763215,4.82710636740587,                  493P    420
4.82710636740587,6.28318530717959,6.28318530717959,                  493P    421
6.28318530717959,1.,0.746480387403402,1.,0.746480387403393,1.,       493P    422
0.746480387403392,1.,0.74648038740339,1.,162.761588317657,           493P    423
125.551772062477,103.304725809347,165.090053919365,                  493P    424
125.551772062477,98.5312531866003,170.098681333145,                  493P    425
125.551772062477,100.298014168844,175.107308746925,                  493P    426
125.551772062477,102.064775151088,173.92547761079,                   493P    427
125.551772062477,107.242715678374,172.743646474654,                  493P    428
125.551772062477,112.42065620566,167.464460242814,                   493P    429
125.551772062477,111.839290857544,162.185274010973,                  493P    430
125.551772062477,111.257925509429,162.158531143989,                  493P    431
125.551772062477,105.946891922874,0.45886954808471,                  493P    432
6.28318530717959,0.,0.,0.;                                           493P    433
126,8,2,0,0,0,0,0.,0.,0.,1.45607893977372,1.45607893977372,          495P    434
2.91215787954744,2.91215787954744,4.36823681932116,                  495P    435
4.36823681932116,5.82431575909488,5.82431575909488,                  495P    436
5.82431575909488,1.,0.746480387403397,1.,0.746480387403402,1.,       495P    437
0.74648038740339,1.,0.746480387403404,1.,162.158531143989,           495P    438
115.551772062477,105.946891922874,162.185274010973,                  495P    439
115.551772062477,111.257925509429,167.464460242814,                  495P    440
115.551772062477,111.839290857544,172.743646474654,                  495P    441
115.551772062477,112.42065620566,173.92547761079,                    495P    442
115.551772062477,107.242715678374,175.107308746925,                  495P    443
115.551772062477,102.064775151088,170.098681333145,                  495P    444
115.551772062477,100.298014168844,165.090053919365,                  495P    445
115.551772062477,98.5312531866003,162.761588317657,                  495P    446
115.551772062477,103.304725809347,0.,5.82431575909488,0.,0.,0.;      495P    447
126,2,2,0,0,0,0,-0.108457723906432,-0.108457723906432,               497P    448
-0.108457723906432,0.,0.,0.,1.,0.99852997556888,1.,                  497P    449
139.477748291619,125.551772062477,74.1077139082176,                  497P    450
138.122691122515,125.551772062477,74.0341585828306,                  497P    451
136.76763395341,125.551772062477,74.1077139082176,                   497P    452
-0.108457723906432,0.,0.,0.,0.;                                      497P    453
126,1,1,0,0,1,0,89.8843141884232,89.8843141884232,                   499P    454
99.8843141884232,99.8843141884232,1.,1.,139.477748291619,            499P    455
115.551772062477,74.1077139082176,139.477748291619,                  499P    456
125.551772062477,74.1077139082176,89.8843141884232,                  499P    457
99.8843141884232,0.,0.,0.;                                           499P    458
126,2,2,0,0,0,0,0.,0.,0.,0.108457723906432,0.108457723906432,        501P    459
0.108457723906432,1.,0.99852997556888,1.,136.76763395341,            501P    460
115.551772062477,74.1077139082176,138.122691122515,                  501P    461
115.551772062477,74.0341585828306,139.477748291619,                  501P    462
115.551772062477,74.1077139082176,0.,0.108457723906432,0.,0.,0.;     501P    463
126,1,1,0,0,1,0,89.8843141884232,89.8843141884232,                   503P    464
99.8843141884232,99.8843141884232,1.,1.,136.76763395341,             503P    465
115.551772062477,74.1077139082176,136.76763395341,                   503P    466
125.551772062477,74.1077139082176,89.8843141884232,                  503P    467
99.8843141884232,0.,0.,0.;                                           503P    468
126,8,2,0,0,0,0,0.458869548084122,0.458869548084122,                 505P    469
0.458869548084122,1.91494848785799,1.91494848785799,                 505P    470
3.37102742763185,3.37102742763185,4.82710636740572,                  505P    471
4.82710636740572,6.28318530717959,6.28318530717959,                  505P    472
6.28318530717959,1.,0.746480387403344,1.,0.746480387403347,1.,       505P    473
0.746480387403348,1.,0.746480387403345,1.,136.76763395341,           505P    474
125.551772062477,74.1077139082177,131.59570991508,                   505P    475
125.551772062477,72.8998253867895,132.203650060867,                  505P    476
125.551772062477,67.6236334155287,132.811590206654,                  505P    477
125.551772062477,62.3474414442679,138.122691122514,                  505P    478
125.551772062477,62.3474414442677,143.433792038375,                  505P    479
125.551772062477,62.3474414442675,144.041732184162,                  505P    480
125.551772062477,67.6236334155282,144.649672329949,                  505P    481
125.551772062477,72.899825386789,139.477748291619,                   505P    482
125.551772062477,74.1077139082176,0.458869548084122,                 505P    483
6.28318530717959,0.,0.,0.;                                           505P    484
126,8,2,0,0,0,0,-1.25094894743853D-16,-1.25094894743853D-16,         507P    485
-1.25094894743853D-16,1.45607893977387,1.45607893977387,             507P    486
2.91215787954773,2.91215787954773,4.3682368193216,                   507P    487
4.3682368193216,5.82431575909546,5.82431575909546,                   507P    488
5.82431575909546,1.,0.746480387403345,1.,0.74648038740335,1.,        507P    489
0.74648038740335,1.,0.746480387403344,1.,139.477748291619,           507P    490
115.551772062477,74.1077139082176,144.649672329949,                  507P    491
115.551772062477,72.899825386789,144.041732184162,                   507P    492
115.551772062477,67.6236334155282,143.433792038375,                  507P    493
115.551772062477,62.3474414442675,138.122691122514,                  507P    494
115.551772062477,62.3474414442677,132.811590206654,                  507P    495
115.551772062477,62.3474414442679,132.203650060867,                  507P    496
115.551772062477,67.6236334155287,131.59570991508,                   507P    497
115.551772062477,72.8998253867895,136.76763395341,                   507P    498
115.551772062477,74.1077139082177,-1.25094894743853D-16,             507P    499
5.82431575909546,0.,0.,0.;                                           507P    500
126,5,3,0,0,1,0,-57.195213480082,-57.195213480082,                   509P    501
-57.195213480082,-57.195213480082,-29.267939530844,                  509P    502
-29.267939530844,0.,0.,0.,0.,1.,1.,1.,1.,1.,1.,48.5086439068116,     509P    503
159.658488866523,107.396979248769,47.6479451582127,                  509P    504
159.658488866523,98.1331610257059,48.2286597632039,                  509P    505
159.658488866523,88.7888279594547,52.3325223801175,                  509P    506
159.658488866523,70.1706849274978,55.9677799744637,                  509P    507
159.658488866523,61.0479476757799,60.9957473873441,                  509P    508
159.658488866523,52.6874042482252,-57.195213480082,0.,0.,0.,0.;      509P    509
126,1,1,0,0,1,0,50.9813551019948,50.9813551019948,                   511P    510
133.991030992469,133.991030992469,1.,1.,48.5086439068116,            511P    511
76.6488129760487,107.396979248769,48.5086439068116,                  511P    512
159.658488866523,107.396979248769,50.9813551019948,                  511P    513
133.991030992469,0.,0.,0.;                                           511P    514
126,2,2,0,0,0,0,-8.9826637212141D-16,-8.9826637212141D-16,           513P    515
-8.9826637212141D-16,0.634086463123822,0.634086463123822,            513P    516
0.634086463123822,1.,0.950161367872702,1.,60.9957473873441,          513P    517
76.648812976045,52.6874042482252,45.7767854025088,                   513P    518
76.648812976045,77.9936129301996,48.5086439068115,                   513P    519
76.648812976045,107.396979248769,-8.9826637212141D-16,               513P    520
0.634086463123822,0.,0.,0.;                                          513P    521
126,1,1,0,0,1,0,50.9813551019953,50.9813551019953,                   515P    522
133.991030992469,133.991030992469,1.,1.,60.9957473873442,            515P    523
76.6488129760492,52.6874042482252,60.9957473873441,                  515P    524
159.658488866523,52.6874042482252,50.9813551019953,                  515P    525
133.991030992469,0.,0.,0.;                                           515P    526
126,3,3,0,0,1,0,-19.3379128019251,-19.3379128019251,                 517P    527
-19.3379128019251,-19.3379128019251,-0.0507849420910408,             517P    528
-0.0507849420910408,-0.0507849420910408,-0.0507849420910408,1.,      517P    529
1.,1.,1.,60.9957473873442,159.658488866523,52.6874042482252,         517P    530
67.584459003175,159.785574284177,55.3220090994737,                   517P    531
74.1344379222374,159.720088948544,57.9411260440178,                  517P    532
80.0134321932285,158.589074982964,60.2919387263638,                  517P    533
-19.3379128019251,-0.0507849420910408,0.,0.,0.;                      517P    534
126,3,3,0,0,1,0,20.8508110249571,20.8508110249571,                   519P    535
20.8508110249571,20.8508110249571,21.037374597206,                   519P    536
21.037374597206,21.037374597206,21.037374597206,1.,1.,1.,1.,         519P    537
60.9981455892982,76.8377179408534,52.6883632087734,                  519P    538
60.9981455892982,76.7755300834371,52.6883632087734,                  519P    539
60.9973650106278,76.7125110160435,52.6880510815364,                  519P    540
60.9957473873442,76.6488129760492,52.6874042482253,                  519P    541
20.8508110249571,21.037374597206,0.,0.,0.;                           519P    542
126,1,1,0,0,1,0,-19.,-19.,57.,57.,1.,1.,60.9981455892982,            521P    543
152.837717940853,52.6883632087734,60.9981455892982,                  521P    544
76.8377179408534,52.6883632087734,-19.,57.,0.,0.,0.;                 521P    545
126,3,3,0,0,1,0,-21.4256460998528,-21.4256460998528,                 523P    546
-21.4256460998528,-21.4256460998528,0.,0.,0.,0.,1.,1.,1.,1.,         523P    547
80.0134321932285,149.592226300318,60.2919387263638,                  523P    548
74.2444955607801,151.692491437503,57.9851344033646,                  523P    549
67.6081937519884,152.265379695166,55.3314998296821,                  523P    550
60.9981455892982,152.837717940853,52.6883632087734,                  523P    551
-21.4256460998528,0.,0.,0.,0.;                                       523P    552
126,1,1,0,0,1,0,123.924768426264,123.924768426264,                   525P    553
132.92161710891,132.92161710891,1.,1.,80.0134321932285,              525P    554
149.592226300318,60.2919387263638,80.0134321932285,                  525P    555
158.589074982964,60.2919387263638,123.924768426264,                  525P    556
132.92161710891,0.,0.,0.;                                            525P    557
126,7,3,0,0,1,0,-39.9936091740972,-39.9936091740972,                 527P    558
-39.9936091740972,-39.9936091740972,-26.9945676936436,               527P    559
-26.9945676936436,-14.5272859816884,-14.5272859816884,               527P    560
-0.0927942988701614,-0.0927942988701614,-0.0927942988701614,         527P    561
-0.0927942988701614,1.,1.,1.,1.,1.,1.,1.,1.,80.0134321932285,        527P    562
158.589074982964,60.2919387263637,81.8134824871155,                  527P    563
158.170245255394,61.7274309343886,83.6090940319906,                  527P    564
157.587645525378,63.1593833581534,86.9686595432918,                  527P    565
155.978470398213,65.8385474516232,88.5359226305541,                  527P    566
154.97287144705,67.0883980571329,91.6381402070745,                   527P    567
152.186360581223,69.5623340209312,93.5928765343146,                  527P    568
149.884909877141,71.1211842241897,95.6193408451623,                  527P    569
145.854247351665,72.7372355856106,-39.9936091740972,                 527P    570
-0.0927942988701614,0.,0.,0.;                                        527P    571
126,7,3,0,0,1,0,-35.1428788061988,-35.1428788061988,                 529P    572
-35.1428788061988,-35.1428788061988,-20.9967463770211,               529P    573
-20.9967463770211,-7.43598752425397,-7.43598752425397,               529P    574
-0.0529318331135769,-0.0529318331135769,-0.0529318331135769,         529P    575
-0.0529318331135769,1.,1.,1.,1.,1.,1.,1.,1.,95.6193408451623,        529P    576
131.827577882118,72.7372355856105,94.132237581831,                   529P    577
134.823435622734,71.5513103065837,92.4731040560742,                  529P    578
137.773682321138,70.22819547119,88.8026076350046,                    529P    579
142.923840762115,67.3010722513989,86.7955898519252,                  529P    580
145.170226184144,65.7005289784148,83.2656088410604,                  529P    581
147.891848867604,62.8854630589899,81.8282509909449,                  529P    582
148.793129203111,61.7392084231861,80.0134321932285,                  529P    583
149.592226300318,60.2919387263637,-35.1428788061988,                 529P    584
-0.0529318331135769,0.,0.,0.;                                        529P    585
126,1,1,0,0,1,0,106.160120008064,106.160120008064,                   531P    586
120.186789477611,120.186789477611,1.,1.,95.6193408451623,            531P    587
131.827577882118,72.7372355856106,95.6193408451623,                  531P    588
145.854247351665,72.7372355856106,106.160120008064,                  531P    589
120.186789477611,0.,0.,0.;                                           531P    590
126,5,3,0,0,1,0,-33.999945609307,-33.999945609307,                   533P    591
-33.999945609307,-33.999945609307,-16.9999728046535,                 533P    592
-16.9999728046535,-0.890745459780858,-0.890745459780858,             533P    593
-0.890745459780858,-0.890745459780858,1.,1.,1.,1.,1.,1.,             533P    594
95.6193408451623,145.854247351665,72.7372355856106,                  533P    595
92.634856478854,145.854247351665,77.5542742444215,                   533P    596
90.4908692941654,145.854247351665,82.8438083500785,                  533P    597
88.1309418141902,145.854247351665,93.6249431859579,                  533P    598
87.8356136013339,145.854247351665,99.019477839242,                   533P    599
88.4027194965567,145.854247351665,104.355319598255,                  533P    600
-33.999945609307,-0.890745459780858,0.,0.,0.;                        533P    601
126,5,3,0,0,1,0,-33.1092001495262,-33.1092001495262,                 535P    602
-33.1092001495262,-33.1092001495262,-16.9999728046535,               535P    603
-16.9999728046535,0.,0.,0.,0.,1.,1.,1.,1.,1.,1.,                     535P    604
88.4027194965567,131.827577882118,104.355319598255,                  535P    605
87.8356136013339,131.827577882118,99.019477839242,                   535P    606
88.1309418141902,131.827577882118,93.6249431859579,                  535P    607
90.4908692941654,131.827577882118,82.8438083500785,                  535P    608
92.634856478854,131.827577882118,77.5542742444215,                   535P    609
95.6193408451623,131.827577882118,72.7372355856105,                  535P    610
-33.1092001495262,0.,0.,0.,0.;                                       535P    611
126,1,1,0,0,1,0,106.160120008064,106.160120008064,                   537P    612
120.186789477611,120.186789477611,1.,1.,88.4027194965567,            537P    613
131.827577882118,104.355319598255,88.4027194965567,                  537P    614
145.854247351665,104.355319598255,106.160120008064,                  537P    615
120.186789477611,0.,0.,0.;                                           537P    616
126,7,3,0,0,1,0,-26.1319959262051,-26.1319959262051,                 539P    617
-26.1319959262051,-26.1319959262051,-16.2685961501295,               539P    618
-16.2685961501295,-13.0420103174541,-13.0420103174541,               539P    619
-0.0508260745122325,-0.0508260745122325,-0.0508260745122325,         539P    620
-0.0508260745122325,1.,1.,1.,1.,1.,1.,1.,1.,88.4027194965567,        539P    621
145.854247351665,104.355319598255,86.8006201023078,                  539P    622
148.409698506783,104.720988330316,84.9075442412824,                  539P    623
150.795416783675,105.153070542121,81.8528615506572,                  539P    624
153.345762890986,105.850281932589,81.0641546175161,                  539P    625
153.91762933197,106.0302991429,76.9385807958485,156.53459595066,     539P    626
106.971934445811,73.0944709308437,157.814343897034,                  539P    627
107.849327437721,68.9424697101176,158.589074982964,                  539P    628
108.796994622012,-26.1319959262051,-0.0508260745122325,0.,0.,0.;     539P    629
126,7,3,0,0,1,0,-26.5884820317803,-26.5884820317803,                 541P    630
-26.5884820317803,-26.5884820317803,-20.547574142759,                541P    631
-20.547574142759,-13.9113170592421,-13.9113170592421,                541P    632
-0.0933371593741205,-0.0933371593741205,-0.0933371593741205,         541P    633
-0.0933371593741205,1.,1.,1.,1.,1.,1.,1.,1.,68.9424697101176,        541P    634
149.592226300318,108.796994622012,71.2416276056218,                  541P    635
148.78037641867,108.27222683577,73.0957459065866,                    541P    636
147.851946443189,107.849036432828,76.6257611238328,                  541P    637
145.622947313393,107.043333494993,78.3287781852195,                  541P    638
144.251132342583,106.654630963702,83.2072685686667,                  541P    639
139.559670919107,105.541147368805,85.9946274786499,                  541P    640
135.717973688379,104.904950887073,88.4027194965568,                  541P    641
131.827577882118,104.355319598255,-26.5884820317803,                 541P    642
-0.0933371593741205,0.,0.,0.;                                        541P    643
126,1,1,0,0,1,0,123.924768426264,123.924768426264,                   543P    644
132.92161710891,132.92161710891,1.,1.,68.9424697101176,              543P    645
149.592226300318,108.796994622012,68.9424697101176,                  543P    646
158.589074982964,108.796994622012,123.924768426264,                  543P    647
132.92161710891,0.,0.,0.;                                            543P    648
126,3,3,0,0,1,0,-21.3418462424351,-21.3418462424351,                 545P    649
-21.3418462424351,-21.3418462424351,-0.0500088055033508,             545P    650
-0.0500088055033508,-0.0500088055033508,-0.0500088055033508,1.,      545P    651
1.,1.,1.,68.9424697101176,158.589074982964,108.796994622012,         545P    652
62.6256994852696,159.720088951324,108.364203645463,                  545P    653
55.5879801491658,159.78557428405,107.88201712993,                    545P    654
48.5086439068116,159.658488866523,107.396979248769,                  545P    655
-21.3418462424351,-0.0500088055033508,0.,0.,0.;                      545P    656
126,3,3,0,0,1,0,-19.7217310557446,-19.7217310557446,                 547P    657
-19.7217310557446,-19.7217310557446,-0.0527837844629416,             547P    658
-0.0527837844629416,-0.0527837844629416,-0.0527837844629416,1.,      547P    659
1.,1.,1.,48.5112206894995,152.837717940853,107.397155796,            547P    660
55.6134822994974,152.265379695166,107.883764399524,                  547P    661
62.7439525183043,151.692491437503,108.372305704558,                  547P    662
68.9424697101176,149.592226300318,108.796994622012,                  547P    663
-19.7217310557446,-0.0527837844629416,0.,0.,0.;                      547P    664
126,1,1,0,0,1,0,-57.,-57.,19.,19.,1.,1.,48.5112206894995,            549P    665
76.8377179408534,107.397155796,48.5112206894995,                     549P    666
152.837717940853,107.397155796,-57.,19.,0.,0.,0.;                    549P    667
126,3,3,0,0,1,0,20.6642432496843,20.6642432496843,                   551P    668
20.6642432496843,20.6642432496843,20.8508068219337,                  551P    669
20.8508068219337,20.8508068219337,20.8508068219337,1.,1.,1.,1.,      551P    670
48.5086439068116,76.6488129760487,107.396979248769,                  551P    671
48.5103819854858,76.7125110160432,107.397098332531,                  551P    672
48.5112206894995,76.7755300834369,107.397155796,                     551P    673
48.5112206894995,76.8377179408534,107.397155796,                     551P    674
20.6642432496843,20.8508068219337,0.,0.,0.;                          551P    675
126,5,3,0,0,1,0,-57.1870207215789,-57.1870207215789,                 553P    676
-57.1870207215789,-57.1870207215789,-28.5935103607894,               553P    677
-28.5935103607894,0.,0.,0.,0.,1.,1.,1.,1.,1.,1.,166.18095795278,     553P    678
159.658488866523,184.585486405982,157.124808313884,                  553P    679
159.658488866523,187.556909899749,147.653861242777,                  553P    680
159.658488866523,189.070963297439,128.591521002251,                  553P    681
159.658488866523,189.070963297439,119.120573931145,                  553P    682
159.658488866523,187.556909899749,110.064424292248,                  553P    683
159.658488866523,184.585486405982,-57.1870207215789,0.,0.,0.,0.;     553P    684
126,1,1,0,0,1,0,50.9813551019932,50.9813551019932,                   555P    685
133.991030992469,133.991030992469,1.,1.,166.18095795278,             555P    686
76.6488129760471,184.585486405982,166.18095795278,                   555P    687
159.658488866523,184.585486405982,50.9813551019932,                  555P    688
133.991030992469,0.,0.,0.;                                           555P    689
126,2,2,0,0,0,0,-8.98266372121407D-16,-8.98266372121407D-16,         557P    690
-8.98266372121407D-16,0.634086463123822,0.634086463123822,           557P    691
0.634086463123822,1.,0.950161367872705,1.,110.064424292248,          557P    692
76.6488129760382,184.585486405982,138.122691122514,                  557P    693
76.6488129760382,193.791716048626,166.18095795278,                   557P    694
76.6488129760382,184.585486405983,-8.98266372121407D-16,             557P    695
0.634086463123822,0.,0.,0.;                                          557P    696
126,1,1,0,0,1,0,50.9813551019937,50.9813551019937,                   559P    697
133.991030992469,133.991030992469,1.,1.,110.064424292248,            559P    698
76.6488129760477,184.585486405982,110.064424292248,                  559P    699
159.658488866523,184.585486405982,50.9813551019937,                  559P    700
133.991030992469,0.,0.,0.;                                           559P    701
126,3,3,0,0,1,0,-19.3379128019252,-19.3379128019252,                 561P    702
-19.3379128019252,-19.3379128019252,-0.0507849420910565,             561P    703
-0.0507849420910565,-0.0507849420910565,-0.0507849420910565,1.,      561P    704
1.,1.,1.,110.064424292248,159.658488866523,184.585486405982,         561P    705
111.166847836977,159.785574284177,177.575712814287,                  561P    706
112.262790625017,159.720088948544,170.607147193249,                  561P    707
113.246464229442,158.589074982964,164.352446549271,                  561P    708
-19.3379128019252,-0.0507849420910565,0.,0.,0.;                      561P    709
126,3,3,0,0,1,0,20.8508110249571,20.8508110249571,                   563P    710
20.8508110249571,20.8508110249571,21.0373745972076,                  563P    711
21.0373745972076,21.0373745972076,21.0373745972076,1.,1.,1.,1.,      563P    712
110.064825559515,76.8377179408534,184.582934943161,                  563P    713
110.064825559515,76.7755300834366,184.582934943161,                  563P    714
110.064694953054,76.7125110160425,184.583765405939,                  563P    715
110.064424292248,76.6488129760477,184.585486405982,                  563P    716
20.8508110249571,21.0373745972076,0.,0.,0.;                          563P    717
126,1,1,0,0,1,0,-19.,-19.,57.,57.,1.,1.,110.064825559515,            565P    718
152.837717940853,184.582934943161,110.064825559515,                  565P    719
76.8377179408534,184.582934943161,-19.,57.,0.,0.,0.;                 565P    720
126,3,3,0,0,1,0,-21.425646099853,-21.425646099853,                   567P    721
-21.425646099853,-21.425646099853,0.,0.,0.,0.,1.,1.,1.,1.,           567P    722
113.246464229442,149.592226300318,164.352446549271,                  567P    723
112.281205474396,151.692491437503,170.490056148261,                  567P    724
111.170819136291,152.265379695166,177.55046125903,                   567P    725
110.064825559515,152.837717940853,184.582934943161,                  567P    726
-21.425646099853,0.,0.,0.,0.;                                        567P    727
126,1,1,0,0,1,0,123.924768426264,123.924768426264,                   569P    728
132.92161710891,132.92161710891,1.,1.,113.246464229442,              569P    729
149.592226300318,164.352446549271,113.246464229442,                  569P    730
158.589074982964,164.352446549271,123.924768426264,                  569P    731
132.92161710891,0.,0.,0.;                                            569P    732
126,7,3,0,0,1,0,-39.9936091741009,-39.9936091741009,                 571P    733
-39.9936091741009,-39.9936091741009,-26.9945676936462,               571P    734
-26.9945676936462,-14.5272859816895,-14.5272859816895,               571P    735
-0.0927942988701774,-0.0927942988701774,-0.0927942988701774,         571P    736
-0.0927942988701774,1.,1.,1.,1.,1.,1.,1.,1.,113.246464229442,        571P    737
158.589074982964,164.352446549271,114.245416778201,                  571P    738
158.170245255394,162.278100207613,115.241906007058,                  571P    739
157.587645525378,160.208869002361,117.106324207835,                  571P    740
155.978470398213,156.337364716289,117.97608960327,                   571P    741
154.97287144705,154.531278262741,119.697690474865,                   571P    742
152.186360581223,150.956337216518,120.782487295756,                  571P    743
149.884909877141,148.703733407008,121.907090144446,                  571P    744
145.854247351665,146.368471529058,-39.9936091741009,                 571P    745
-0.0927942988701774,0.,0.,0.;                                        571P    746
126,7,3,0,0,1,0,-35.1359886168035,-35.1359886168035,                 573P    747
-35.1359886168035,-35.1359886168035,-20.9936788102432,               573P    748
-20.9936788102432,-7.43658944192703,-7.43658944192703,               573P    749
-0.0529318042117295,-0.0529318042117295,-0.0529318042117295,         573P    750
-0.0529318042117295,1.,1.,1.,1.,1.,1.,1.,1.,121.907090144446,        573P    751
131.827577882118,146.368471529058,121.081852609793,                  573P    752
134.823281290089,148.082094927019,120.161156227221,                  573P    753
137.773375062107,149.993940665177,118.124318059618,                  573P    754
142.923323053045,154.223478701558,117.010584047364,                  573P    755
145.169653585107,156.536171208159,115.051495084217,                  573P    756
147.891638613882,160.604261357923,114.253695894719,                  573P    757
148.793063178047,162.260908445018,113.246464229442,                  573P    758
149.592226300318,164.352446549271,-35.1359886168035,                 573P    759
-0.0529318042117295,0.,0.,0.;                                        573P    760
126,1,1,0,0,1,0,106.160120008064,106.160120008064,                   575P    761
120.186789477611,120.186789477611,1.,1.,121.907090144446,            575P    762
131.827577882118,146.368471529058,121.907090144446,                  575P    763
145.854247351665,146.368471529058,106.160120008064,                  575P    764
120.186789477611,0.,0.,0.;                                           575P    765
126,5,3,0,0,1,0,-33.1033155318023,-33.1033155318023,                 577P    766
-33.1033155318023,-33.1033155318023,-16.5516577659011,               577P    767
-16.5516577659011,0.,0.,0.,0.,1.,1.,1.,1.,1.,1.,                     577P    768
121.907090144446,145.854247351665,146.368471529058,                  577P    769
127.12610460731,145.854247351665,148.157772048107,                   577P    770
132.605471867214,145.854247351665,149.070963297439,                  577P    771
143.639910377815,145.854247351665,149.070963297439,                  577P    772
149.119277637719,145.854247351665,148.157772048107,                  577P    773
154.338292100583,145.854247351665,146.368471529058,                  577P    774
-33.1033155318023,0.,0.,0.,0.;                                       577P    775
126,5,3,0,0,1,0,-33.1033155318024,-33.1033155318024,                 579P    776
-33.1033155318024,-33.1033155318024,-16.5516577659012,               579P    777
-16.5516577659012,0.,0.,0.,0.,1.,1.,1.,1.,1.,1.,                     579P    778
154.338292100583,131.827577882118,146.368471529058,                  579P    779
149.119277637719,131.827577882118,148.157772048107,                  579P    780
143.639910377815,131.827577882118,149.070963297439,                  579P    781
132.605471867214,131.827577882118,149.070963297439,                  579P    782
127.12610460731,131.827577882118,148.157772048107,                   579P    783
121.907090144446,131.827577882118,146.368471529058,                  579P    784
-33.1033155318024,0.,0.,0.,0.;                                       579P    785
126,1,1,0,0,1,0,106.160120008064,106.160120008064,                   581P    786
120.186789477611,120.186789477611,1.,1.,154.338292100583,            581P    787
131.827577882118,146.368471529058,154.338292100583,                  581P    788
145.854247351665,146.368471529058,106.160120008064,                  581P    789
120.186789477611,0.,0.,0.;                                           581P    790
126,7,3,0,0,1,0,-26.1319959261966,-26.1319959261966,                 583P    791
-26.1319959261966,-26.1319959261966,-16.2685961501264,               583P    792
-16.2685961501264,-13.0420103174525,-13.0420103174525,               583P    793
-0.0508260745123328,-0.0508260745123328,-0.0508260745123328,         583P    794
-0.0508260745123328,1.,1.,1.,1.,1.,1.,1.,1.,154.338292100583,        583P    795
145.854247351665,146.368471529058,155.051293407581,                  583P    796
148.409698506783,147.849033998824,155.893791424872,                  583P    797
150.795416783675,149.598499158298,157.253253115389,                  583P    798
153.345762890986,152.421450446476,157.604260721775,                  583P    799
153.917629331971,153.15032525236,159.440313801582,                   583P    800
156.53459595066,156.96292875782,161.151103636739,                    583P    801
157.814343897034,160.515420454701,162.998918015586,                  583P    802
158.589074982964,164.352446549271,-26.1319959261966,                 583P    803
-0.0508260745123328,0.,0.,0.;                                        583P    804
126,7,3,0,0,1,0,-26.5884820317827,-26.5884820317827,                 585P    805
-26.5884820317827,-26.5884820317827,-20.5475741427593,               585P    806
-20.5475741427593,-13.911317059242,-13.911317059242,                 585P    807
-0.0933371593741199,-0.0933371593741199,-0.0933371593741199,         585P    808
-0.0933371593741199,1.,1.,1.,1.,1.,1.,1.,1.,162.998918015586,        585P    809
149.592226300318,164.352446549271,161.975696491145,                  585P    810
148.78037641867,162.227705160336,161.150536219153,                   585P    811
147.85194644319,160.514242199942,159.579531653109,                   585P    812
145.622947313393,157.25201760444,158.821617758775,                   585P    813
144.251132342583,155.678193186666,156.650485285931,                  585P    814
139.559670919107,151.169790152014,155.409993870338,                  585P    815
135.717973688378,148.593883184698,154.338292100583,                  585P    816
131.827577882118,146.368471529058,-26.5884820317827,                 585P    817
-0.0933371593741199,0.,0.,0.;                                        585P    818
126,1,1,0,0,1,0,123.924768426264,123.924768426264,                   587P    819
132.92161710891,132.92161710891,1.,1.,162.998918015586,              587P    820
149.592226300318,164.352446549271,162.998918015586,                  587P    821
158.589074982964,164.352446549271,123.924768426264,                  587P    822
132.92161710891,0.,0.,0.;                                            587P    823
126,3,3,0,0,1,0,-21.3418462424342,-21.3418462424342,                 589P    824
-21.3418462424342,-21.3418462424342,-0.0500088055033431,             589P    825
-0.0500088055033431,-0.0500088055033431,-0.0500088055033431,1.,      589P    826
1.,1.,1.,162.998918015586,158.589074982964,164.352446549271,         589P    827
163.98259162243,159.720088951324,170.607147208624,                   589P    828
165.07853440915,159.78557428405,177.575712821271,                    589P    829
166.18095795278,159.658488866523,184.585486405982,                   589P    830
-21.3418462424342,-0.0500088055033431,0.,0.,0.;                      589P    831
126,3,3,0,0,1,0,-19.7217310557444,-19.7217310557444,                 591P    832
-19.7217310557444,-19.7217310557444,-0.0527837844628468,             591P    833
-0.0527837844628468,-0.0527837844628468,-0.0527837844628468,1.,      591P    834
1.,1.,1.,166.180556685514,152.837717940853,184.582934943161,         591P    835
165.074563108738,152.265379695166,177.55046125903,                   591P    836
163.964176770633,151.692491437503,170.490056148261,                  591P    837
162.998918015586,149.592226300318,164.352446549271,                  591P    838
-19.7217310557444,-0.0527837844628468,0.,0.,0.;                      591P    839
126,1,1,0,0,1,0,-57.,-57.,19.,19.,1.,1.,166.180556685514,            593P    840
76.8377179408534,184.582934943161,166.180556685514,                  593P    841
152.837717940853,184.582934943161,-57.,19.,0.,0.,0.;                 593P    842
126,3,3,0,0,1,0,20.6642432496828,20.6642432496828,                   595P    843
20.6642432496828,20.6642432496828,20.8508068219337,                  595P    844
20.8508068219337,20.8508068219337,20.8508068219337,1.,1.,1.,1.,      595P    845
166.18095795278,76.6488129760471,184.585486405982,                   595P    846
166.180687291975,76.7125110160421,184.583765405939,                  595P    847
166.180556685514,76.7755300834364,184.582934943161,                  595P    848
166.180556685514,76.8377179408534,184.582934943161,                  595P    849
20.6642432496828,20.8508068219337,0.,0.,0.;                          595P    850
126,3,3,0,0,1,0,-21.3418462424339,-21.3418462424339,                 597P    851
-21.3418462424339,-21.3418462424339,-0.0500088055034026,             597P    852
-0.0500088055034026,-0.0500088055034026,-0.0500088055034026,1.,      597P    853
1.,1.,1.,196.2319500518,158.589074982964,60.2919387263638,           597P    854
202.110944337242,159.720088951324,57.9411260382394,                  597P    855
208.660923248419,159.78557428405,55.3220090968487,                   597P    856
215.249634857685,159.658488866523,52.6874042482253,                  597P    857
-21.3418462424339,-0.0500088055034026,0.,0.,0.;                      597P    858
126,1,1,0,0,1,0,123.924768426264,123.924768426264,                   599P    859
132.92161710891,132.92161710891,1.,1.,196.2319500518,                599P    860
149.592226300318,60.2919387263638,196.2319500518,                    599P    861
158.589074982964,60.2919387263638,123.924768426264,                  599P    862
132.92161710891,0.,0.,0.;                                            599P    863
126,3,3,0,0,1,0,-19.7217310557445,-19.7217310557445,                 601P    864
-19.7217310557445,-19.7217310557445,-0.0527837844629163,             601P    865
-0.0527837844629163,-0.0527837844629163,-0.0527837844629163,1.,      601P    866
1.,1.,1.,215.24723665573,152.837717940853,52.6883632087734,          601P    867
208.63718849304,152.265379695166,55.3314998296822,                   601P    868
202.000886684249,151.692491437503,57.9851344033646,                  601P    869
196.2319500518,149.592226300318,60.2919387263638,                    601P    870
-19.7217310557445,-0.0527837844629163,0.,0.,0.;                      601P    871
126,1,1,0,0,1,0,-57.,-57.,19.,19.,1.,1.,215.24723665573,             603P    872
76.8377179408534,52.6883632087734,215.24723665573,                   603P    873
152.837717940853,52.6883632087734,-57.,19.,0.,0.,0.;                 603P    874
126,3,3,0,0,1,0,20.6642432496838,20.6642432496838,                   605P    875
20.6642432496838,20.6642432496838,20.8508068219337,                  605P    876
20.8508068219337,20.8508068219337,20.8508068219337,1.,1.,1.,1.,      605P    877
215.249634857685,76.6488129760482,52.6874042482253,                  605P    878
215.248017234401,76.7125110160428,52.6880510815364,                  605P    879
215.24723665573,76.7755300834367,52.6883632087734,                   605P    880
215.24723665573,76.8377179408534,52.6883632087734,                   605P    881
20.6642432496838,20.8508068219337,0.,0.,0.;                          605P    882
126,1,1,0,0,1,0,50.9813551019942,50.9813551019942,                   607P    883
133.991030992469,133.991030992469,1.,1.,215.249634857685,            607P    884
76.6488129760482,52.6874042482253,215.249634857685,                  607P    885
159.658488866523,52.6874042482253,50.9813551019942,                  607P    886
133.991030992469,0.,0.,0.;                                           607P    887
126,7,3,0,0,1,0,-26.1319959262278,-26.1319959262278,                 609P    888
-26.1319959262278,-26.1319959262278,-16.2685961501414,               609P    889
-16.2685961501414,-13.0420103174624,-13.0420103174624,               609P    890
-0.0508260745122986,-0.0508260745122986,-0.0508260745122986,         609P    891
-0.0508260745122986,1.,1.,1.,1.,1.,1.,1.,1.,180.626041399866,        609P    892
145.854247351665,72.7372355856106,181.910825360625,                  609P    893
148.409698506783,71.7126545664429,183.428954330322,                  609P    894
150.795416783675,70.5019871122177,185.878619650844,                  609P    895
153.345762890986,68.5484442074332,186.511113503188,                  609P    896
153.91762933197,68.0440471920364,189.81956683263,                    609P    897
156.534595950659,65.4056437034465,192.90230359379,                   609P    898
157.814343897033,62.9472431710134,196.2319500518,                    609P    899
158.589074982964,60.2919387263638,-26.1319959262278,                 609P    900
-0.0508260745122986,0.,0.,0.;                                        609P    901
126,1,1,0,0,1,0,106.160120008064,106.160120008064,                   611P    902
120.186789477611,120.186789477611,1.,1.,180.626041399866,            611P    903
131.827577882118,72.7372355856106,180.626041399866,                  611P    904
145.854247351665,72.7372355856106,106.160120008064,                  611P    905
120.186789477611,0.,0.,0.;                                           611P    906
126,7,3,0,0,1,0,-26.5884820317826,-26.5884820317826,                 613P    907
-26.5884820317826,-26.5884820317826,-20.5475741427596,               613P    908
-20.5475741427596,-13.9113170592425,-13.9113170592425,               613P    909
-0.0933371593741456,-0.0933371593741456,-0.0933371593741456,         613P    910
-0.0933371593741456,1.,1.,1.,1.,1.,1.,1.,1.,196.2319500518,          613P    911
149.592226300318,60.2919387263638,194.388168574822,                  613P    912
148.78037641867,61.7623053891681,192.901281142632,                   613P    913
147.85194644319,62.9480585486034,190.070428731957,                   613P    914
145.622947313393,65.2055880139706,188.704715085821,                  613P    915
144.251132342583,66.2947083039142,184.792469553574,                  613P    916
139.559670919107,69.4146200066555,182.557181260316,                  613P    917
135.717973688379,71.1972029366916,180.626041399866,                  613P    918
131.827577882118,72.7372355856106,-26.5884820317826,                 613P    919
-0.0933371593741456,0.,0.,0.;                                        613P    920
126,5,3,0,0,1,0,-33.1092001495261,-33.1092001495261,                 615P    921
-33.1092001495261,-33.1092001495261,-16.9999728046535,               615P    922
-16.9999728046535,0.,0.,0.,0.,1.,1.,1.,1.,1.,1.,                     615P    923
187.842662748472,145.854247351665,104.355319598255,                  615P    924
188.409768643695,145.854247351665,99.019477839242,                   615P    925
188.114440430838,145.854247351665,93.6249431859579,                  615P    926
185.754512950863,145.854247351665,82.8438083500785,                  615P    927
183.610525766175,145.854247351665,77.5542742444215,                  615P    928
180.626041399866,145.854247351665,72.7372355856106,                  615P    929
-33.1092001495261,0.,0.,0.,0.;                                       615P    930
126,1,1,0,0,1,0,106.160120008064,106.160120008064,                   617P    931
120.186789477611,120.186789477611,1.,1.,187.842662748472,            617P    932
131.827577882118,104.355319598255,187.842662748472,                  617P    933
145.854247351665,104.355319598255,106.160120008064,                  617P    934
120.186789477611,0.,0.,0.;                                           617P    935
126,5,3,0,0,1,0,-33.999945609307,-33.999945609307,                   619P    936
-33.999945609307,-33.999945609307,-16.9999728046535,                 619P    937
-16.9999728046535,-0.890745459780813,-0.890745459780813,             619P    938
-0.890745459780813,-0.890745459780813,1.,1.,1.,1.,1.,1.,             619P    939
180.626041399866,131.827577882118,72.7372355856105,                  619P    940
183.610525766175,131.827577882118,77.5542742444215,                  619P    941
185.754512950863,131.827577882118,82.8438083500785,                  619P    942
188.114440430838,131.827577882118,93.6249431859579,                  619P    943
188.409768643695,131.827577882118,99.019477839242,                   619P    944
187.842662748472,131.827577882118,104.355319598255,                  619P    945
-33.999945609307,-0.890745459780813,0.,0.,0.;                        619P    946
126,5,3,0,0,1,0,-58.5358790616882,-58.5358790616882,                 621P    947
-58.5358790616882,-58.5358790616882,-29.2679395308441,               621P    948
-29.2679395308441,-1.34066558160625,-1.34066558160625,               621P    949
-1.34066558160625,-1.34066558160625,1.,1.,1.,1.,1.,1.,               621P    950
215.249634857685,159.658488866523,52.6874042482253,                  621P    951
220.277602270565,159.658488866523,61.04794767578,                    621P    952
223.912859864911,159.658488866523,70.1706849274979,                  621P    953
228.016722481825,159.658488866523,88.7888279594548,                  621P    954
228.597437086816,159.658488866523,98.133161025706,                   621P    955
227.736738338217,159.658488866523,107.396979248769,                  621P    956
-58.5358790616882,-1.34066558160625,0.,0.,0.;                        621P    957
126,2,2,0,0,0,0,0.0926437563055011,0.0926437563055011,               623P    958
0.0926437563055011,0.634086463123826,0.634086463123826,              623P    959
0.634086463123826,1.,0.96357823800195,1.,228.122691122514,           623P    960
76.6488129760719,99.0709632974389,228.122691122514,                  623P    961
76.6488129760719,74.0928226031164,215.249634857684,                  623P    962
76.6488129760719,52.6874042482256,0.0926437563055011,                623P    963
0.634086463123826,0.,0.,0.;                                          623P    964
126,2,2,0,0,0,0,3.00357818178099D-15,3.00357818178099D-15,           625P    965
3.00357818178099D-15,0.0926437563055011,0.0926437563055011,          625P    966
0.0926437563055011,1.,0.998927333625774,1.,227.736738338216,         625P    967
76.6488129760719,107.396979248769,228.122691122514,                  625P    968
76.6488129760719,103.24291670106,228.122691122514,                   625P    969
76.6488129760719,99.0709632974389,3.00357818178099D-15,              625P    970
0.0926437563055011,0.,0.,0.;                                         625P    971
126,1,1,0,0,1,0,50.9813551019953,50.9813551019953,                   627P    972
133.991030992469,133.991030992469,1.,1.,227.736738338217,            627P    973
76.6488129760492,107.396979248769,227.736738338217,                  627P    974
159.658488866523,107.396979248769,50.9813551019953,                  627P    975
133.991030992469,0.,0.,0.;                                           627P    976
126,3,3,0,0,1,0,-19.337912801925,-19.337912801925,                   629P    977
-19.337912801925,-19.337912801925,-0.0507849420910469,               629P    978
-0.0507849420910469,-0.0507849420910469,-0.0507849420910469,1.,      629P    979
1.,1.,1.,227.736738338217,159.658488866523,107.396979248769,         629P    980
220.657402088809,159.785574284177,107.882017130413,                  629P    981
213.619682744232,159.720088948544,108.364203646527,                  629P    982
207.302912534911,158.589074982964,108.796994622012,                  629P    983
-19.337912801925,-0.0507849420910469,0.,0.,0.;                       629P    984
126,3,3,0,0,1,0,20.8508110249572,20.8508110249572,                   631P    985
20.8508110249572,20.8508110249572,21.0373745972061,                  631P    986
21.0373745972061,21.0373745972061,21.0373745972061,1.,1.,1.,1.,      631P    987
227.734161555529,76.8377179408534,107.397155796,                     631P    988
227.734161555529,76.775530083437,107.397155796,227.735000259543,     631P    989
76.7125110160435,107.397098332531,227.736738338217,                  631P    990
76.6488129760492,107.396979248769,20.8508110249572,                  631P    991
21.0373745972061,0.,0.,0.;                                           631P    992
126,1,1,0,0,1,0,-19.,-19.,57.,57.,1.,1.,227.734161555529,            633P    993
152.837717940853,107.397155796,227.734161555529,                     633P    994
76.8377179408534,107.397155796,-19.,57.,0.,0.,0.;                    633P    995
126,3,3,0,0,1,0,-21.4256460998531,-21.4256460998531,                 635P    996
-21.4256460998531,-21.4256460998531,0.,0.,0.,0.,1.,1.,1.,1.,         635P    997
207.302912534911,149.592226300318,108.796994622012,                  635P    998
213.501429726724,151.692491437503,108.372305704558,                  635P    999
220.631899945531,152.265379695166,107.883764399524,                  635P   1000
227.734161555529,152.837717940853,107.397155796,                     635P   1001
-21.4256460998531,0.,0.,0.,0.;                                       635P   1002
126,1,1,0,0,1,0,123.924768426264,123.924768426264,                   637P   1003
132.92161710891,132.92161710891,1.,1.,207.302912534911,              637P   1004
149.592226300318,108.796994622012,207.302912534911,                  637P   1005
158.589074982964,108.796994622012,123.924768426264,                  637P   1006
132.92161710891,0.,0.,0.;                                            637P   1007
126,7,3,0,0,1,0,-39.9936091740884,-39.9936091740884,                 639P   1008
-39.9936091740884,-39.9936091740884,-26.9945676936389,               639P   1009
-26.9945676936389,-14.5272859816871,-14.5272859816871,               639P   1010
-0.0927942988701476,-0.0927942988701476,-0.0927942988701476,         639P   1011
-0.0927942988701476,1.,1.,1.,1.,1.,1.,1.,1.,207.302912534911,        639P   1012
158.589074982964,108.796994622012,205.058286532768,                  639P   1013
158.170245255394,108.284673384576,202.819195560128,                  639P   1014
157.587645525378,107.77361548154,198.629885890183,                   639P   1015
155.978470398213,106.817432887175,196.67554078669,                   639P   1016
154.97287144705,106.371366370564,192.807138742475,                   639P   1017
152.186360581223,105.488428847655,190.36962241176,                   639P   1018
149.88490987714,104.932081651447,187.842662748472,                   639P   1019
145.854247351665,104.355319598255,-39.9936091740884,                 639P   1020
-0.0927942988701476,0.,0.,0.;                                        639P   1021
126,7,3,0,0,1,0,-35.1428788055978,-35.1428788055978,                 641P   1022
-35.1428788055978,-35.1428788055978,-20.9967463767503,               641P   1023
-20.9967463767503,-7.43598752429997,-7.43598752429997,               641P   1024
-0.0529318331135773,-0.0529318331135773,-0.0529318331135773,         641P   1025
-0.0529318331135773,1.,1.,1.,1.,1.,1.,1.,1.,187.842662748472,        641P   1026
131.827577882118,104.355319598255,189.69705018646,                   641P   1027
134.823435622721,104.778571429966,191.765955852913,                  641P   1028
137.773682321112,105.250785647463,196.34299002548,                   641P   1029
142.923840762073,106.295463829412,198.845700265248,                  641P   1030
145.170226184097,106.8666911099,203.247514587326,                    641P   1031
147.891848867587,107.871376504392,205.039870509702,                  641P   1032
148.793129203106,108.280470047487,207.302912534911,                  641P   1033
149.592226300318,108.796994622012,-35.1428788055978,                 641P   1034
-0.0529318331135773,0.,0.,0.;                                        641P   1035
126,3,3,0,0,1,0,-21.3418462424344,-21.3418462424344,                 643P   1036
-21.3418462424344,-21.3418462424344,-0.0500088055034048,             643P   1037
-0.0500088055034048,-0.0500088055034048,-0.0500088055034048,1.,      643P   1038
1.,1.,1.,144.034559189425,158.589074982964,29.4609888975423,         643P   1039
145.862112802623,159.720088951324,23.3988983428082,                  643P   1040
147.898249775086,159.78557428405,16.6449259177165,                   643P   1041
149.946427256335,159.658488866523,9.85101449764532,                  643P   1042
-21.3418462424344,-0.0500088055034048,0.,0.,0.;                      643P   1043
126,1,1,0,0,1,0,123.924768426264,123.924768426264,                   645P   1044
132.92161710891,132.92161710891,1.,1.,144.034559189425,              645P   1045
149.592226300318,29.4609888975423,144.034559189425,                  645P   1046
158.589074982964,29.4609888975423,123.924768426264,                  645P   1047
132.92161710891,0.,0.,0.;                                            645P   1048
126,3,3,0,0,1,0,-19.7217310557445,-19.7217310557445,                 647P   1049
-19.7217310557445,-19.7217310557445,-0.0527837844629027,             647P   1050
-0.0527837844629027,-0.0527837844629027,-0.0527837844629027,1.,      647P   1051
1.,1.,1.,149.945681747421,152.837717940853,9.85348738955653,         647P   1052
147.890871550879,152.265379695166,16.6693998718337,                  647P   1053
145.827900103712,151.692491437503,23.5123836476574,                  647P   1054
144.034559189425,149.592226300318,29.4609888975423,                  647P   1055
-19.7217310557445,-0.0527837844629027,0.,0.,0.;                      647P   1056
126,1,1,0,0,1,0,-57.,-57.,19.,19.,1.,1.,149.945681747421,            649P   1057
76.8377179408534,9.85348738955652,149.945681747421,                  649P   1058
152.837717940853,9.85348738955652,-57.,19.,0.,0.,0.;                 649P   1059
126,3,3,0,0,1,0,20.6642432496833,20.6642432496833,                   651P   1060
20.6642432496833,20.6642432496833,20.8508068219337,                  651P   1061
20.8508068219337,20.8508068219337,20.8508068219337,1.,1.,1.,1.,      651P   1062
149.946427256335,76.6488129760476,9.85101449764532,                  651P   1063
149.945924399361,76.7125110160425,9.85268250042824,                  651P   1064
149.945681747421,76.7755300834366,9.85348738955653,                  651P   1065
149.945681747421,76.8377179408534,9.85348738955653,                  651P   1066
20.6642432496833,20.8508068219337,0.,0.,0.;                          651P   1067
126,1,1,0,0,1,0,50.9813551019937,50.9813551019937,                   653P   1068
133.991030992469,133.991030992469,1.,1.,149.946427256335,            653P   1069
76.6488129760477,9.85101449764533,149.946427256335,                  653P   1070
159.658488866523,9.85101449764533,50.9813551019937,                  653P   1071
133.991030992469,0.,0.,0.;                                           653P   1072
126,7,3,0,0,1,0,-26.1319959262215,-26.1319959262215,                 655P   1073
-26.1319959262215,-26.1319959262215,-16.2685961501373,               655P   1074
-16.2685961501373,-13.0420103174593,-13.0420103174593,               655P   1075
-0.0508260745122783,-0.0508260745122783,-0.0508260745122783,         655P   1076
-0.0508260745122783,1.,1.,1.,1.,1.,1.,1.,1.,144.034559189425,        655P   1077
145.854247351665,49.4216952669889,144.034559189425,                  655P   1078
148.409698506783,47.778394901669,144.034559189425,                   655P   1079
150.795416783675,45.8366350675611,144.034559189425,                  655P   1080
153.345762890986,42.7033955198401,144.034559189799,                  655P   1081
153.91762933197,41.8944055184227,144.034559189799,                   655P   1082
156.534595950659,37.6627348788634,144.034559189425,                  655P   1083
157.814343897034,33.7197665659709,144.034559189425,                  655P   1084
158.589074982964,29.4609888975423,-26.1319959262215,                 655P   1085
-0.0508260745122783,0.,0.,0.;                                        655P   1086
126,1,1,0,0,1,0,106.160120008064,106.160120008064,                   657P   1087
120.186789477611,120.186789477611,1.,1.,144.034559189425,            657P   1088
131.827577882118,49.4216952669889,144.034559189425,                  657P   1089
145.854247351665,49.4216952669889,106.160120008064,                  657P   1090
120.186789477611,0.,0.,0.;                                           657P   1091
126,7,3,0,0,1,0,-26.5884820317811,-26.5884820317811,                 659P   1092
-26.5884820317811,-26.5884820317811,-20.5475741427592,               659P   1093
-20.5475741427592,-13.9113170592423,-13.9113170592423,               659P   1094
-0.0933371593741162,-0.0933371593741162,-0.0933371593741162,         659P   1095
-0.0933371593741162,1.,1.,1.,1.,1.,1.,1.,1.,144.034559189425,        659P   1096
149.592226300318,29.4609888975423,144.034559189425,                  659P   1097
148.78037641867,31.8192739222869,144.034559189425,                   659P   1098
147.85194644319,33.7210743300887,144.034559189425,                   659P   1099
145.622947313393,37.3418704660271,144.034559189673,                  659P   1100
144.251132342583,39.088683784389,144.034559189673,                   659P   1101
139.559670919107,44.0926336380037,144.034559189425,                  659P   1102
135.717973688379,46.9516746759098,144.034559189425,                  659P   1103
131.827577882118,49.4216952669889,-26.5884820317811,                 659P   1104
-0.0933371593741162,0.,0.,0.;                                        659P   1105
126,5,3,0,0,1,0,-33.1033155318024,-33.1033155318024,                 661P   1106
-33.1033155318024,-33.1033155318024,-16.5516577659012,               661P   1107
-16.5516577659012,0.,0.,0.,0.,1.,1.,1.,1.,1.,1.,                     661P   1108
173.254062500561,145.854247351665,63.4930664357946,                  661P   1109
169.328241347997,145.854247351665,59.6165168631532,                  661P   1110
164.78772086481,145.854247351665,56.416351622339,                    661P   1111
154.846035291975,145.854247351665,51.6286881822967,                  661P   1112
149.513077141208,145.854247351665,50.07403671366,                    661P   1113
144.034559189425,145.854247351665,49.4216952669889,                  661P   1114
-33.1033155318024,0.,0.,0.,0.;                                       661P   1115
126,1,1,0,0,1,0,106.160120008064,106.160120008064,                   663P   1116
120.186789477611,120.186789477611,1.,1.,173.254062500561,            663P   1117
131.827577882118,63.4930664357946,173.254062500561,                  663P   1118
145.854247351665,63.4930664357946,106.160120008064,                  663P   1119
120.186789477611,0.,0.,0.;                                           663P   1120
126,5,3,0,0,1,0,-33.1033155318024,-33.1033155318024,                 665P   1121
-33.1033155318024,-33.1033155318024,-16.5516577659012,               665P   1122
-16.5516577659012,0.,0.,0.,0.,1.,1.,1.,1.,1.,1.,                     665P   1123
144.034559189425,131.827577882118,49.4216952669889,                  665P   1124
149.513077141208,131.827577882118,50.07403671366,                    665P   1125
154.846035291975,131.827577882118,51.6286881822967,                  665P   1126
164.78772086481,131.827577882118,56.416351622339,                    665P   1127
169.328241347997,131.827577882118,59.6165168631532,                  665P   1128
173.254062500561,131.827577882118,63.4930664357946,                  665P   1129
-33.1033155318024,0.,0.,0.,0.;                                       665P   1130
126,5,3,0,0,1,0,-57.1870207215789,-57.1870207215789,                 667P   1131
-57.1870207215789,-57.1870207215789,-28.5935103607895,               667P   1132
-28.5935103607895,0.,0.,0.,0.,1.,1.,1.,1.,1.,1.,                     667P   1133
149.946427256335,159.658488866523,9.85101449764533,                  667P   1134
159.394988480024,159.658488866523,11.1031705037403,                  667P   1135
168.584940090056,159.658488866523,13.8483454562758,                  667P   1136
185.759515196134,159.658488866523,22.1191849161664,                  667P   1137
193.635620507338,159.658488866523,27.592589820023,                   667P   1138
200.505677059073,159.658488866523,34.1990659485933,                  667P   1139
-57.1870207215789,0.,0.,0.,0.;                                       667P   1140
126,2,2,0,0,0,0,2.4702325233339D-15,2.4702325233339D-15,             669P   1141
2.4702325233339D-15,0.634086463123825,0.634086463123825,             669P   1142
0.634086463123825,1.,0.950161367872705,1.,200.505677059072,          669P   1143
76.6488129760719,34.1990659485937,179.220485498229,                  669P   1144
76.6488129760719,13.7305139243376,149.946427256335,                  669P   1145
76.6488129760719,9.85101449764598,2.4702325233339D-15,               669P   1146
0.634086463123825,0.,0.,0.;                                          669P   1147
126,1,1,0,0,1,0,50.9813551019942,50.9813551019942,                   671P   1148
133.991030992469,133.991030992469,1.,1.,200.505677059073,            671P   1149
76.6488129760482,34.1990659485933,200.505677059073,                  671P   1150
159.658488866523,34.1990659485933,50.9813551019942,                  671P   1151
133.991030992469,0.,0.,0.;                                           671P   1152
126,3,3,0,0,1,0,-19.3379128019251,-19.3379128019251,                 673P   1153
-19.3379128019251,-19.3379128019251,-0.050784942091041,              673P   1154
-0.050784942091041,-0.050784942091041,-0.050784942091041,1.,1.,      673P   1155
1.,1.,200.505677059073,159.658488866523,34.1990659485933,            673P   1156
196.471000989697,159.785574284177,40.0363300760778,                  673P   1157
192.460043348729,159.720088948544,45.8392789998335,                  673P   1158
188.859971152494,158.589074982964,51.0477695765478,                  673P   1159
-19.3379128019251,-0.050784942091041,0.,0.,0.;                       673P   1160
126,3,3,0,0,1,0,20.8508110249572,20.8508110249572,                   675P   1161
20.8508110249572,20.8508110249572,21.0373745972071,                  675P   1162
21.0373745972071,21.0373745972071,21.0373745972071,1.,1.,1.,1.,      675P   1163
200.504208491529,76.8377179408534,34.2011906338206,                  675P   1164
200.504208491529,76.7755300834367,34.2011906338206,                  675P   1165
200.504686488179,76.7125110160428,34.2004990807314,                  675P   1166
200.505677059073,76.6488129760482,34.1990659485933,                  675P   1167
20.8508110249572,21.0373745972071,0.,0.,0.;                          675P   1168
126,1,1,0,0,1,0,-19.,-19.,57.,57.,1.,1.,200.504208491529,            677P   1169
152.837717940853,34.2011906338206,200.504208491529,                  677P   1170
76.8377179408534,34.2011906338206,-19.,57.,0.,0.,0.;                 677P   1171
126,3,3,0,0,1,0,-21.4256460998531,-21.4256460998531,                 679P   1172
-21.4256460998531,-21.4256460998531,0.,0.,0.,0.,1.,1.,1.,1.,         679P   1173
188.859971152494,149.592226300318,51.0477695765478,                  679P   1174
192.392648242315,151.692491437503,45.9367844823739,                  679P   1175
196.456466733437,152.265379695166,40.0573578590347,                  679P   1176
200.504208491529,152.837717940853,34.2011906338206,                  679P   1177
-21.4256460998531,0.,0.,0.,0.;                                       679P   1178
126,1,1,0,0,1,0,123.924768426264,123.924768426264,                   681P   1179
132.92161710891,132.92161710891,1.,1.,188.859971152494,              681P   1180
149.592226300318,51.0477695765478,188.859971152494,                  681P   1181
158.589074982964,51.0477695765478,123.924768426264,                  681P   1182
132.92161710891,0.,0.,0.;                                            681P   1183
126,7,3,0,0,1,0,-39.9936091740889,-39.9936091740889,                 683P   1184
-39.9936091740889,-39.9936091740889,-26.9945676936391,               683P   1185
-26.9945676936391,-14.5272859816871,-14.5272859816871,               683P   1186
-0.0927942988702007,-0.0927942988702007,-0.0927942988702007,         683P   1187
-0.0927942988702007,1.,1.,1.,1.,1.,1.,1.,1.,188.859971152494,        683P   1188
158.589074982964,51.0477695765478,187.059920858607,                  683P   1189
158.170245255394,52.4832617845726,185.264309313774,                  683P   1190
157.587645525378,53.9152142083901,181.904743802473,                  683P   1191
155.978470398213,56.5943783018599,180.337480715171,                  683P   1192
154.97287144705,57.8442289073203,177.235263138651,                   683P   1193
152.186360581223,60.3181648711187,175.280526811408,                  683P   1194
149.88490987714,61.8770150743738,173.254062500561,                   683P   1195
145.854247351665,63.4930664357946,-39.9936091740889,                 683P   1196
-0.0927942988702007,0.,0.,0.;                                        683P   1197
126,7,3,0,0,1,0,-35.1359886163994,-35.1359886163994,                 685P   1198
-35.1359886163994,-35.1359886163994,-20.9936788100648,               685P   1199
-20.9936788100648,-7.43658944196531,-7.43658944196531,               685P   1200
-0.0529318042117356,-0.0529318042117356,-0.0529318042117356,         685P   1201
-0.0529318042117356,1.,1.,1.,1.,1.,1.,1.,1.,173.254062500561,        685P   1202
131.827577882118,63.4930664357946,174.74108915525,                   685P   1203
134.823281290079,62.3072022501212,176.400126710219,                  685P   1204
137.773375062088,60.9841639488764,180.070382266135,                  685P   1205
142.923323053013,58.0572328126359,182.077261610485,                  685P   1206
145.169653585072,56.4567999407835,185.607417940989,                  685P   1207
147.891638613869,53.6415942086119,187.045002406125,                  685P   1208
148.793063178043,52.4951588534308,188.859971152494,                  685P   1209
149.592226300318,51.0477695765478,-35.1359886163994,                 685P   1210
-0.0529318042117356,0.,0.,0.;                                        685P   1211
126,3,3,0,0,1,0,-19.3379128019251,-19.3379128019251,                 687P   1212
-19.3379128019251,-19.3379128019251,-0.0507849420910361,             687P   1213
-0.0507849420910361,-0.0507849420910361,-0.0507849420910361,1.,      687P   1214
1.,1.,1.,187.486594270511,159.658488866523,174.325232717819,         687P   1215
182.693482429018,159.785574284177,169.092800935775,                  687P   1216
177.92854759061,159.720088948544,163.891128762801,                   687P   1217
173.651736174452,158.589074982964,159.222319705189,                  687P   1218
-19.3379128019251,-0.0507849420910361,0.,0.,0.;                      687P   1219
126,1,1,0,0,1,0,50.9813551019937,50.9813551019937,                   689P   1220
133.991030992469,133.991030992469,1.,1.,187.486594270511,            689P   1221
76.6488129760477,174.325232717819,187.486594270511,                  689P   1222
159.658488866523,174.325232717819,50.9813551019937,                  689P   1223
133.991030992469,0.,0.,0.;                                           689P   1224
126,3,3,0,0,1,0,20.8508110249572,20.8508110249572,                   691P   1225
20.8508110249572,20.8508110249572,21.0373745972076,                  691P   1226
21.0373745972076,21.0373745972076,21.0373745972076,1.,1.,1.,1.,      691P   1227
187.4848496426,76.8377179408534,174.323328183389,187.4848496426,     691P   1228
76.7755300834366,174.323328183389,187.485417492748,                  691P   1229
76.7125110160425,174.323948080704,187.486594270511,                  691P   1230
76.6488129760476,174.325232717819,20.8508110249572,                  691P   1231
21.0373745972076,0.,0.,0.;                                           691P   1232
126,1,1,0,0,1,0,-19.,-19.,57.,57.,1.,1.,187.4848496426,              693P   1233
152.837717940853,174.323328183389,187.4848496426,                    693P   1234
76.8377179408534,174.323328183389,-19.,57.,0.,0.,0.;                 693P   1235
126,3,3,0,0,1,0,-21.4256460998528,-21.4256460998528,                 695P   1236
-21.4256460998528,-21.4256460998528,0.,0.,0.,0.,1.,1.,1.,1.,         695P   1237
173.651736174452,149.592226300318,159.222319705189,                  695P   1238
177.848483596114,151.692491437503,163.803726381373,                  695P   1239
182.676216032759,152.265379695166,169.073951961762,                  695P   1240
187.4848496426,152.837717940853,174.323328183389,                    695P   1241
-21.4256460998528,0.,0.,0.,0.;                                       695P   1242
126,1,1,0,0,1,0,123.924768426264,123.924768426264,                   697P   1243
132.92161710891,132.92161710891,1.,1.,173.651736174452,              697P   1244
149.592226300318,159.222319705189,173.651736174452,                  697P   1245
158.589074982964,159.222319705189,123.924768426264,                  697P   1246
132.92161710891,0.,0.,0.;                                            697P   1247
126,3,3,0,0,1,0,-21.3418462424346,-21.3418462424346,                 699P   1248
-21.3418462424346,-21.3418462424346,-0.0500088055034025,             699P   1249
-0.0500088055034025,-0.0500088055034025,-0.0500088055034025,1.,      699P   1250
1.,1.,1.,204.67188372756,158.589074982964,120.324285005146,          699P   1251
210.17531607868,159.720088951324,123.454960085629,                   699P   1252
216.306869213233,159.78557428405,126.942947105056,                   699P   1253
222.474680723515,159.658488866523,130.451560015038,                  699P   1254
-21.3418462424346,-0.0500088055034025,0.,0.,0.;                      699P   1255
126,1,1,0,0,1,0,123.924768426264,123.924768426264,                   701P   1256
132.92161710891,132.92161710891,1.,1.,204.67188372756,               701P   1257
149.592226300318,120.324285005146,204.67188372756,                   701P   1258
158.589074982964,120.324285005146,123.924768426264,                  701P   1259
132.92161710891,0.,0.,0.;                                            701P   1260
126,3,3,0,0,1,0,-19.7217310557445,-19.7217310557445,                 703P   1261
-19.7217310557445,-19.7217310557445,-0.0527837844629364,             703P   1262
-0.0527837844629364,-0.0527837844629364,-0.0527837844629364,1.,      703P   1263
1.,1.,1.,222.472435723507,152.837717940853,130.450282927371,         703P   1264
216.284650681584,152.265379695166,126.930307901206,                  703P   1265
210.072289129075,151.692491437503,123.396352314484,                  703P   1266
204.67188372756,149.592226300318,120.324285005146,                   703P   1267
-19.7217310557445,-0.0527837844629364,0.,0.,0.;                      703P   1268
126,1,1,0,0,1,0,-57.,-57.,19.,19.,1.,1.,222.472435723507,            705P   1269
76.8377179408534,130.450282927371,222.472435723507,                  705P   1270
152.837717940853,130.450282927371,-57.,19.,0.,0.,0.;                 705P   1271
126,3,3,0,0,1,0,20.6642432496844,20.6642432496844,                   707P   1272
20.6642432496844,20.6642432496844,20.8508068219337,                  707P   1273
20.8508068219337,20.8508068219337,20.8508068219337,1.,1.,1.,1.,      707P   1274
222.474680723515,76.6488129760487,130.451560015038,                  707P   1275
222.473166437248,76.7125110160432,130.450698600201,                  707P   1276
222.472435723507,76.7755300834369,130.450282927371,                  707P   1277
222.472435723507,76.8377179408534,130.450282927371,                  707P   1278
20.6642432496844,20.8508068219337,0.,0.,0.;                          707P   1279
126,1,1,0,0,1,0,50.9813551019948,50.9813551019948,                   709P   1280
133.991030992469,133.991030992469,1.,1.,222.474680723515,            709P   1281
76.6488129760487,130.451560015038,222.474680723515,                  709P   1282
159.658488866523,130.451560015038,50.9813551019948,                  709P   1283
133.991030992469,0.,0.,0.;                                           709P   1284
126,5,3,0,0,1,0,-57.1870207215789,-57.1870207215789,                 711P   1285
-57.1870207215789,-57.1870207215789,-28.5935103607894,               711P   1286
-28.5935103607894,0.,0.,0.,0.,1.,1.,1.,1.,1.,1.,                     711P   1287
222.474680723515,159.658488866523,130.451560015038,                  711P   1288
219.151416214729,159.658488866523,139.384595158036,                  711P   1289
214.430111914402,159.658488866523,147.733276599945,                  711P   1290
202.544937174872,159.658488866523,162.636814329505,                  711P   1291
195.456163649642,159.658488866523,169.097502065555,                  711P   1292
187.486594270511,159.658488866523,174.325232717819,                  711P   1293
-57.1870207215789,0.,0.,0.,0.;                                       711P   1294
126,2,2,0,0,0,0,-2.47023252333386D-15,-2.47023252333386D-15,         713P   1295
-2.47023252333386D-15,0.634086463123821,0.634086463123821,           713P   1296
0.634086463123821,1.,0.950161367872701,1.,187.486594270512,          713P   1297
76.6488129760224,174.32523271782,212.178357666463,                   713P   1298
76.6488129760224,158.128386662187,222.474680723516,                  713P   1299
76.6488129760224,130.451560015039,-2.47023252333386D-15,             713P   1300
0.634086463123821,0.,0.,0.;                                          713P   1301
126,7,3,0,0,1,0,-39.9936091740958,-39.9936091740958,                 715P   1302
-39.9936091740958,-39.9936091740958,-26.9945676936429,               715P   1303
-26.9945676936429,-14.5272859816884,-14.5272859816884,               715P   1304
-0.0927942988701702,-0.0927942988701702,-0.0927942988701702,         715P   1305
-0.0927942988701702,1.,1.,1.,1.,1.,1.,1.,1.,173.651736174452,        715P   1306
158.589074982964,159.222319705189,172.652783625693,                  715P   1307
158.170245255394,157.147973363531,171.656294396776,                  715P   1308
157.587645525378,155.078742158308,169.791876195999,                  715P   1309
155.978470398213,151.207237872237,168.92211080062,                   715P   1310
154.97287144705,149.401151418661,167.200509929026,                   715P   1311
152.186360581223,145.826210372438,166.115713108138,                  715P   1312
149.884909877141,143.573606562927,164.991110259449,                  715P   1313
145.854247351665,141.238344684976,-39.9936091740958,                 715P   1314
-0.0927942988701702,0.,0.,0.;                                        715P   1315
126,7,3,0,0,1,0,-35.1359886164884,-35.1359886164884,                 717P   1316
-35.1359886164884,-35.1359886164884,-20.9936788101022,               717P   1317
-20.9936788101022,-7.43658944195357,-7.43658944195357,               717P   1318
-0.0529318042116904,-0.0529318042116904,-0.0529318042116904,         717P   1319
-0.0529318042116904,1.,1.,1.,1.,1.,1.,1.,1.,164.991110259449,        717P   1320
131.827577882118,141.238344684976,165.8163477941,                    717P   1321
134.823281290082,142.951968082934,166.737044176669,                  717P   1322
137.773375062093,144.863813821086,168.773882344265,                  717P   1323
142.923323053021,149.093351857455,169.887616356567,                  717P   1324
145.169653585081,151.406044364025,171.846705319718,                  717P   1325
147.891638613873,155.474134513798,172.644504509171,                  717P   1326
148.793063178044,157.130781600929,173.651736174452,                  717P   1327
149.592226300318,159.222319705189,-35.1359886164884,                 717P   1328
-0.0529318042116904,0.,0.,0.;                                        717P   1329
126,1,1,0,0,1,0,106.160120008064,106.160120008064,                   719P   1330
120.186789477611,120.186789477611,1.,1.,164.991110259448,            719P   1331
131.827577882118,141.238344684976,164.991110259448,                  719P   1332
145.854247351665,141.238344684976,106.160120008064,                  719P   1333
120.186789477611,0.,0.,0.;                                           719P   1334
126,5,3,0,0,1,0,-33.1033155318024,-33.1033155318024,                 721P   1335
-33.1033155318024,-33.1033155318024,-16.5516577659012,               721P   1336
-16.5516577659012,0.,0.,0.,0.,1.,1.,1.,1.,1.,1.,                     721P   1337
164.991110259448,145.854247351665,141.238344684976,                  721P   1338
169.644044030187,145.854247351665,138.273565496541,                  721P   1339
173.774335305617,145.854247351665,134.558989099848,                  721P   1340
180.654195186214,145.854247351665,125.931917680903,                  721P   1341
183.356563125161,145.854247351665,121.078610422,                     721P   1342
185.211633941121,145.854247351665,115.882609981389,                  721P   1343
-33.1033155318024,0.,0.,0.,0.;                                       721P   1344
126,5,3,0,0,1,0,-33.1033155318024,-33.1033155318024,                 723P   1345
-33.1033155318024,-33.1033155318024,-16.5516577659012,               723P   1346
-16.5516577659012,0.,0.,0.,0.,1.,1.,1.,1.,1.,1.,                     723P   1347
185.211633941121,131.827577882118,115.882609981389,                  723P   1348
183.356563125161,131.827577882118,121.078610422,                     723P   1349
180.654195186214,131.827577882118,125.931917680903,                  723P   1350
173.774335305617,131.827577882118,134.558989099848,                  723P   1351
169.644044030187,131.827577882118,138.273565496541,                  723P   1352
164.991110259448,131.827577882118,141.238344684976,                  723P   1353
-33.1033155318024,0.,0.,0.,0.;                                       723P   1354
126,1,1,0,0,1,0,106.160120008064,106.160120008064,                   725P   1355
120.186789477611,120.186789477611,1.,1.,185.211633941121,            725P   1356
131.827577882118,115.882609981389,185.211633941121,                  725P   1357
145.854247351665,115.882609981389,106.160120008064,                  725P   1358
120.186789477611,0.,0.,0.;                                           725P   1359
126,7,3,0,0,1,0,-26.1319959262024,-26.1319959262024,                 727P   1360
-26.1319959262024,-26.1319959262024,-16.2685961501299,               727P   1361
-16.2685961501299,-13.0420103174551,-13.0420103174551,               727P   1362
-0.0508260745122933,-0.0508260745122933,-0.0508260745122933,         727P   1363
-0.0508260745122933,1.,1.,1.,1.,1.,1.,1.,1.,185.211633941121,        727P   1364
145.854247351665,115.882609981389,186.81373333537,                   727P   1365
148.409698506783,116.248278713451,188.706809196395,                  727P   1366
150.795416783675,116.680360925256,191.761491887021,                  727P   1367
153.345762890986,117.377572315723,192.550198819996,                  727P   1368
153.917629331971,117.557589526765,196.675772641663,                  727P   1369
156.53459595066,118.499224829675,200.519882506834,                   727P   1370
157.814343897034,119.376617820856,204.67188372756,                   727P   1371
158.589074982964,120.324285005146,-26.1319959262024,                 727P   1372
-0.0508260745122933,0.,0.,0.;                                        727P   1373
126,7,3,0,0,1,0,-26.5884820317823,-26.5884820317823,                 729P   1374
-26.5884820317823,-26.5884820317823,-20.5475741427597,               729P   1375
-20.5475741427597,-13.9113170592426,-13.9113170592426,               729P   1376
-0.0933371593741247,-0.0933371593741247,-0.0933371593741247,         729P   1377
-0.0933371593741247,1.,1.,1.,1.,1.,1.,1.,1.,204.67188372756,         729P   1378
149.592226300318,120.324285005146,202.372725832057,                  729P   1379
148.78037641867,119.799517218905,200.518607531092,                   729P   1380
147.85194644319,119.376326815962,196.988592313845,                   729P   1381
145.622947313393,118.570623878128,195.285575252348,                  729P   1382
144.251132342583,118.181921347321,190.407084868901,                  729P   1383
139.559670919107,117.068437752424,187.619725959028,                  729P   1384
135.717973688379,116.432241270208,185.211633941121,                  729P   1385
131.827577882118,115.882609981389,-26.5884820317823,                 729P   1386
-0.0933371593741247,0.,0.,0.;                                        729P   1387
126,5,3,0,0,1,0,-57.187020721579,-57.187020721579,                   731P   1388
-57.187020721579,-57.187020721579,-28.5935103607895,                 731P   1389
-28.5935103607895,0.,0.,0.,0.,1.,1.,1.,1.,1.,1.,                     731P   1390
88.7587879745173,159.658488866523,174.325232717819,                  731P   1391
80.7892185953866,159.658488866523,169.097502065555,                  731P   1392
73.7004450701565,159.658488866523,162.636814329505,                  731P   1393
61.8152703306269,159.658488866523,147.733276599945,                  731P   1394
57.0939660303001,159.658488866523,139.384595158036,                  731P   1395
53.7707015215133,159.658488866523,130.451560015038,                  731P   1396
-57.187020721579,0.,0.,0.,0.;                                        731P   1397
126,1,1,0,0,1,0,50.9813551019958,50.9813551019958,                   733P   1398
133.991030992469,133.991030992469,1.,1.,88.7587879745173,            733P   1399
76.6488129760497,174.325232717819,88.7587879745173,                  733P   1400
159.658488866523,174.325232717819,50.9813551019958,                  733P   1401
133.991030992469,0.,0.,0.;                                           733P   1402
126,2,2,0,0,0,0,-1.12283296515176D-16,-1.12283296515176D-16,         735P   1403
-1.12283296515176D-16,0.634086463123823,0.634086463123823,           735P   1404
0.634086463123823,1.,0.9501613678727,1.,53.7707015215134,            735P   1405
76.6488129760524,130.451560015038,64.0670245785662,                  735P   1406
76.6488129760524,158.128386662186,88.7587879745174,                  735P   1407
76.6488129760524,174.325232717819,-1.12283296515176D-16,             735P   1408
0.634086463123823,0.,0.,0.;                                          735P   1409
126,1,1,0,0,1,0,50.9813551019942,50.9813551019942,                   737P   1410
133.991030992469,133.991030992469,1.,1.,53.7707015215133,            737P   1411
76.6488129760482,130.451560015038,53.7707015215133,                  737P   1412
159.658488866523,130.451560015038,50.9813551019942,                  737P   1413
133.991030992469,0.,0.,0.;                                           737P   1414
126,3,3,0,0,1,0,-19.3379128019247,-19.3379128019247,                 739P   1415
-19.3379128019247,-19.3379128019247,-0.0507849420910498,             739P   1416
-0.0507849420910498,-0.0507849420910498,-0.0507849420910498,1.,      739P   1417
1.,1.,1.,53.7707015215133,159.658488866523,130.451560015038,         739P   1418
59.9385130379414,159.785574284177,126.94294710156,                   739P   1419
66.0700661798764,159.720088948544,123.454960077934,                  739P   1420
71.5734985174683,158.589074982964,120.324285005146,                  739P   1421
-19.3379128019247,-0.0507849420910498,0.,0.,0.;                      739P   1422
126,3,3,0,0,1,0,20.8508110249572,20.8508110249572,                   741P   1423
20.8508110249572,20.8508110249572,21.0373745972071,                  741P   1424
21.0373745972071,21.0373745972071,21.0373745972071,1.,1.,1.,1.,      741P   1425
53.7729465215215,76.8377179408534,130.450282927371,                  741P   1426
53.7729465215215,76.7755300834367,130.450282927371,                  741P   1427
53.7722158077804,76.7125110160428,130.450698600201,                  741P   1428
53.7707015215133,76.6488129760482,130.451560015038,                  741P   1429
20.8508110249572,21.0373745972071,0.,0.,0.;                          741P   1430
126,1,1,0,0,1,0,-19.,-19.,57.,57.,1.,1.,53.7729465215215,            743P   1431
152.837717940853,130.450282927371,53.7729465215215,                  743P   1432
76.8377179408534,130.450282927371,-19.,57.,0.,0.,0.;                 743P   1433
126,3,3,0,0,1,0,-21.4256460998528,-21.4256460998528,                 745P   1434
-21.4256460998528,-21.4256460998528,0.,0.,0.,0.,1.,1.,1.,1.,         745P   1435
71.5734985174683,149.592226300318,120.324285005146,                  745P   1436
66.1730931159533,151.692491437503,123.396352314484,                  745P   1437
59.9607315634445,152.265379695166,126.930307901206,                  745P   1438
53.7729465215215,152.837717940853,130.450282927371,                  745P   1439
-21.4256460998528,0.,0.,0.,0.;                                       745P   1440
126,1,1,0,0,1,0,123.924768426264,123.924768426264,                   747P   1441
132.92161710891,132.92161710891,1.,1.,71.5734985174683,              747P   1442
149.592226300318,120.324285005146,71.5734985174683,                  747P   1443
158.589074982964,120.324285005146,123.924768426264,                  747P   1444
132.92161710891,0.,0.,0.;                                            747P   1445
126,7,3,0,0,1,0,-39.9936091740869,-39.9936091740869,                 749P   1446
-39.9936091740869,-39.9936091740869,-26.9945676936383,               749P   1447
-26.9945676936383,-14.5272859816869,-14.5272859816869,               749P   1448
-0.0927942988702351,-0.0927942988702351,-0.0927942988702351,         749P   1449
-0.0927942988702351,1.,1.,1.,1.,1.,1.,1.,1.,71.5734985174683,        749P   1450
158.589074982964,120.324285005146,73.8181245196113,                  749P   1451
158.170245255394,119.811963767711,76.0572154922362,                  749P   1452
157.587645525378,119.300905864609,80.2465251621815,                  749P   1453
155.978470398213,118.344723270244,82.2008702656884,                  749P   1454
154.97287144705,117.898656753695,86.0692723099035,                   749P   1455
152.186360581223,117.015719230785,88.5067886406195,                  749P   1456
149.88490987714,116.459372034582,91.0337483039076,                   749P   1457
145.854247351665,115.882609981389,-39.9936091740869,                 749P   1458
-0.0927942988702351,0.,0.,0.;                                        749P   1459
126,7,3,0,0,1,0,-35.1359886164953,-35.1359886164953,                 751P   1460
-35.1359886164953,-35.1359886164953,-20.9936788101052,               751P   1461
-20.9936788101052,-7.4365894419521,-7.4365894419521,                 751P   1462
-0.0529318042117637,-0.0529318042117637,-0.0529318042117637,         751P   1463
-0.0529318042117637,1.,1.,1.,1.,1.,1.,1.,1.,91.0337483039076,        751P   1464
131.827577882118,115.882609981389,89.1794563953244,                  751P   1465
134.823281290082,116.305840009138,87.1106704024739,                  751P   1466
137.773375062093,116.778026911916,82.5339365838111,                  751P   1467
142.923323053022,117.822636540046,80.0313989742661,                  751P   1468
145.169653585083,118.393824418869,75.6293660321969,                  751P   1469
147.891638613873,119.398559711947,73.8367275255717,                  751P   1470
148.793063178045,119.807717752996,71.5734985174683,                  751P   1471
149.592226300318,120.324285005146,-35.1359886164953,                 751P   1472
-0.0529318042117637,0.,0.,0.;                                        751P   1473
126,1,1,0,0,1,0,106.160120008064,106.160120008064,                   753P   1474
120.186789477611,120.186789477611,1.,1.,91.0337483039076,            753P   1475
131.827577882118,115.882609981389,91.0337483039076,                  753P   1476
145.854247351665,115.882609981389,106.160120008064,                  753P   1477
120.186789477611,0.,0.,0.;                                           753P   1478
126,5,3,0,0,1,0,-33.1033155318023,-33.1033155318023,                 755P   1479
-33.1033155318023,-33.1033155318023,-16.5516577659011,               755P   1480
-16.5516577659011,0.,0.,0.,0.,1.,1.,1.,1.,1.,1.,                     755P   1481
91.0337483039076,145.854247351665,115.882609981389,                  755P   1482
92.8888191198675,145.854247351665,121.078610422,                     755P   1483
95.5911870588144,145.854247351665,125.931917680903,                  755P   1484
102.471046939411,145.854247351665,134.558989099848,                  755P   1485
106.601338214842,145.854247351665,138.273565496541,                  755P   1486
111.25427198558,145.854247351665,141.238344684976,                   755P   1487
-33.1033155318023,0.,0.,0.,0.;                                       755P   1488
126,5,3,0,0,1,0,-33.1033155318023,-33.1033155318023,                 757P   1489
-33.1033155318023,-33.1033155318023,-16.5516577659012,               757P   1490
-16.5516577659012,0.,0.,0.,0.,1.,1.,1.,1.,1.,1.,111.25427198558,     757P   1491
131.827577882118,141.238344684976,106.601338214842,                  757P   1492
131.827577882118,138.273565496541,102.471046939411,                  757P   1493
131.827577882118,134.558989099848,95.5911870588144,                  757P   1494
131.827577882118,125.931917680903,92.8888191198675,                  757P   1495
131.827577882118,121.078610422,91.0337483039076,                     757P   1496
131.827577882118,115.882609981389,-33.1033155318023,0.,0.,0.,0.;     757P   1497
126,1,1,0,0,1,0,106.160120008064,106.160120008064,                   759P   1498
120.186789477611,120.186789477611,1.,1.,111.25427198558,             759P   1499
131.827577882118,141.238344684976,111.25427198558,                   759P   1500
145.854247351665,141.238344684976,106.160120008064,                  759P   1501
120.186789477611,0.,0.,0.;                                           759P   1502
126,7,3,0,0,1,0,-26.1319959262368,-26.1319959262368,                 761P   1503
-26.1319959262368,-26.1319959262368,-16.2685961501447,               761P   1504
-16.2685961501447,-13.0420103174643,-13.0420103174643,               761P   1505
-0.0508260745123127,-0.0508260745123127,-0.0508260745123127,         761P   1506
-0.0508260745123127,1.,1.,1.,1.,1.,1.,1.,1.,111.25427198558,         761P   1507
145.854247351665,141.238344684976,110.541270678582,                  761P   1508
148.409698506783,142.718907154742,109.698772661291,                  761P   1509
150.795416783675,144.468372314217,108.339310970775,                  761P   1510
153.345762890986,147.291323602394,107.988303363714,                  761P   1511
153.91762933197,148.020198407953,106.152250283908,                   761P   1512
156.534595950659,151.832801913412,104.441460449426,                  761P   1513
157.814343897033,155.385293610616,102.593646070577,                  761P   1514
158.589074982964,159.222319705189,-26.1319959262368,                 761P   1515
-0.0508260745123127,0.,0.,0.;                                        761P   1516
126,7,3,0,0,1,0,-26.58848203178,-26.58848203178,-26.58848203178,     763P   1517
-26.58848203178,-20.5475741427586,-20.5475741427586,                 763P   1518
-13.9113170592419,-13.9113170592419,-0.0933371593740635,             763P   1519
-0.0933371593740635,-0.0933371593740635,-0.0933371593740635,1.,      763P   1520
1.,1.,1.,1.,1.,1.,1.,102.593646070577,149.592226300318,              763P   1521
159.222319705189,103.616867595018,148.78037641867,                   763P   1522
157.097578316254,104.442027867011,147.851946443189,                  763P   1523
155.38411535586,106.013032433054,145.622947313393,                   763P   1524
152.121890760358,106.770946326942,144.251132342583,                  763P   1525
150.548066342369,108.942078799785,139.559670919107,                  763P   1526
146.039663307718,110.182570215825,135.717973688378,                  763P   1527
143.463756340616,111.25427198558,131.827577882118,                   763P   1528
141.238344684976,-26.58848203178,-0.0933371593740635,0.,0.,0.;       763P   1529
126,1,1,0,0,1,0,123.924768426264,123.924768426264,                   765P   1530
132.92161710891,132.92161710891,1.,1.,102.593646070577,              765P   1531
149.592226300318,159.222319705189,102.593646070577,                  765P   1532
158.589074982964,159.222319705189,123.924768426264,                  765P   1533
132.92161710891,0.,0.,0.;                                            765P   1534
126,3,3,0,0,1,0,-21.3418462424348,-21.3418462424348,                 767P   1535
-21.3418462424348,-21.3418462424348,-0.0500088055034849,             767P   1536
-0.0500088055034849,-0.0500088055034849,-0.0500088055034849,1.,      767P   1537
1.,1.,1.,102.593646070577,158.589074982964,159.222319705189,         767P   1538
98.3168346439058,159.720088951324,163.891128774278,                  767P   1539
93.5518998112354,159.78557428405,169.092800940989,                   767P   1540
88.7587879745173,159.658488866523,174.325232717819,                  767P   1541
-21.3418462424348,-0.0500088055034849,0.,0.,0.;                      767P   1542
126,3,3,0,0,1,0,-19.7217310557448,-19.7217310557448,                 769P   1543
-19.7217310557448,-19.7217310557448,-0.0527837844629856,             769P   1544
-0.0527837844629856,-0.0527837844629856,-0.0527837844629856,1.,      769P   1545
1.,1.,1.,88.7605326024286,152.837717940853,174.323328183389,         769P   1546
93.5691662122695,152.265379695166,169.073951961762,                  769P   1547
98.3968986489146,151.692491437503,163.803726381373,                  769P   1548
102.593646070577,149.592226300318,159.222319705189,                  769P   1549
-19.7217310557448,-0.0527837844629856,0.,0.,0.;                      769P   1550
126,1,1,0,0,1,0,-57.,-57.,19.,19.,1.,1.,88.7605326024286,            771P   1551
76.8377179408534,174.323328183389,88.7605326024286,                  771P   1552
152.837717940853,174.323328183389,-57.,19.,0.,0.,0.;                 771P   1553
126,3,3,0,0,1,0,20.6642432496854,20.6642432496854,                   773P   1554
20.6642432496854,20.6642432496854,20.8508068219337,                  773P   1555
20.8508068219337,20.8508068219337,20.8508068219337,1.,1.,1.,1.,      773P   1556
88.7587879745173,76.6488129760497,174.325232717819,                  773P   1557
88.7599647522802,76.7125110160439,174.323948080704,                  773P   1558
88.7605326024286,76.7755300834372,174.323328183389,                  773P   1559
88.7605326024286,76.8377179408534,174.323328183389,                  773P   1560
20.6642432496854,20.8508068219337,0.,0.,0.;                          773P   1561
126,2,2,0,0,0,0,-0.108457723906601,-0.108457723906601,               775P   1562
-0.108457723906601,0.,0.,0.,1.,0.998529975568639,1.,                 775P   1563
119.450501171192,125.551772062477,82.4472055266537,                  775P   1564
118.548128976228,125.551772062477,83.4607708867536,                  775P   1565
117.760772519446,125.551772062477,84.566058237356,                   775P   1566
-0.108457723906601,0.,0.,0.,0.;                                      775P   1567
126,1,1,0,0,1,0,89.8843141884232,89.8843141884232,                   777P   1568
99.8843141884232,99.8843141884232,1.,1.,119.450501171192,            777P   1569
115.551772062477,82.4472055266537,119.450501171192,                  777P   1570
125.551772062477,82.4472055266537,89.8843141884232,                  777P   1571
99.8843141884232,0.,0.,0.;                                           777P   1572
126,2,2,0,0,0,0,0.,0.,0.,0.108457723906601,0.108457723906601,        779P   1573
0.108457723906601,1.,0.998529975568639,1.,117.760772519446,          779P   1574
115.551772062477,84.566058237356,118.548128976228,                   779P   1575
115.551772062477,83.4607708867536,119.450501171192,                  779P   1576
115.551772062477,82.4472055266537,0.,0.108457723906601,0.,0.,0.;     779P   1577
126,1,1,0,0,1,0,89.8843141884232,89.8843141884232,                   781P   1578
99.8843141884232,99.8843141884232,1.,1.,117.760772519446,            781P   1579
115.551772062477,84.566058237356,117.760772519446,                   781P   1580
125.551772062477,84.566058237356,89.8843141884232,                   781P   1581
99.8843141884232,0.,0.,0.;                                           781P   1582
126,8,2,0,0,0,0,0.458869548084619,0.458869548084619,                 783P   1583
0.458869548084619,1.91494848785836,1.91494848785836,                 783P   1584
3.3710274276321,3.3710274276321,4.82710636740584,                    783P   1585
4.82710636740584,6.28318530717959,6.28318530717959,                  783P   1586
6.28318530717959,1.,0.746480387403394,1.,0.74648038740339,1.,        783P   1587
0.746480387403389,1.,0.746480387403386,1.,117.760772519445,          783P   1588
125.551772062477,84.5660582373553,113.591765352192,                  783P   1589
125.551772062477,87.8565251005597,109.845716842556,                  783P   1590
125.551772062477,84.0915664683958,106.09966833292,                   783P   1591
125.551772062477,80.3266078362318,109.411085590602,                  783P   1592
125.551772062477,76.1742219336482,112.722502848285,                  783P   1593
125.551772062477,72.0218360310647,117.22664032,125.551772062477,     783P   1594
74.8361811723631,121.730777791715,125.551772062477,                  783P   1595
77.6505263136614,119.450501171192,125.551772062477,                  783P   1596
82.4472055266537,0.458869548084619,6.28318530717959,0.,0.,0.;        783P   1597
126,8,2,0,0,0,0,-5.00379578975307D-16,-5.00379578975307D-16,         785P   1598
-5.00379578975307D-16,1.45607893977374,1.45607893977374,             785P   1599
2.91215787954748,2.91215787954748,4.36823681932123,                  785P   1600
4.36823681932123,5.82431575909497,5.82431575909497,                  785P   1601
5.82431575909497,1.,0.746480387403388,1.,0.746480387403389,1.,       785P   1602
0.746480387403387,1.,0.746480387403381,1.,119.450501171192,          785P   1603
115.551772062477,82.4472055266537,121.730777791715,                  785P   1604
115.551772062477,77.6505263136614,117.22664032,115.551772062477,     785P   1605
74.8361811723631,112.722502848285,115.551772062477,                  785P   1606
72.0218360310647,109.411085590602,115.551772062477,                  785P   1607
76.1742219336482,106.09966833292,115.551772062477,                   785P   1608
80.3266078362318,109.845716842556,115.551772062477,                  785P   1609
84.0915664683958,113.591765352192,115.551772062477,                  785P   1610
87.8565251005598,117.760772519445,115.551772062477,                  785P   1611
84.5660582373553,-5.00379578975307D-16,5.82431575909497,0.,0.,       785P   1612
0.;                                                                  785P   1613
126,2,2,0,0,0,0,-0.108457723906394,-0.108457723906394,               787P   1614
-0.108457723906394,0.,0.,0.,1.,0.998529975569208,1.,                 787P   1615
158.484609725581,125.551772062477,84.5660582373534,                  787P   1616
157.6972532688,125.551772062477,83.4607708867535,                    787P   1617
156.794881073839,125.551772062477,82.447205526656,                   787P   1618
-0.108457723906394,0.,0.,0.,0.;                                      787P   1619
126,1,1,0,0,1,0,89.8843141884232,89.8843141884232,                   789P   1620
99.8843141884232,99.8843141884232,1.,1.,158.484609725581,            789P   1621
115.551772062477,84.5660582373534,158.484609725581,                  789P   1622
125.551772062477,84.5660582373534,89.8843141884232,                  789P   1623
99.8843141884232,0.,0.,0.;                                           789P   1624
126,2,2,0,0,0,0,0.,0.,0.,0.108457723906394,0.108457723906394,        791P   1625
0.108457723906394,1.,0.998529975569208,1.,156.794881073839,          791P   1626
115.551772062477,82.447205526656,157.6972532688,                     791P   1627
115.551772062477,83.4607708867535,158.484609725581,                  791P   1628
115.551772062477,84.5660582373534,0.,0.108457723906394,0.,0.,0.;     791P   1629
126,1,1,0,0,1,0,89.8843141884232,89.8843141884232,                   793P   1630
99.8843141884232,99.8843141884232,1.,1.,156.794881073839,            793P   1631
115.551772062477,82.447205526656,156.794881073839,                   793P   1632
125.551772062477,82.447205526656,89.8843141884232,                   793P   1633
99.8843141884232,0.,0.,0.;                                           793P   1634
126,8,2,0,0,0,0,0.458869548083682,0.458869548083682,                 795P   1635
0.458869548083682,1.91494848785766,1.91494848785766,                 795P   1636
3.37102742763163,3.37102742763163,4.82710636740561,                  795P   1637
4.82710636740561,6.28318530717959,6.28318530717959,                  795P   1638
6.28318530717959,1.,0.746480387403308,1.,0.746480387403311,1.,       795P   1639
0.74648038740331,1.,0.746480387403309,1.,156.794881073838,           795P   1640
125.551772062477,82.4472055266564,154.514604453312,                  795P   1641
125.551772062477,77.6505263136646,159.018741925027,                  795P   1642
125.551772062477,74.8361811723645,163.522879396741,                  795P   1643
125.551772062477,72.0218360310644,166.834296654425,                  795P   1644
125.551772062477,76.1742219336484,170.145713912109,                  795P   1645
125.551772062477,80.3266078362323,166.399665402471,                  795P   1646
125.551772062477,84.0915664683962,162.653616892834,                  795P   1647
125.551772062477,87.8565251005601,158.484609725581,                  795P   1648
125.551772062477,84.5660582373534,0.458869548083682,                 795P   1649
6.28318530717959,0.,0.,0.;                                           795P   1650
126,8,2,0,0,0,0,0.,0.,0.,1.45607893977398,1.45607893977398,          797P   1651
2.91215787954795,2.91215787954795,4.36823681932193,                  797P   1652
4.36823681932193,5.8243157590959,5.8243157590959,                    797P   1653
5.8243157590959,1.,0.746480387403309,1.,0.746480387403312,1.,        797P   1654
0.746480387403311,1.,0.746480387403307,1.,158.484609725581,          797P   1655
115.551772062477,84.5660582373534,162.653616892834,                  797P   1656
115.551772062477,87.8565251005601,166.399665402471,                  797P   1657
115.551772062477,84.0915664683962,170.145713912109,                  797P   1658
115.551772062477,80.3266078362323,166.834296654425,                  797P   1659
115.551772062477,76.1742219336484,163.522879396741,                  797P   1660
115.551772062477,72.0218360310644,159.018741925027,                  797P   1661
115.551772062477,74.8361811723645,154.514604453312,                  797P   1662
115.551772062477,77.6505263136646,156.794881073838,                  797P   1663
115.551772062477,82.4472055266564,0.,5.8243157590959,0.,0.,0.;       797P   1664
126,2,2,0,0,0,0,-0.108457723906708,-0.108457723906708,               799P   1665
-0.108457723906708,0.,0.,0.,1.,0.998529975568403,1.,                 799P   1666
147.732974784444,125.551772062477,122.150011110059,                  799P   1667
148.98575356765,125.551772062477,121.628344897051,                   799P   1668
150.174703431634,125.551772062477,120.974136567557,                  799P   1669
-0.108457723906708,0.,0.,0.,0.;                                      799P   1670
126,1,1,0,0,1,0,89.8843141884232,89.8843141884232,                   801P   1671
99.8843141884232,99.8843141884232,1.,1.,147.732974784444,            801P   1672
115.551772062477,122.150011110059,147.732974784444,                  801P   1673
125.551772062477,122.150011110059,89.8843141884232,                  801P   1674
99.8843141884232,0.,0.,0.;                                           801P   1675
126,2,2,0,0,0,0,0.,0.,0.,0.108457723906708,0.108457723906708,        803P   1676
0.108457723906708,1.,0.998529975568403,1.,150.174703431634,          803P   1677
115.551772062477,120.974136567557,148.98575356765,                   803P   1678
115.551772062477,121.628344897051,147.732974784444,                  803P   1679
115.551772062477,122.150011110059,0.,0.108457723906708,0.,0.,0.;     803P   1680
126,1,1,0,0,1,0,89.8843141884232,89.8843141884232,                   805P   1681
99.8843141884232,99.8843141884232,1.,1.,150.174703431634,            805P   1682
115.551772062477,120.974136567557,150.174703431634,                  805P   1683
125.551772062477,120.974136567557,89.8843141884232,                  805P   1684
99.8843141884232,0.,0.,0.;                                           805P   1685
126,8,2,0,0,0,0,0.458869548085412,0.458869548085412,                 807P   1686
0.458869548085412,1.91494848785896,1.91494848785896,                 807P   1687
3.3710274276325,3.3710274276325,4.82710636740604,                    807P   1688
4.82710636740604,6.28318530717959,6.28318530717959,                  807P   1689
6.28318530717959,1.,0.746480387403455,1.,0.746480387403453,1.,       807P   1690
0.746480387403453,1.,0.746480387403453,1.,150.174703431634,          807P   1691
125.551772062477,120.97413656756,155.358529165441,                   807P   1692
125.551772062477,119.81839278109,157.100047921324,                   807P   1693
125.551772062477,124.835852831887,158.841566677207,                  807P   1694
125.551772062477,129.853312882684,154.056430097728,                  807P   1695
125.551772062477,132.157713206883,149.271293518249,                  807P   1696
125.551772062477,134.462113531082,146.434304472558,                  807P   1697
125.551772062477,129.972204167512,143.597315426867,                  807P   1698
125.551772062477,125.482294803943,147.732974784444,                  807P   1699
125.551772062477,122.150011110059,0.458869548085412,                 807P   1700
6.28318530717959,0.,0.,0.;                                           807P   1701
126,8,2,0,0,0,0,-1.50113873692627D-15,-1.50113873692627D-15,         809P   1702
-1.50113873692627D-15,1.45607893977354,1.45607893977354,             809P   1703
2.91215787954709,2.91215787954709,4.36823681932063,                  809P   1704
4.36823681932063,5.82431575909417,5.82431575909417,                  809P   1705
5.82431575909417,1.,0.746480387403453,1.,0.746480387403454,1.,       809P   1706
0.746480387403453,1.,0.746480387403455,1.,147.732974784444,          809P   1707
115.551772062477,122.150011110059,143.597315426867,                  809P   1708
115.551772062477,125.482294803943,146.434304472558,                  809P   1709
115.551772062477,129.972204167512,149.271293518249,                  809P   1710
115.551772062477,134.462113531082,154.056430097728,                  809P   1711
115.551772062477,132.157713206883,158.841566677207,                  809P   1712
115.551772062477,129.853312882684,157.100047921324,                  809P   1713
115.551772062477,124.835852831887,155.358529165441,                  809P   1714
115.551772062477,119.81839278109,150.174703431634,                   809P   1715
115.551772062477,120.97413656756,-1.50113873692627D-15,              809P   1716
5.82431575909417,0.,0.,0.;                                           809P   1717
126,8,2,0,0,0,0,0.458869548084075,0.458869548084075,                 811P   1718
0.458869548084075,1.91494848785795,1.91494848785795,                 811P   1719
3.37102742763183,3.37102742763183,4.82710636740571,                  811P   1720
4.82710636740571,6.28318530717959,6.28318530717959,                  811P   1721
6.28318530717959,1.,0.746480387403342,1.,0.746480387403337,1.,       811P   1722
0.746480387403342,1.,0.746480387403351,1.,114.08685110104,           811P   1723
125.551772062477,105.946891922874,114.060108234056,                  811P   1724
125.551772062477,111.25792550943,108.780922002214,                   811P   1725
125.551772062477,111.839290857544,103.501735770373,                  811P   1726
125.551772062477,112.420656205659,102.319904634238,                  811P   1727
125.551772062477,107.242715678372,101.138073498104,                  811P   1728
125.551772062477,102.064775151085,106.146700911886,                  811P   1729
125.551772062477,100.298014168843,111.155328325668,                  811P   1730
125.551772062477,98.5312531866017,113.483793927373,                  811P   1731
125.551772062477,103.304725809351,0.458869548084075,                 811P   1732
6.28318530717959,0.,0.,0.;                                           811P   1733
126,1,1,0,0,1,0,89.8843141884232,89.8843141884232,                   813P   1734
99.8843141884232,99.8843141884232,1.,1.,114.08685110104,             813P   1735
115.551772062477,105.946891922874,114.08685110104,                   813P   1736
125.551772062477,105.946891922874,89.8843141884232,                  813P   1737
99.8843141884232,0.,0.,0.;                                           813P   1738
126,8,2,0,0,0,0,0.,0.,0.,1.45607893977388,1.45607893977388,          815P   1739
2.91215787954776,2.91215787954776,4.36823681932163,                  815P   1740
4.36823681932163,5.82431575909551,5.82431575909551,                  815P   1741
5.82431575909551,1.,0.746480387403339,1.,0.746480387403343,1.,       815P   1742
0.746480387403344,1.,0.746480387403338,1.,113.483793927373,          815P   1743
115.551772062477,103.304725809351,111.155328325668,                  815P   1744
115.551772062477,98.5312531866017,106.146700911886,                  815P   1745
115.551772062477,100.298014168843,101.138073498104,                  815P   1746
115.551772062477,102.064775151085,102.319904634238,                  815P   1747
115.551772062477,107.242715678372,103.501735770373,                  815P   1748
115.551772062477,112.420656205659,108.780922002214,                  815P   1749
115.551772062477,111.839290857544,114.060108234056,                  815P   1750
115.551772062477,111.25792550943,114.08685110104,                    815P   1751
115.551772062477,105.946891922874,0.,5.82431575909551,0.,0.,0.;      815P   1752
126,1,1,0,0,1,0,89.8843141884232,89.8843141884232,                   817P   1753
99.8843141884232,99.8843141884232,1.,1.,113.483793927373,            817P   1754
115.551772062477,103.304725809351,113.483793927373,                  817P   1755
125.551772062477,103.304725809351,89.8843141884232,                  817P   1756
99.8843141884232,0.,0.,0.;                                           817P   1757
126,2,2,0,0,0,0,-0.10845772390645,-0.10845772390645,                 819P   1758
-0.10845772390645,3.18323145620612D-16,3.18323145620612D-16,         819P   1759
3.18323145620612D-16,1.,0.99852997556888,1.,113.483793927373,        819P   1760
125.551772062477,103.304725809351,113.713611374397,                  819P   1761
125.551772062477,104.642176465815,114.08685110104,                   819P   1762
125.551772062477,105.946891922874,-0.10845772390645,                 819P   1763
3.18323145620612D-16,0.,0.,0.;                                       819P   1764
126,2,2,0,0,0,0,-3.18323145620612D-16,-3.18323145620612D-16,         821P   1765
-3.18323145620612D-16,0.10845772390645,0.10845772390645,             821P   1766
0.10845772390645,1.,0.99852997556888,1.,114.08685110104,             821P   1767
115.551772062477,105.946891922874,113.713611374397,                  821P   1768
115.551772062477,104.642176465815,113.483793927373,                  821P   1769
115.551772062477,103.304725809351,-3.18323145620612D-16,             821P   1770
0.10845772390645,0.,0.,0.;                                           821P   1771
126,2,2,0,0,0,0,5.92703471500949,5.92703471500949,                   823P   1772
5.92703471500949,6.19053694883685,6.19053694883685,                  823P   1773
6.19053694883685,1.,0.99133336902355,1.,53.7729465215215,            823P   1774
76.8377179408534,130.450282927371,49.6145975206632,                  823P   1775
76.8377179408534,119.272358092774,48.5112206894995,                  823P   1776
76.8377179408534,107.397155796,5.92703471500949,                     823P   1777
6.19053694883685,0.,0.,0.;                                           823P   1778
126,2,2,0,0,0,0,5.02943681398384,5.02943681398384,                   825P   1779
5.02943681398384,5.2929390478112,5.2929390478112,                    825P   1780
5.2929390478112,1.,0.991333369023588,1.,110.064825559515,            825P   1781
76.8377179408534,184.582934943161,98.7328838205607,                  825P   1782
76.8377179408534,180.864740966807,88.7605326024286,                  825P   1783
76.8377179408534,174.323328183389,5.02943681398384,                  825P   1784
5.2929390478112,0.,0.,0.;                                            825P   1785
126,2,2,0,0,0,0,4.13183891295818,4.13183891295818,                   827P   1786
4.13183891295818,4.39534114678554,4.39534114678554,                  827P   1787
4.39534114678554,1.,0.991333369023548,1.,187.4848496426,             827P   1788
76.8377179408534,174.323328183389,177.512498424468,                  827P   1789
76.8377179408534,180.864740966807,166.180556685514,                  827P   1790
76.8377179408534,184.582934943161,4.13183891295818,                  827P   1791
4.39534114678554,0.,0.,0.;                                           827P   1792
126,2,2,0,0,0,0,3.23424101193253,3.23424101193253,                   829P   1793
3.23424101193253,3.49774324575989,3.49774324575989,                  829P   1794
3.49774324575989,1.,0.991333369023571,1.,227.734161555529,           829P   1795
76.8377179408534,107.397155796,226.630784724366,                     829P   1796
76.8377179408534,119.272358092774,222.472435723507,                  829P   1797
76.8377179408534,130.450282927371,3.23424101193253,                  829P   1798
3.49774324575989,0.,0.,0.;                                           829P   1799
126,2,2,0,0,0,0,-3.11279228556429,-3.11279228556429,                 831P   1800
-3.11279228556429,-1.86054802823094,-1.86054802823094,               831P   1801
-1.86054802823094,0.991287799268315,0.806240012063611,1.,            831P   1802
228.122691122514,76.6488129760719,99.0709632974389,                  831P   1803
228.259566332671,71.5786576061974,99.0709632974389,                  831P   1804
233.120141723574,70.129514008354,99.0709632974389,                   831P   1805
-3.11279228556429,-1.86054802823094,0.,0.,0.;                        831P   1806
126,2,2,0,0,0,0,3.14159265358979,3.14159265358979,                   833P   1807
3.14159265358979,4.71238898038469,4.71238898038469,                  833P   1808
4.71238898038469,1.,0.707106781186548,1.,233.120141723574,           833P   1809
70.129514008354,99.0709632974389,233.120141723574,                   833P   1810
70.129514008354,194.068413898499,138.122691122514,                   833P   1811
70.129514008354,194.068413898499,3.14159265358979,                   833P   1812
4.71238898038469,0.,0.,0.;                                           833P   1813
126,4,2,0,0,0,0,4.71238898038469,4.71238898038469,                   835P   1814
4.71238898038469,6.28318530717959,6.28318530717959,                  835P   1815
7.85398163397448,7.85398163397448,7.85398163397448,1.,               835P   1816
0.707106781186548,1.,0.707106781186548,1.,138.122691122514,          835P   1817
70.129514008354,194.068413898499,43.1252405214546,                   835P   1818
70.1295140083541,194.068413898499,43.1252405214546,                  835P   1819
70.1295140083541,99.0709632974389,43.1252405214545,                  835P   1820
70.1295140083541,4.0735126963791,138.122691122514,                   835P   1821
70.129514008354,4.07351269637907,4.71238898038469,                   835P   1822
7.85398163397448,0.,0.,0.;                                           835P   1823
126,2,2,0,0,0,0,1.5707963267949,1.5707963267949,1.5707963267949,     837P   1824
3.14159265358979,3.14159265358979,3.14159265358979,1.,               837P   1825
0.707106781186548,1.,138.122691122514,70.129514008354,               837P   1826
4.07351269637907,233.120141723574,70.129514008354,                   837P   1827
4.07351269637907,233.120141723574,70.129514008354,                   837P   1828
99.0709632974389,1.5707963267949,3.14159265358979,0.,0.,0.;          837P   1829
126,2,2,0,0,0,0,2.33664311090687,2.33664311090687,                   839P   1830
2.33664311090687,2.60014534473423,2.60014534473423,                  839P   1831
2.60014534473423,1.,0.991333369023563,1.,200.504208491529,           839P   1832
76.8377179408534,34.2011906338206,209.100671305986,                  839P   1833
76.8377179408534,42.4679129044979,215.247236655731,                  839P   1834
76.8377179408534,52.6883632087734,2.33664311090687,                  839P   1835
2.60014534473423,0.,0.,0.;                                           839P   1836
126,2,2,0,0,0,0,1.43904520988122,1.43904520988122,                   841P   1837
1.43904520988122,1.70254744370858,1.70254744370858,                  841P   1838
1.70254744370858,1.,0.991333369023608,1.,126.299700497608,           841P   1839
76.8377179408534,9.85348738955652,138.122691122514,                  841P   1840
76.8377179408534,8.28671915391444,149.945681747421,                  841P   1841
76.8377179408534,9.85348738955652,1.43904520988122,                  841P   1842
1.70254744370858,0.,0.,0.;                                           841P   1843
126,3,3,0,0,1,0,20.8508110249572,20.8508110249572,                   843P   1844
20.8508110249572,20.8508110249572,21.0373745972071,                  843P   1845
21.0373745972071,21.0373745972071,21.0373745972071,1.,1.,1.,1.,      843P   1846
126.299700497608,76.8377179408534,9.85348738955651,                  843P   1847
126.299700497608,76.7755300834367,9.85348738955651,                  843P   1848
126.299457845668,76.7125110160428,9.85268250042824,                  843P   1849
126.298954988693,76.6488129760482,9.85101449764533,                  843P   1850
20.8508110249572,21.0373745972071,0.,0.,0.;                          843P   1851
126,2,2,0,0,0,0,-1.68424944772764D-16,-1.68424944772764D-16,         845P   1852
-1.68424944772764D-16,0.634086463123823,0.634086463123823,           845P   1853
0.634086463123823,1.,0.950161367872706,1.,126.298954988693,          845P   1854
76.6488129760355,9.851014497645,97.0248967467995,                    845P   1855
76.6488129760355,13.7305139243367,75.7397051859558,                  845P   1856
76.6488129760355,34.199065948593,-1.68424944772764D-16,              845P   1857
0.634086463123823,0.,0.,0.;                                          845P   1858
126,3,3,0,0,1,0,20.6642432496833,20.6642432496833,                   847P   1859
20.6642432496833,20.6642432496833,20.8508068219337,                  847P   1860
20.8508068219337,20.8508068219337,20.8508068219337,1.,1.,1.,1.,      847P   1861
75.739705185956,76.6488129760477,34.1990659485932,                   847P   1862
75.7406957568494,76.7125110160425,34.2004990807313,                  847P   1863
75.7411737534997,76.7755300834366,34.2011906338205,                  847P   1864
75.7411737534997,76.8377179408534,34.2011906338205,                  847P   1865
20.6642432496833,20.8508068219337,0.,0.,0.;                          847P   1866
126,2,2,0,0,0,0,6.82463261603515,6.82463261603515,                   849P   1867
6.82463261603515,7.08813484986251,7.08813484986251,                  849P   1868
7.08813484986251,1.,0.99133336902358,1.,60.9981455892982,            849P   1869
76.8377179408534,52.6883632087734,67.1447109390431,                  849P   1870
76.8377179408534,42.4679129044979,75.7411737534997,                  849P   1871
76.8377179408534,34.2011906338205,6.82463261603515,                  849P   1872
7.08813484986251,0.,0.,0.;                                           849P   1873
126,2,2,0,0,0,0,6.82463261603515,6.82463261603515,                   851P   1874
6.82463261603515,7.08813484986251,7.08813484986251,                  851P   1875
7.08813484986251,1.,0.991333369023577,1.,60.9981455892982,           851P   1876
152.837717940853,52.6883632087734,67.1447109390431,                  851P   1877
152.837717940853,42.467912904498,75.7411737534997,                   851P   1878
152.837717940853,34.2011906338206,6.82463261603515,                  851P   1879
7.08813484986251,0.,0.,0.;                                           851P   1880
126,3,3,0,0,1,0,-19.7217310557443,-19.7217310557443,                 853P   1881
-19.7217310557443,-19.7217310557443,-0.0527837844629159,             853P   1882
-0.0527837844629159,-0.0527837844629159,-0.0527837844629159,1.,      853P   1883
1.,1.,1.,75.7411737534997,152.837717940853,34.2011906338206,         853P   1884
79.7889155115918,152.265379695166,40.0573578590348,                  853P   1885
83.8527340027138,151.692491437503,45.9367844823739,                  853P   1886
87.3854110925346,149.592226300318,51.0477695765478,                  853P   1887
-19.7217310557443,-0.0527837844629159,0.,0.,0.;                      853P   1888
126,7,3,0,0,1,0,-26.5884820317871,-26.5884820317871,                 855P   1889
-26.5884820317871,-26.5884820317871,-20.5475741427598,               855P   1890
-20.5475741427598,-13.9113170592422,-13.9113170592422,               855P   1891
-0.0933371593741498,-0.0933371593741498,-0.0933371593741498,         855P   1892
-0.0933371593741498,1.,1.,1.,1.,1.,1.,1.,1.,87.3854110925346,        855P   1893
149.592226300318,51.0477695765478,89.2291925695116,                  855P   1894
148.780376418671,52.5181362393513,90.7160800017019,                  855P   1895
147.85194644319,53.7038893987867,93.546932412378,                    855P   1896
145.622947313393,55.9614188641546,94.9126460588224,                  855P   1897
144.251132342583,57.0505391537102,98.8248915910699,                  855P   1898
139.559670919107,60.1704508564517,101.060179884018,                  855P   1899
135.717973688379,61.9530337868757,102.991319744468,                  855P   1900
131.827577882118,63.4930664357946,-26.5884820317871,                 855P   1901
-0.0933371593741498,0.,0.,0.;                                        855P   1902
126,5,3,0,0,1,0,-33.1033155318024,-33.1033155318024,                 857P   1903
-33.1033155318024,-33.1033155318024,-16.5516577659012,               857P   1904
-16.5516577659012,0.,0.,0.,0.,1.,1.,1.,1.,1.,1.,                     857P   1905
102.991319744468,131.827577882118,63.4930664357946,                  857P   1906
106.917140897031,131.827577882118,59.6165168631533,                  857P   1907
111.457661380219,131.827577882118,56.4163516223391,                  857P   1908
121.399346953054,131.827577882118,51.6286881822968,                  857P   1909
126.732305103821,131.827577882118,50.0740367136602,                  857P   1910
132.210823055604,131.827577882118,49.4216952669891,                  857P   1911
-33.1033155318024,0.,0.,0.,0.;                                       857P   1912
126,7,3,0,0,1,0,-35.1359886167542,-35.1359886167542,                 859P   1913
-35.1359886167542,-35.1359886167542,-20.9936788102203,               859P   1914
-20.9936788102203,-7.43658944193005,-7.43658944193005,               859P   1915
-0.052931804211697,-0.052931804211697,-0.052931804211697,            859P   1916
-0.052931804211697,1.,1.,1.,1.,1.,1.,1.,1.,132.210823055604,         859P   1917
131.827577882118,49.4216952669891,132.210823055604,                  859P   1918
134.823281290088,47.519716786922,132.210823055604,                   859P   1919
137.773375062105,45.3977281075485,132.210823055604,                  859P   1920
142.923323053041,40.7032950510248,132.210823055576,                  859P   1921
145.169653585104,38.1364000239279,132.210823055576,                  859P   1922
147.891638613881,33.6211606025745,132.210823055604,                  859P   1923
148.793063178047,31.7824210565945,132.210823055604,                  859P   1924
149.592226300318,29.4609888975422,-35.1359886167542,                 859P   1925
-0.052931804211697,0.,0.,0.;                                         859P   1926
126,3,3,0,0,1,0,-21.4256460998527,-21.4256460998527,                 861P   1927
-21.4256460998527,-21.4256460998527,0.,0.,0.,0.,1.,1.,1.,1.,         861P   1928
132.210823055604,149.592226300318,29.4609888975422,                  861P   1929
130.417482141317,151.692491437503,23.5123836476573,                  861P   1930
128.354510694149,152.265379695166,16.6693998718336,                  861P   1931
126.299700497608,152.837717940853,9.85348738955654,                  861P   1932
-21.4256460998527,0.,0.,0.,0.;                                       861P   1933
126,2,2,0,0,0,0,7.72223051706081,7.72223051706081,                   863P   1934
7.72223051706081,7.85398163397448,7.85398163397448,                  863P   1935
7.85398163397448,1.,0.997830989953538,1.,126.299700497608,           863P   1936
152.837717940853,9.85348738955654,132.185467948926,                  863P   1937
152.837717940853,9.07351269637909,138.122691122514,                  863P   1938
152.837717940853,9.07351269637909,7.72223051706081,                  863P   1939
7.85398163397448,0.,0.,0.;                                           863P   1940
126,4,3,0,0,1,0,0.,0.,0.,0.,41.083700168878,65.3146137304227,        865P   1941
65.3146137304227,65.3146137304227,65.3146137304227,1.,1.,1.,1.,      865P   1942
1.,138.122691122514,115.551772062477,57.9191649901106,               865P   1943
138.122691122514,128.964053524536,51.1512897460542,                  865P   1944
138.122691122514,150.286816063868,40.3917633274457,                  865P   1945
138.122691122514,152.147446916108,17.5481942007477,                  865P   1946
138.122691122514,152.837717940853,9.07351269637908,0.,               865P   1947
65.3146137304227,0.,0.,0.;                                           865P   1948
126,8,2,0,1,0,0,1.5707963267949,1.5707963267949,1.5707963267949,     867P   1949
3.14159265358979,3.14159265358979,4.71238898038469,                  867P   1950
4.71238898038469,6.28318530717959,6.28318530717959,                  867P   1951
7.85398163397448,7.85398163397448,7.85398163397448,1.,               867P   1952
0.707106781186548,1.,0.707106781186547,1.,0.707106781186548,1.,      867P   1953
0.707106781186547,1.,138.122691122514,115.551772062477,              867P   1954
57.9191649901106,179.274489429843,115.551772062477,                  867P   1955
57.9191649901106,179.274489429843,115.551772062477,                  867P   1956
99.0709632974389,179.274489429843,115.551772062477,                  867P   1957
140.222761604767,138.122691122514,115.551772062477,                  867P   1958
140.222761604767,96.9708928151861,115.551772062477,                  867P   1959
140.222761604767,96.9708928151861,115.551772062477,                  867P   1960
99.0709632974389,96.9708928151861,115.551772062477,                  867P   1961
57.9191649901106,138.122691122514,115.551772062477,                  867P   1962
57.9191649901106,1.5707963267949,7.85398163397448,0.,0.,0.;          867P   1963
126,2,2,0,0,0,0,1.5707963267949,1.5707963267949,1.5707963267949,     869P   1964
1.70254744370857,1.70254744370857,1.70254744370857,1.,               869P   1965
0.997830989953538,1.,138.122691122514,152.837717940853,              869P   1966
9.07351269637909,144.059914296103,152.837717940853,                  869P   1967
9.07351269637908,149.945681747421,152.837717940853,                  869P   1968
9.85348738955654,1.5707963267949,1.70254744370857,0.,0.,0.;          869P   1969
126,2,2,0,0,0,0,2.33664311090687,2.33664311090687,                   871P   1970
2.33664311090687,2.60014534473423,2.60014534473423,                  871P   1971
2.60014534473423,1.,0.991333369023587,1.,200.504208491529,           871P   1972
152.837717940853,34.2011906338206,209.100671305986,                  871P   1973
152.837717940853,42.467912904498,215.24723665573,                    871P   1974
152.837717940853,52.6883632087734,2.33664311090687,                  871P   1975
2.60014534473423,0.,0.,0.;                                           871P   1976
126,2,2,0,0,0,0,3.23424101193253,3.23424101193253,                   873P   1977
3.23424101193253,3.49774324575989,3.49774324575989,                  873P   1978
3.49774324575989,1.,0.991333369023581,1.,227.734161555529,           873P   1979
152.837717940853,107.397155796,226.630784724366,                     873P   1980
152.837717940853,119.272358092774,222.472435723507,                  873P   1981
152.837717940853,130.450282927371,3.23424101193253,                  873P   1982
3.49774324575989,0.,0.,0.;                                           873P   1983
126,2,2,0,0,0,0,4.13183891295819,4.13183891295819,                   875P   1984
4.13183891295819,4.39534114678554,4.39534114678554,                  875P   1985
4.39534114678554,1.,0.991333369023611,1.,187.4848496426,             875P   1986
152.837717940853,174.323328183389,177.512498424468,                  875P   1987
152.837717940853,180.864740966807,166.180556685514,                  875P   1988
152.837717940853,184.582934943161,4.13183891295819,                  875P   1989
4.39534114678554,0.,0.,0.;                                           875P   1990
126,2,2,0,0,0,0,5.02943681398384,5.02943681398384,                   877P   1991
5.02943681398384,5.2929390478112,5.2929390478112,                    877P   1992
5.2929390478112,1.,0.991333369023612,1.,110.064825559515,            877P   1993
152.837717940853,184.582934943161,98.7328838205607,                  877P   1994
152.837717940853,180.864740966807,88.7605326024286,                  877P   1995
152.837717940853,174.323328183389,5.02943681398384,                  877P   1996
5.2929390478112,0.,0.,0.;                                            877P   1997
126,2,2,0,0,0,0,5.9270347150095,5.9270347150095,5.9270347150095,     879P   1998
6.19053694883685,6.19053694883685,6.19053694883685,1.,               879P   1999
0.991333369023576,1.,53.7729465215215,152.837717940853,              879P   2000
130.450282927371,49.6145975206632,152.837717940853,                  879P   2001
119.272358092774,48.5112206894995,152.837717940853,                  879P   2002
107.397155796,5.9270347150095,6.19053694883685,0.,0.,0.;             879P   2003
126,1,1,0,0,1,0,-19.,-19.,57.,57.,1.,1.,126.299700497608,            881P   2004
152.837717940853,9.85348738955652,126.299700497608,                  881P   2005
76.8377179408534,9.85348738955652,-19.,57.,0.,0.,0.;                 881P   2006
126,1,1,0,0,1,0,-57.,-57.,19.,19.,1.,1.,75.7411737534997,            883P   2007
76.8377179408534,34.2011906338206,75.7411737534997,                  883P   2008
152.837717940853,34.2011906338206,-57.,19.,0.,0.,0.;                 883P   2009
126,5,3,0,0,1,0,-33.1033155318024,-33.1033155318024,                 885P   2010
-33.1033155318024,-33.1033155318024,-16.5516577659012,               885P   2011
-16.5516577659012,0.,0.,0.,0.,1.,1.,1.,1.,1.,1.,                     885P   2012
132.210823055604,145.854247351665,49.4216952669891,                  885P   2013
126.732305103821,145.854247351665,50.0740367136602,                  885P   2014
121.399346953054,145.854247351665,51.6286881822968,                  885P   2015
111.457661380219,145.854247351665,56.4163516223391,                  885P   2016
106.917140897031,145.854247351665,59.6165168631533,                  885P   2017
102.991319744468,145.854247351665,63.4930664357946,                  885P   2018
-33.1033155318024,0.,0.,0.,0.;                                       885P   2019
126,1,1,0,0,1,0,106.160120008064,106.160120008064,                   887P   2020
120.186789477611,120.186789477611,1.,1.,132.210823055604,            887P   2021
131.827577882118,49.4216952669891,132.210823055604,                  887P   2022
145.854247351665,49.4216952669891,106.160120008064,                  887P   2023
120.186789477611,0.,0.,0.;                                           887P   2024
126,1,1,0,0,1,0,106.160120008064,106.160120008064,                   889P   2025
120.186789477611,120.186789477611,1.,1.,102.991319744468,            889P   2026
131.827577882118,63.4930664357946,102.991319744468,                  889P   2027
145.854247351665,63.4930664357946,106.160120008064,                  889P   2028
120.186789477611,0.,0.,0.;                                           889P   2029
126,7,3,0,0,1,0,-26.1319959262221,-26.1319959262221,                 891P   2030
-26.1319959262221,-26.1319959262221,-16.2685961501388,               891P   2031
-16.2685961501388,-13.0420103174608,-13.0420103174608,               891P   2032
-0.0508260745122764,-0.0508260745122764,-0.0508260745122764,         891P   2033
-0.0508260745122764,1.,1.,1.,1.,1.,1.,1.,1.,102.991319744468,        891P   2034
145.854247351665,63.4930664357946,101.70653578371,                   891P   2035
148.409698506783,62.4684854166269,100.188406814012,                  891P   2036
150.795416783675,61.2578179624017,97.7387414934902,                  891P   2037
153.345762890986,59.3042750576171,97.1062476416135,                  891P   2038
153.91762933197,58.799878041635,93.7977943121707,                    891P   2039
156.534595950659,56.161474553045,90.7150575505443,                   891P   2040
157.814343897033,53.7030740211971,87.3854110925346,                  891P   2041
158.589074982964,51.0477695765478,-26.1319959262221,                 891P   2042
-0.0508260745122764,0.,0.,0.;                                        891P   2043
126,1,1,0,0,1,0,123.924768426264,123.924768426264,                   893P   2044
132.92161710891,132.92161710891,1.,1.,87.3854110925346,              893P   2045
149.592226300318,51.0477695765478,87.3854110925346,                  893P   2046
158.589074982964,51.0477695765478,123.924768426264,                  893P   2047
132.92161710891,0.,0.,0.;                                            893P   2048
126,3,3,0,0,1,0,-21.3418462424341,-21.3418462424341,                 895P   2049
-21.3418462424341,-21.3418462424341,-0.0500088055033007,             895P   2050
-0.0500088055033007,-0.0500088055033007,-0.0500088055033007,1.,      895P   2051
1.,1.,1.,87.3854110925346,158.589074982964,51.0477695765478,         895P   2052
83.7853388874504,159.720088951324,45.8392789870305,                  895P   2053
79.7743812513112,159.78557428405,40.0363300702616,                   895P   2054
75.739705185956,159.658488866523,34.1990659485932,                   895P   2055
-21.3418462424341,-0.0500088055033007,0.,0.,0.;                      895P   2056
126,1,1,0,0,1,0,50.9813551019937,50.9813551019937,                   897P   2057
133.991030992469,133.991030992469,1.,1.,75.739705185956,             897P   2058
76.6488129760477,34.1990659485932,75.739705185956,                   897P   2059
159.658488866523,34.1990659485932,50.9813551019937,                  897P   2060
133.991030992469,0.,0.,0.;                                           897P   2061
126,5,3,0,0,1,0,-57.1870207215789,-57.1870207215789,                 899P   2062
-57.1870207215789,-57.1870207215789,-28.5935103607895,               899P   2063
-28.5935103607895,0.,0.,0.,0.,1.,1.,1.,1.,1.,1.,75.739705185956,     899P   2064
159.658488866523,34.1990659485932,82.6097617376904,                  899P   2065
159.658488866523,27.592589820023,90.4858670488952,                   899P   2066
159.658488866523,22.1191849161664,107.660442154973,                  899P   2067
159.658488866523,13.8483454562758,116.850393765005,                  899P   2068
159.658488866523,11.1031705037403,126.298954988693,                  899P   2069
159.658488866523,9.85101449764533,-57.1870207215789,0.,0.,0.,0.;     899P   2070
126,1,1,0,0,1,0,50.9813551019942,50.9813551019942,                   901P   2071
133.991030992469,133.991030992469,1.,1.,126.298954988693,            901P   2072
76.6488129760482,9.85101449764533,126.298954988693,                  901P   2073
159.658488866523,9.85101449764533,50.9813551019942,                  901P   2074
133.991030992469,0.,0.,0.;                                           901P   2075
126,3,3,0,0,1,0,-19.3379128019247,-19.3379128019247,                 903P   2076
-19.3379128019247,-19.3379128019247,-0.0507849420910236,             903P   2077
-0.0507849420910236,-0.0507849420910236,-0.0507849420910236,1.,      903P   2078
1.,1.,1.,126.298954988693,159.658488866523,9.85101449764533,         903P   2079
128.347132471983,159.785574284177,16.644925924486,                   903P   2080
130.383269446898,159.720088948544,23.3988983577093,                  903P   2081
132.210823055604,158.589074982964,29.4609888975422,                  903P   2082
-19.3379128019247,-0.0507849420910236,0.,0.,0.;                      903P   2083
126,1,1,0,0,1,0,123.924768426264,123.924768426264,                   905P   2084
132.92161710891,132.92161710891,1.,1.,132.210823055604,              905P   2085
149.592226300318,29.4609888975422,132.210823055604,                  905P   2086
158.589074982964,29.4609888975422,123.924768426264,                  905P   2087
132.92161710891,0.,0.,0.;                                            905P   2088
126,7,3,0,0,1,0,-39.9936091740923,-39.9936091740923,                 907P   2089
-39.9936091740923,-39.9936091740923,-26.9945676936411,               907P   2090
-26.9945676936411,-14.5272859816877,-14.5272859816877,               907P   2091
-0.0927942988701771,-0.0927942988701771,-0.0927942988701771,         907P   2092
-0.0927942988701771,1.,1.,1.,1.,1.,1.,1.,1.,132.210823055604,        907P   2093
158.589074982964,29.4609888975422,132.210823055604,                  907P   2094
158.170245255394,31.7633396396799,132.210823055638,                  907P   2095
157.587645525378,34.0600130087106,132.210823055638,                  907P   2096
155.978470398213,38.3570585826444,132.210823055606,                  907P   2097
154.97287144705,40.3616633119583,132.210823055606,                   907P   2098
152.186360581223,44.3295485226276,132.210823055604,                  907P   2099
149.884909877141,46.8297501275449,132.210823055604,                  907P   2100
145.854247351665,49.4216952669891,-39.9936091740923,                 907P   2101
-0.0927942988701771,0.,0.,0.;                                        907P   2102
126,4,2,0,0,0,0,1.5707963267949,1.5707963267949,1.5707963267949,     909P   2103
3.14159265358979,3.14159265358979,4.71238898038469,                  909P   2104
4.71238898038469,4.71238898038469,1.,0.707106781186549,1.,           909P   2105
0.707106781186549,1.,138.122691122514,115.551772062477,              909P   2106
87.9191649901106,149.274489429843,115.551772062477,                  909P   2107
87.9191649901106,149.274489429843,115.551772062477,                  909P   2108
99.0709632974389,149.274489429843,115.551772062477,                  909P   2109
110.222761604767,138.122691122514,115.551772062477,                  909P   2110
110.222761604767,1.5707963267949,4.71238898038469,0.,0.,0.;          909P   2111
126,1,1,0,0,1,0,-0.807045770267623,-0.807045770267623,               911P   2112
0.807045770267623,0.807045770267623,1.,1.,138.122691122514,          911P   2113
115.551772062477,110.222761604767,138.122691122514,                  911P   2114
133.551795372091,110.222761604767,-0.807045770267623,                911P   2115
0.807045770267623,0.,0.,0.;                                          911P   2116
126,2,2,0,0,0,0,3.14159265358979,3.14159265358979,                   913P   2117
3.14159265358979,4.71238898038469,4.71238898038469,                  913P   2118
4.71238898038469,1.,0.707106781186549,1.,149.274489429843,           913P   2119
133.551795372091,99.0709632974389,149.274489429843,                  913P   2120
133.551795372091,110.222761604767,138.122691122514,                  913P   2121
133.551795372091,110.222761604767,3.14159265358979,                  913P   2122
4.71238898038469,0.,0.,0.;                                           913P   2123
126,2,2,0,0,0,0,1.5707963267949,1.5707963267949,1.5707963267949,     915P   2124
3.14159265358979,3.14159265358979,3.14159265358979,1.,               915P   2125
0.707106781186549,1.,138.122691122514,133.551795372091,              915P   2126
87.9191649901106,149.274489429843,133.551795372091,                  915P   2127
87.9191649901106,149.274489429843,133.551795372091,                  915P   2128
99.0709632974389,1.5707963267949,3.14159265358979,0.,0.,0.;          915P   2129
126,4,2,0,0,0,0,4.71238898038469,4.71238898038469,                   917P   2130
4.71238898038469,6.28318530717959,6.28318530717959,                  917P   2131
7.85398163397448,7.85398163397448,7.85398163397448,1.,               917P   2132
0.707106781186549,1.,0.707106781186548,1.,138.122691122514,          917P   2133
133.551795372091,110.222761604767,126.970892815186,                  917P   2134
133.551795372091,110.222761604767,126.970892815186,                  917P   2135
133.551795372091,99.0709632974389,126.970892815186,                  917P   2136
133.551795372091,87.9191649901106,138.122691122514,                  917P   2137
133.551795372091,87.9191649901106,4.71238898038469,                  917P   2138
7.85398163397448,0.,0.,0.;                                           917P   2139
126,4,2,0,0,0,0,4.71238898038469,4.71238898038469,                   919P   2140
4.71238898038469,6.28318530717959,6.28318530717959,                  919P   2141
7.85398163397448,7.85398163397448,7.85398163397448,1.,               919P   2142
0.707106781186549,1.,0.707106781186548,1.,138.122691122514,          919P   2143
115.551772062477,110.222761604767,126.970892815186,                  919P   2144
115.551772062477,110.222761604767,126.970892815186,                  919P   2145
115.551772062477,99.0709632974389,126.970892815186,                  919P   2146
115.551772062477,87.9191649901106,138.122691122514,                  919P   2147
115.551772062477,87.9191649901106,4.71238898038469,                  919P   2148
7.85398163397448,0.,0.,0.;                                           919P   2149
126,2,2,0,0,0,0,1.77635683940025D-15,1.77635683940025D-15,           921P   2150
1.77635683940025D-15,1.5707963267949,1.5707963267949,                921P   2151
1.5707963267949,1.,0.707106781186549,1.,149.274489429843,            921P   2152
133.551795372091,99.0709632974389,149.274489429843,                  921P   2153
135.551795372091,99.0709632974389,147.274489429843,                  921P   2154
135.551795372091,99.0709632974389,1.77635683940025D-15,              921P   2155
1.5707963267949,0.,0.,0.;                                            921P   2156
126,2,2,0,0,0,0,1.5707963267949,1.5707963267949,1.5707963267949,     923P   2157
3.14159265358979,3.14159265358979,3.14159265358979,1.,               923P   2158
0.70710678118655,1.,138.122691122514,135.551795372091,               923P   2159
89.9191649901106,147.274489429843,135.551795372091,                  923P   2160
89.9191649901106,147.274489429843,135.551795372091,                  923P   2161
99.0709632974389,1.5707963267949,3.14159265358979,0.,0.,0.;          923P   2162
126,6,2,0,0,0,0,3.14159265358979,3.14159265358979,                   925P   2163
3.14159265358979,4.71238898038469,4.71238898038469,                  925P   2164
6.28318530717959,6.28318530717959,7.85398163397448,                  925P   2165
7.85398163397448,7.85398163397448,1.,0.707106781186545,1.,           925P   2166
0.707106781186549,1.,0.707106781186545,1.,147.274489429843,          925P   2167
135.551795372091,99.0709632974389,147.274489429843,                  925P   2168
135.551795372091,108.222761604767,138.122691122514,                  925P   2169
135.551795372091,108.222761604767,128.970892815186,                  925P   2170
135.551795372091,108.222761604767,128.970892815186,                  925P   2171
135.551795372091,99.0709632974389,128.970892815186,                  925P   2172
135.551795372091,89.9191649901106,138.122691122514,                  925P   2173
135.551795372091,89.9191649901106,3.14159265358979,                  925P   2174
7.85398163397448,0.,0.,0.;                                           925P   2175
126,4,2,0,0,0,0,1.5707963267949,1.5707963267949,1.5707963267949,     927P   2176
3.14159265358979,3.14159265358979,4.71238898038469,                  927P   2177
4.71238898038469,4.71238898038469,1.,0.707106781186697,1.,           927P   2178
0.707106781186696,1.,138.122691122514,135.551795372091,              927P   2179
99.0556958289258,138.137958591027,135.551795372091,                  927P   2180
99.0556958289258,138.137958591027,135.551795372091,                  927P   2181
99.0709632974389,138.137958591027,135.551795372091,                  927P   2182
99.0862307659519,138.122691122514,135.551795372091,                  927P   2183
99.0862307659519,1.5707963267949,4.71238898038469,0.,0.,0.;          927P   2184
126,4,2,0,0,0,0,4.71238898038469,4.71238898038469,                   929P   2185
4.71238898038469,6.28318530717959,6.28318530717959,                  929P   2186
7.85398163397448,7.85398163397448,7.85398163397448,1.,               929P   2187
0.707106781186696,1.,0.707106781186696,1.,138.122691122514,          929P   2188
135.551795372091,99.0862307659519,138.107423654001,                  929P   2189
135.551795372091,99.0862307659519,138.107423654001,                  929P   2190
135.551795372091,99.0709632974389,138.107423654001,                  929P   2191
135.551795372091,99.0556958289258,138.122691122514,                  929P   2192
135.551795372091,99.0556958289258,4.71238898038469,                  929P   2193
7.85398163397448,0.,0.,0.;                                           929P   2194
126,1,1,0,0,1,0,-327.493716180421,-327.493716180421,                 931P   2195
327.493716180421,327.493716180421,1.,1.,138.122691122514,            931P   2196
135.551795372091,99.0862307659519,138.122691122514,                  931P   2197
140.551772062477,99.0709632974389,-327.493716180421,                 931P   2198
327.493716180421,0.,0.,0.;                                           931P   2199
126,2,2,0,0,0,0,1.5707963267949,1.5707963267949,1.5707963267949,     933P   2200
3.14159265358979,3.14159265358979,3.14159265358979,1.,               933P   2201
0.707106781186548,1.,138.122691122514,140.551772062477,              933P   2202
84.0709632974389,153.122691122514,140.551772062477,                  933P   2203
84.0709632974389,153.122691122514,140.551772062477,                  933P   2204
99.0709632974389,1.5707963267949,3.14159265358979,0.,0.,0.;          933P   2205
126,6,2,0,0,0,0,3.14159265358979,3.14159265358979,                   935P   2206
3.14159265358979,4.71238898038469,4.71238898038469,                  935P   2207
6.28318530717959,6.28318530717959,7.85398163397448,                  935P   2208
7.85398163397448,7.85398163397448,1.,0.707106781186548,1.,           935P   2209
0.707106781186548,1.,0.707106781186547,1.,153.122691122514,          935P   2210
140.551772062477,99.0709632974389,153.122691122514,                  935P   2211
140.551772062477,114.070963297439,138.122691122514,                  935P   2212
140.551772062477,114.070963297439,123.122691122514,                  935P   2213
140.551772062477,114.070963297439,123.122691122514,                  935P   2214
140.551772062477,99.0709632974389,123.122691122514,                  935P   2215
140.551772062477,84.0709632974389,138.122691122514,                  935P   2216
140.551772062477,84.0709632974389,3.14159265358979,                  935P   2217
7.85398163397448,0.,0.,0.;                                           935P   2218
126,2,2,0,0,0,0,-3.14159265358979,-3.14159265358979,                 937P   2219
-3.14159265358979,-1.5707963267949,-1.5707963267949,                 937P   2220
-1.5707963267949,1.,0.707106781186545,1.,153.122691122514,           937P   2221
140.551772062477,99.0709632974389,153.122691122514,                  937P   2222
135.551772062477,99.0709632974389,158.122691122514,                  937P   2223
135.551772062477,99.0709632974389,-3.14159265358979,                 937P   2224
-1.5707963267949,0.,0.,0.;                                           937P   2225
126,2,2,0,0,0,0,1.5707963267949,1.5707963267949,1.5707963267949,     939P   2226
3.14159265358979,3.14159265358979,3.14159265358979,1.,               939P   2227
0.707106781186548,1.,138.122691122514,135.551772062477,              939P   2228
79.0709632974389,158.122691122514,135.551772062477,                  939P   2229
79.0709632974389,158.122691122514,135.551772062477,                  939P   2230
99.0709632974389,1.5707963267949,3.14159265358979,0.,0.,0.;          939P   2231
126,4,2,0,0,0,0,4.71238898038469,4.71238898038469,                   941P   2232
4.71238898038469,6.28318530717959,6.28318530717959,                  941P   2233
7.85398163397448,7.85398163397448,7.85398163397448,1.,               941P   2234
0.707106781186548,1.,0.707106781186548,1.,138.122691122514,          941P   2235
135.551772062477,119.070963297439,118.122691122514,                  941P   2236
135.551772062477,119.070963297439,118.122691122514,                  941P   2237
135.551772062477,99.0709632974389,118.122691122514,                  941P   2238
135.551772062477,79.0709632974389,138.122691122514,                  941P   2239
135.551772062477,79.0709632974389,4.71238898038469,                  941P   2240
7.85398163397448,0.,0.,0.;                                           941P   2241
126,2,2,0,0,0,0,3.14159265358979,3.14159265358979,                   943P   2242
3.14159265358979,4.71238898038469,4.71238898038469,                  943P   2243
4.71238898038469,1.,0.707106781186548,1.,158.122691122514,           943P   2244
135.551772062477,99.0709632974389,158.122691122514,                  943P   2245
135.551772062477,119.070963297439,138.122691122514,                  943P   2246
135.551772062477,119.070963297439,3.14159265358979,                  943P   2247
4.71238898038469,0.,0.,0.;                                           943P   2248
126,4,2,0,0,0,0,1.5707963267949,1.5707963267949,1.5707963267949,     945P   2249
3.14159265358979,3.14159265358979,4.71238898038469,                  945P   2250
4.71238898038469,4.71238898038469,1.,0.707106781186548,1.,           945P   2251
0.707106781186548,1.,138.122691122514,125.551772062477,              945P   2252
79.0709632974389,158.122691122514,125.551772062477,                  945P   2253
79.0709632974389,158.122691122514,125.551772062477,                  945P   2254
99.0709632974389,158.122691122514,125.551772062477,                  945P   2255
119.070963297439,138.122691122514,125.551772062477,                  945P   2256
119.070963297439,1.5707963267949,4.71238898038469,0.,0.,0.;          945P   2257
126,4,2,0,0,0,0,4.71238898038469,4.71238898038469,                   947P   2258
4.71238898038469,6.28318530717959,6.28318530717959,                  947P   2259
7.85398163397448,7.85398163397448,7.85398163397448,1.,               947P   2260
0.707106781186548,1.,0.707106781186548,1.,138.122691122514,          947P   2261
125.551772062477,119.070963297439,118.122691122514,                  947P   2262
125.551772062477,119.070963297439,118.122691122514,                  947P   2263
125.551772062477,99.0709632974389,118.122691122514,                  947P   2264
125.551772062477,79.0709632974389,138.122691122514,                  947P   2265
125.551772062477,79.0709632974389,4.71238898038469,                  947P   2266
7.85398163397448,0.,0.,0.;                                           947P   2267
126,1,1,0,0,1,0,-0.25,-0.25,0.25,0.25,1.,1.,138.122691122514,        949P   2268
125.551772062477,119.070963297439,138.122691122514,                  949P   2269
135.551772062477,119.070963297439,-0.25,0.25,0.,0.,0.;               949P   2270
126,8,2,0,1,0,0,1.5707963267949,1.5707963267949,1.5707963267949,     951P   2271
3.14159265358979,3.14159265358979,4.71238898038469,                  951P   2272
4.71238898038469,6.28318530717959,6.28318530717959,                  951P   2273
7.85398163397448,7.85398163397448,7.85398163397448,1.,               951P   2274
0.707106781186548,1.,0.707106781186547,1.,0.707106781186548,1.,      951P   2275
0.707106781186547,1.,138.122691122514,125.551772062477,              951P   2276
57.9191649901106,179.274489429843,125.551772062477,                  951P   2277
57.9191649901106,179.274489429843,125.551772062477,                  951P   2278
99.0709632974389,179.274489429843,125.551772062477,                  951P   2279
140.222761604767,138.122691122514,125.551772062477,                  951P   2280
140.222761604767,96.9708928151861,125.551772062477,                  951P   2281
140.222761604767,96.9708928151861,125.551772062477,                  951P   2282
99.0709632974389,96.9708928151861,125.551772062477,                  951P   2283
57.9191649901106,138.122691122514,125.551772062477,                  951P   2284
57.9191649901106,1.5707963267949,7.85398163397448,0.,0.,0.;          951P   2285
126,4,3,0,0,1,0,0.,0.,0.,0.,31.047598083433,70.6030856312326,        953P   2286
70.6030856312326,70.6030856312326,70.6030856312326,1.,1.,1.,1.,      953P   2287
1.,138.122691122514,125.551772062477,57.9191649901106,               953P   2288
138.122691122514,136.247084144821,54.1156054587186,                  953P   2289
138.122691122514,160.568515798673,45.4662072483735,                  953P   2290
138.122691122514,159.913112552318,18.9367064240275,                  953P   2291
138.122691122514,159.545921873353,4.0735126963791,0.,                953P   2292
70.6030856312326,0.,0.,0.;                                           953P   2293
126,4,2,0,0,0,0,4.71238898038469,4.71238898038469,                   955P   2294
4.71238898038469,6.28318530717959,6.28318530717959,                  955P   2295
7.85398163397448,7.85398163397448,7.85398163397448,1.,               955P   2296
0.707106781186547,1.,0.707106781186547,1.,138.122691122514,          955P   2297
159.545921873353,194.068413898499,43.1252405214546,                  955P   2298
159.545921873353,194.068413898499,43.1252405214546,                  955P   2299
159.545921873353,99.0709632974389,43.1252405214546,                  955P   2300
159.545921873353,4.07351269637913,138.122691122514,                  955P   2301
159.545921873353,4.0735126963791,4.71238898038469,                   955P   2302
7.85398163397448,0.,0.,0.;                                           955P   2303
126,4,2,0,0,0,0,1.5707963267949,1.5707963267949,1.5707963267949,     957P   2304
3.14159265358979,3.14159265358979,4.71238898038469,                  957P   2305
4.71238898038469,4.71238898038469,1.,0.707106781186548,1.,           957P   2306
0.707106781186548,1.,138.122691122514,159.545921873353,              957P   2307
4.0735126963791,233.120141723574,159.545921873353,                   957P   2308
4.0735126963791,233.120141723574,159.545921873353,                   957P   2309
99.0709632974389,233.120141723574,159.545921873353,                  957P   2310
194.068413898499,138.122691122514,159.545921873353,                  957P   2311
194.068413898499,1.5707963267949,4.71238898038469,0.,0.,0.;          957P   2312
126,1,1,0,0,1,0,-0.0172765620951919,-0.0172765620951919,             959P   2313
0.0172765620951919,0.0172765620951919,1.,1.,138.122691122514,        959P   2314
159.545921873353,194.068413898499,138.122691122514,                  959P   2315
162.828380581741,194.068413898499,-0.0172765620951919,               959P   2316
0.0172765620951919,0.,0.,0.;                                         959P   2317
126,2,2,0,0,0,0,3.14159265358979,3.14159265358979,                   961P   2318
3.14159265358979,4.71238898038469,4.71238898038469,                  961P   2319
4.71238898038469,1.,0.707106781186547,1.,233.120141723574,           961P   2320
162.828380581741,99.0709632974389,233.120141723574,                  961P   2321
162.828380581741,194.068413898499,138.122691122514,                  961P   2322
162.828380581741,194.068413898499,3.14159265358979,                  961P   2323
4.71238898038469,0.,0.,0.;                                           961P   2324
126,2,2,0,0,0,0,1.5707963267949,1.5707963267949,1.5707963267949,     963P   2325
3.14159265358979,3.14159265358979,3.14159265358979,1.,               963P   2326
0.707106781186547,1.,138.122691122514,162.828380581741,              963P   2327
4.07351269637909,233.120141723574,162.828380581741,                  963P   2328
4.07351269637908,233.120141723574,162.828380581741,                  963P   2329
99.0709632974389,1.5707963267949,3.14159265358979,0.,0.,0.;          963P   2330
126,4,2,0,0,0,0,4.71238898038469,4.71238898038469,                   965P   2331
4.71238898038469,6.28318530717959,6.28318530717959,                  965P   2332
7.85398163397448,7.85398163397448,7.85398163397448,1.,               965P   2333
0.707106781186548,1.,0.707106781186548,1.,138.122691122514,          965P   2334
162.828380581741,194.068413898499,43.1252405214546,                  965P   2335
162.828380581741,194.068413898499,43.1252405214546,                  965P   2336
162.828380581741,99.0709632974389,43.1252405214546,                  965P   2337
162.828380581741,4.07351269637911,138.122691122514,                  965P   2338
162.828380581741,4.07351269637909,4.71238898038469,                  965P   2339
7.85398163397448,0.,0.,0.;                                           965P   2340
126,2,2,0,0,0,0,1.5707963267949,1.5707963267949,1.5707963267949,     967P   2341
3.14159265358979,3.14159265358979,3.14159265358979,1.,               967P   2342
0.707106781186547,1.,138.122691122514,169.828304649083,              967P   2343
-2.95909177335095,240.152746193304,169.828304649083,                 967P   2344
-2.95909177335095,240.152746193304,169.828304649083,                 967P   2345
99.0709632974389,1.5707963267949,3.14159265358979,0.,0.,0.;          967P   2346
126,4,2,0,0,0,0,4.71238898038469,4.71238898038469,                   969P   2347
4.71238898038469,6.28318530717959,6.28318530717959,                  969P   2348
7.85398163397448,7.85398163397448,7.85398163397448,1.,               969P   2349
0.707106781186548,1.,0.707106781186547,1.,138.122691122514,          969P   2350
169.828304649083,201.101018368229,36.0926360517246,                  969P   2351
169.828304649083,201.101018368229,36.0926360517245,                  969P   2352
169.828304649083,99.0709632974389,36.0926360517245,                  969P   2353
169.828304649083,-2.95909177335092,138.122691122514,                 969P   2354
169.828304649083,-2.95909177335095,4.71238898038469,                 969P   2355
7.85398163397448,0.,0.,0.;                                           969P   2356
126,2,2,0,0,0,0,3.14159265358979,3.14159265358979,                   971P   2357
3.14159265358979,4.71238898038469,4.71238898038469,                  971P   2358
4.71238898038469,1.,0.707106781186548,1.,240.152746193304,           971P   2359
169.828304649083,99.0709632974389,240.152746193304,                  971P   2360
169.828304649083,201.101018368229,138.122691122514,                  971P   2361
169.828304649083,201.101018368229,3.14159265358979,                  971P   2362
4.71238898038469,0.,0.,0.;                                           971P   2363
126,4,2,0,0,0,0,1.56613852856302,1.56613852856302,                   973P   2364
1.56613852856302,2.35386559107641,2.35386559107641,                  973P   2365
3.14159265358979,3.14159265358979,3.14159265358979,1.,               973P   2366
0.923433290694531,1.,0.92343329069452,1.,240.152746193304,           973P   2367
169.828304649083,99.0709632974389,237.243728537413,                  973P   2368
169.841854364365,99.0709632974389,235.181935130494,                  973P   2369
167.789642078987,99.0709632974389,233.120141723574,                  973P   2370
165.737429793609,99.0709632974389,233.120141723574,                  973P   2371
162.828380581741,99.0709632974389,1.56613852856302,                  973P   2372
3.14159265358979,0.,0.,0.;                                           973P   2373
126,4,2,0,0,0,0,1.5707963267949,1.5707963267949,1.5707963267949,     975P   2374
3.14159265358979,3.14159265358979,4.71238898038469,                  975P   2375
4.71238898038469,4.71238898038469,1.,0.707106781186547,1.,           975P   2376
0.707106781186548,1.,138.122691122514,169.824084982075,              975P   2377
-3.86502120231442,241.058675622268,169.824084982075,                 975P   2378
-3.86502120231443,241.058675622268,169.824084982075,                 975P   2379
99.0709632974389,241.058675622268,169.824084982075,                  975P   2380
202.006947797192,138.122691122514,169.824084982075,                  975P   2381
202.006947797192,1.5707963267949,4.71238898038469,0.,0.,0.;          975P   2382
126,4,2,0,0,0,0,4.71238898038469,4.71238898038469,                   977P   2383
4.71238898038469,6.28318530717959,6.28318530717959,                  977P   2384
7.85398163397448,7.85398163397448,7.85398163397448,1.,               977P   2385
0.707106781186548,1.,0.707106781186548,1.,138.122691122514,          977P   2386
169.824084982075,202.006947797192,35.1867066227611,                  977P   2387
169.824084982075,202.006947797192,35.1867066227611,                  977P   2388
169.824084982075,99.0709632974389,35.186706622761,                   977P   2389
169.824084982075,-3.86502120231439,138.122691122514,                 977P   2390
169.824084982075,-3.86502120231442,4.71238898038469,                 977P   2391
7.85398163397448,0.,0.,0.;                                           977P   2392
126,1,1,0,0,1,0,-0.0044199480951,-0.0044199480951,                   979P   2393
0.00441994809510033,0.00441994809510033,1.,1.,138.122691122514,      979P   2394
169.824084982075,202.006947797192,138.122691122514,                  979P   2395
169.828304649083,201.101018368229,-0.0044199480951,                  979P   2396
0.00441994809510033,0.,0.,0.;                                        979P   2397
126,1,1,0,0,1,0,-0.0281606485419715,-0.0281606485419715,             981P   2398
0.0281606485419713,0.0281606485419713,1.,1.,138.122691122514,        981P   2399
169.824084982075,202.006947797192,138.122691122514,                  981P   2400
174.006817189329,206.189680004445,-0.0281606485419715,               981P   2401
0.0281606485419713,0.,0.,0.;                                         981P   2402
126,2,2,0,0,0,0,3.14159265358979,3.14159265358979,                   983P   2403
3.14159265358979,4.71238898038469,4.71238898038469,                  983P   2404
4.71238898038469,1.,0.707106781186549,1.,245.241407829521,           983P   2405
174.006817189329,99.0709632974389,245.241407829521,                  983P   2406
174.006817189329,206.189680004445,138.122691122514,                  983P   2407
174.006817189329,206.189680004445,3.14159265358979,                  983P   2408
4.71238898038469,0.,0.,0.;                                           983P   2409
126,2,2,0,0,0,0,1.5707963267949,1.5707963267949,1.5707963267949,     985P   2410
3.14159265358979,3.14159265358979,3.14159265358979,1.,               985P   2411
0.707106781186547,1.,138.122691122514,174.006817189329,              985P   2412
-8.04775340956769,245.241407829521,174.006817189329,                 985P   2413
-8.04775340956768,245.241407829521,174.006817189329,                 985P   2414
99.0709632974389,1.5707963267949,3.14159265358979,0.,0.,0.;          985P   2415
126,4,2,0,0,0,0,4.71238898038469,4.71238898038469,                   987P   2416
4.71238898038469,6.28318530717959,6.28318530717959,                  987P   2417
7.85398163397448,7.85398163397448,7.85398163397448,1.,               987P   2418
0.707106781186548,1.,0.707106781186548,1.,138.122691122514,          987P   2419
174.006817189329,206.189680004445,31.0039744155078,                  987P   2420
174.006817189329,206.189680004445,31.0039744155078,                  987P   2421
174.006817189329,99.0709632974389,31.0039744155078,                  987P   2422
174.006817189329,-8.04775340956765,138.122691122514,                 987P   2423
174.006817189329,-8.04775340956769,4.71238898038469,                 987P   2424
7.85398163397448,0.,0.,0.;                                           987P   2425
126,2,2,0,0,0,0,1.5707963267949,1.5707963267949,1.5707963267949,     989P   2426
3.14159265358979,3.14159265358979,3.14159265358979,1.,               989P   2427
0.707106781186548,1.,138.122691122514,174.006817189329,              989P   2428
-10.8761805343139,248.069834954267,174.006817189329,                 989P   2429
-10.8761805343139,248.069834954267,174.006817189329,                 989P   2430
99.0709632974389,1.5707963267949,3.14159265358979,0.,0.,0.;          989P   2431
126,4,2,0,0,0,0,4.71238898038469,4.71238898038469,                   991P   2432
4.71238898038469,6.28318530717959,6.28318530717959,                  991P   2433
7.85398163397448,7.85398163397448,7.85398163397448,1.,               991P   2434
0.707106781186547,1.,0.707106781186548,1.,138.122691122514,          991P   2435
174.006817189329,209.018107129192,28.1755472907616,                  991P   2436
174.006817189329,209.018107129192,28.1755472907616,                  991P   2437
174.006817189329,99.0709632974389,28.1755472907616,                  991P   2438
174.006817189329,-10.8761805343139,138.122691122514,                 991P   2439
174.006817189329,-10.8761805343139,4.71238898038469,                 991P   2440
7.85398163397448,0.,0.,0.;                                           991P   2441
126,2,2,0,0,0,0,3.14159265358979,3.14159265358979,                   993P   2442
3.14159265358979,4.71238898038469,4.71238898038469,                  993P   2443
4.71238898038469,1.,0.707106781186548,1.,248.069834954267,           993P   2444
174.006817189329,99.0709632974389,248.069834954267,                  993P   2445
174.006817189329,209.018107129192,138.122691122514,                  993P   2446
174.006817189329,209.018107129192,3.14159265358979,                  993P   2447
4.71238898038469,0.,0.,0.;                                           993P   2448
126,2,2,0,0,0,0,0.785398163397437,0.785398163397437,                 995P   2449
0.785398163397437,2.35619449019236,2.35619449019236,                 995P   2450
2.35619449019236,1.,0.707106781186549,1.,248.069834954267,           995P   2451
174.006817189329,99.0709632974389,246.655621391894,                  995P   2452
175.421030751702,99.0709632974389,245.241407829521,                  995P   2453
174.006817189329,99.0709632974389,0.785398163397437,                 995P   2454
2.35619449019236,0.,0.,0.;                                           995P   2455
126,4,2,0,0,0,0,1.5707963267949,1.5707963267949,1.5707963267949,     997P   2456
3.14159265358979,3.14159265358979,4.71238898038469,                  997P   2457
4.71238898038469,4.71238898038469,1.,0.707106781186548,1.,           997P   2458
0.707106781186549,1.,138.122691122514,171.885496845769,              997P   2459
-12.9975008778735,250.191155297827,171.885496845769,                 997P   2460
-12.9975008778735,250.191155297827,171.885496845769,                 997P   2461
99.0709632974389,250.191155297827,171.885496845769,                  997P   2462
211.139427472751,138.122691122514,171.885496845769,                  997P   2463
211.139427472751,1.5707963267949,4.71238898038469,0.,0.,0.;          997P   2464
126,4,2,0,0,0,0,4.71238898038469,4.71238898038469,                   999P   2465
4.71238898038469,6.28318530717959,6.28318530717959,                  999P   2466
7.85398163397448,7.85398163397448,7.85398163397448,1.,               999P   2467
0.707106781186547,1.,0.707106781186548,1.,138.122691122514,          999P   2468
171.885496845769,211.139427472751,26.054226947202,                   999P   2469
171.885496845769,211.139427472751,26.054226947202,                   999P   2470
171.885496845769,99.0709632974389,26.0542269472019,                  999P   2471
171.885496845769,-12.9975008778735,138.122691122514,                 999P   2472
171.885496845769,-12.9975008778735,4.71238898038469,                 999P   2473
7.85398163397448,0.,0.,0.;                                           999P   2474
126,1,1,0,0,1,0,-0.0135125634946556,-0.0135125634946556,            1001P   2475
0.0135125634946559,0.0135125634946559,1.,1.,138.122691122514,       1001P   2476
171.885496845769,211.139427472751,138.122691122514,                 1001P   2477
174.006817189329,209.018107129192,-0.0135125634946556,              1001P   2478
0.0135125634946559,0.,0.,0.;                                        1001P   2479
126,2,2,0,0,0,0,1.5707963267949,1.5707963267949,1.5707963267949,    1003P   2480
3.14159265358979,3.14159265358979,3.14159265358979,1.,              1003P   2481
0.707106781186548,1.,138.122691122514,165.404077850799,             1003P   2482
-6.51608188290369,243.709736302857,165.404077850799,                1003P   2483
-6.51608188290368,243.709736302857,165.404077850799,                1003P   2484
99.0709632974389,1.5707963267949,3.14159265358979,0.,0.,0.;         1003P   2485
126,4,2,0,0,0,0,4.71238898038469,4.71238898038469,                  1005P   2486
4.71238898038469,6.28318530717959,6.28318530717959,                 1005P   2487
7.85398163397448,7.85398163397448,7.85398163397448,1.,              1005P   2488
0.707106781186548,1.,0.707106781186548,1.,138.122691122514,         1005P   2489
165.404077850799,204.658008477781,32.5356459421718,                 1005P   2490
165.404077850799,204.658008477781,32.5356459421718,                 1005P   2491
165.404077850799,99.0709632974389,32.5356459421718,                 1005P   2492
165.404077850799,-6.51608188290365,138.122691122514,                1005P   2493
165.404077850799,-6.51608188290369,4.71238898038469,                1005P   2494
7.85398163397448,0.,0.,0.;                                          1005P   2495
126,1,1,0,0,1,0,-0.0421129273191576,-0.0421129273191576,            1007P   2496
0.042112927319158,0.042112927319158,1.,1.,138.122691122514,         1007P   2497
165.404077850799,204.658008477781,138.122691122514,                 1007P   2498
171.885496845769,211.139427472751,-0.0421129273191576,              1007P   2499
0.042112927319158,0.,0.,0.;                                         1007P   2500
126,2,2,0,0,0,0,3.14159265358979,3.14159265358979,                  1009P   2501
3.14159265358979,4.71238898038469,4.71238898038469,                 1009P   2502
4.71238898038469,1.,0.707106781186548,1.,243.709736302857,          1009P   2503
165.404077850799,99.0709632974389,243.709736302857,                 1009P   2504
165.404077850799,204.658008477781,138.122691122514,                 1009P   2505
165.404077850799,204.658008477781,3.14159265358979,                 1009P   2506
4.71238898038469,0.,0.,0.;                                          1009P   2507
126,2,2,0,0,0,0,1.5707963267949,1.5707963267949,1.5707963267949,    1011P   2508
3.14159265358979,3.14159265358979,3.14159265358979,1.,              1011P   2509
0.707106781186548,1.,138.122691122514,164.818313108217,             1011P   2510
-5.09255275775058,242.286207177704,164.818313108217,                1011P   2511
-5.09255275775057,242.286207177704,164.818313108217,                1011P   2512
99.0709632974389,1.5707963267949,3.14159265358979,0.,0.,0.;         1011P   2513
126,4,2,0,0,0,0,4.71238898038469,4.71238898038469,                  1013P   2514
4.71238898038469,6.28318530717959,6.28318530717959,                 1013P   2515
7.85398163397448,7.85398163397448,7.85398163397448,1.,              1013P   2516
0.707106781186548,1.,0.707106781186548,1.,138.122691122514,         1013P   2517
164.818313108217,203.234479352628,33.9591750673249,                 1013P   2518
164.818313108217,203.234479352628,33.9591750673249,                 1013P   2519
164.818313108217,99.0709632974389,33.9591750673249,                 1013P   2520
164.818313108217,-5.09255275775054,138.122691122514,                1013P   2521
164.818313108217,-5.09255275775058,4.71238898038469,                1013P   2522
7.85398163397448,0.,0.,0.;                                          1013P   2523
126,2,2,0,0,0,0,3.14159265358979,3.14159265358979,                  1015P   2524
3.14159265358979,4.71238898038469,4.71238898038469,                 1015P   2525
4.71238898038469,1.,0.707106781186549,1.,242.286207177704,          1015P   2526
164.818313108217,99.0709632974389,242.286207177704,                 1015P   2527
164.818313108217,203.234479352628,138.122691122514,                 1015P   2528
164.818313108217,203.234479352628,3.14159265358979,                 1015P   2529
4.71238898038469,0.,0.,0.;                                          1015P   2530
126,2,2,0,0,0,0,-1.57545412502678,-1.57545412502678,                1017P   2531
-1.57545412502678,-0.785398163397435,-0.785398163397435,            1017P   2532
-0.785398163397435,1.,0.922985796755192,1.,242.286207177704,        1017P   2533
164.818313108217,99.0709632974389,243.120087485961,                 1017P   2534
164.814429033903,99.0709632974389,243.709736302857,                 1017P   2535
165.404077850799,99.0709632974389,-1.57545412502678,                1017P   2536
-0.785398163397435,0.,0.,0.;                                        1017P   2537
126,1,1,0,0,1,0,-0.0104611259381472,-0.0104611259381472,            1019P   2538
0.0104611259381473,0.0104611259381473,1.,1.,138.122691122514,       1019P   2539
164.818313108217,203.234479352628,138.122691122514,                 1019P   2540
164.828358886696,201.077729461279,-0.0104611259381472,              1019P   2541
0.0104611259381473,0.,0.,0.;                                        1019P   2542
126,2,2,0,0,0,0,3.14159265358979,3.14159265358979,                  1021P   2543
3.14159265358979,4.71238898038469,4.71238898038469,                 1021P   2544
4.71238898038469,1.,0.707106781186547,1.,240.129457286354,          1021P   2545
164.828358886696,99.0709632974389,240.129457286354,                 1021P   2546
164.828358886696,201.077729461279,138.122691122514,                 1021P   2547
164.828358886696,201.077729461279,3.14159265358979,                 1021P   2548
4.71238898038469,0.,0.,0.;                                          1021P   2549
126,2,2,0,0,0,0,1.5707963267949,1.5707963267949,1.5707963267949,    1023P   2550
3.14159265358979,3.14159265358979,3.14159265358979,1.,              1023P   2551
0.707106781186547,1.,138.122691122514,164.828358886696,             1023P   2552
-2.93580286640092,240.129457286354,164.828358886696,                1023P   2553
-2.93580286640092,240.129457286354,164.828358886696,                1023P   2554
99.0709632974389,1.5707963267949,3.14159265358979,0.,0.,0.;         1023P   2555
126,4,2,0,0,0,0,4.71238898038469,4.71238898038469,                  1025P   2556
4.71238898038469,6.28318530717959,6.28318530717959,                 1025P   2557
7.85398163397448,7.85398163397448,7.85398163397448,1.,              1025P   2558
0.707106781186548,1.,0.707106781186548,1.,138.122691122514,         1025P   2559
164.828358886696,201.077729461279,36.1159249586746,                 1025P   2560
164.828358886696,201.077729461279,36.1159249586746,                 1025P   2561
164.828358886696,99.0709632974389,36.1159249586745,                 1025P   2562
164.828358886696,-2.93580286640089,138.122691122514,                1025P   2563
164.828358886696,-2.93580286640092,4.71238898038469,                1025P   2564
7.85398163397448,0.,0.,0.;                                          1025P   2565
126,4,2,0,0,0,0,1.56613852856302,1.56613852856302,                  1027P   2566
1.56613852856302,2.35386559107641,2.35386559107641,                 1027P   2567
3.14159265358979,3.14159265358979,3.14159265358979,1.,              1027P   2568
0.923433290694436,1.,0.923433290694416,1.,240.129457286354,         1027P   2569
164.828358886696,99.0709632974389,239.298309384671,                 1027P   2570
164.832230233919,99.0709632974389,238.709225554123,                 1027P   2571
164.245883866668,99.0709632974389,238.120141723574,                 1027P   2572
163.659537499418,99.0709632974389,238.120141723574,                 1027P   2573
162.828380581741,99.0709632974389,1.56613852856302,                 1027P   2574
3.14159265358979,0.,0.,0.;                                          1027P   2575
126,2,2,0,0,0,0,1.5707963267949,1.5707963267949,1.5707963267949,    1029P   2576
3.14159265358979,3.14159265358979,3.14159265358979,1.,              1029P   2577
0.707106781186547,1.,138.122691122514,162.828380581741,             1029P   2578
-0.926487303620917,238.120141723574,162.828380581741,               1029P   2579
-0.92648730362092,238.120141723574,162.828380581741,                1029P   2580
99.0709632974389,1.5707963267949,3.14159265358979,0.,0.,0.;         1029P   2581
126,4,2,0,0,0,0,4.71238898038469,4.71238898038469,                  1031P   2582
4.71238898038469,6.28318530717959,6.28318530717959,                 1031P   2583
7.85398163397448,7.85398163397448,7.85398163397448,1.,              1031P   2584
0.707106781186547,1.,0.707106781186548,1.,138.122691122514,         1031P   2585
162.828380581741,199.068413898499,38.1252405214546,                 1031P   2586
162.828380581741,199.068413898499,38.1252405214546,                 1031P   2587
162.828380581741,99.0709632974389,38.1252405214545,                 1031P   2588
162.828380581741,-0.926487303620888,138.122691122514,               1031P   2589
162.828380581741,-0.926487303620917,4.71238898038469,               1031P   2590
7.85398163397448,0.,0.,0.;                                          1031P   2591
126,2,2,0,0,0,0,3.14159265358979,3.14159265358979,                  1033P   2592
3.14159265358979,4.71238898038469,4.71238898038469,                 1033P   2593
4.71238898038469,1.,0.707106781186548,1.,238.120141723574,          1033P   2594
162.828380581741,99.0709632974389,238.120141723574,                 1033P   2595
162.828380581741,199.068413898499,138.122691122514,                 1033P   2596
162.828380581741,199.068413898499,3.14159265358979,                 1033P   2597
4.71238898038469,0.,0.,0.;                                          1033P   2598
126,2,2,0,0,0,0,1.5707963267949,1.5707963267949,1.5707963267949,    1035P   2599
3.14159265358979,3.14159265358979,3.14159265358979,1.,              1035P   2600
0.707106781186547,1.,138.122691122514,156.837717940853,             1035P   2601
-0.926487303620917,238.120141723574,156.837717940853,               1035P   2602
-0.92648730362092,238.120141723574,156.837717940853,                1035P   2603
99.0709632974389,1.5707963267949,3.14159265358979,0.,0.,0.;         1035P   2604
126,4,2,0,0,0,0,4.71238898038469,4.71238898038469,                  1037P   2605
4.71238898038469,6.28318530717959,6.28318530717959,                 1037P   2606
7.85398163397448,7.85398163397448,7.85398163397448,1.,              1037P   2607
0.707106781186547,1.,0.707106781186548,1.,138.122691122514,         1037P   2608
156.837717940853,199.068413898499,38.1252405214546,                 1037P   2609
156.837717940853,199.068413898499,38.1252405214546,                 1037P   2610
156.837717940853,99.0709632974389,38.1252405214545,                 1037P   2611
156.837717940853,-0.926487303620888,138.122691122514,               1037P   2612
156.837717940853,-0.926487303620917,4.71238898038469,               1037P   2613
7.85398163397448,0.,0.,0.;                                          1037P   2614
126,1,1,0,0,1,0,-0.0299540768533561,-0.0299540768533561,            1039P   2615
0.0299540768533561,0.0299540768533561,1.,1.,138.122691122514,       1039P   2616
156.837717940853,199.068413898499,138.122691122514,                 1039P   2617
162.828380581741,199.068413898499,-0.0299540768533561,              1039P   2618
0.0299540768533561,0.,0.,0.;                                        1039P   2619
126,2,2,0,0,0,0,3.14159265358979,3.14159265358979,                  1041P   2620
3.14159265358979,4.71238898038469,4.71238898038469,                 1041P   2621
4.71238898038469,1.,0.707106781186548,1.,238.120141723574,          1041P   2622
156.837717940853,99.0709632974389,238.120141723574,                 1041P   2623
156.837717940853,199.068413898499,138.122691122514,                 1041P   2624
156.837717940853,199.068413898499,3.14159265358979,                 1041P   2625
4.71238898038469,0.,0.,0.;                                          1041P   2626
126,2,2,0,0,0,0,1.5707963267949,1.5707963267949,1.5707963267949,    1043P   2627
3.14159265358979,3.14159265358979,3.14159265358979,1.,              1043P   2628
0.707106781186547,1.,138.122691122514,154.837717940853,             1043P   2629
1.07351269637908,236.120141723574,154.837717940853,                 1043P   2630
1.07351269637908,236.120141723574,154.837717940853,                 1043P   2631
99.0709632974389,1.5707963267949,3.14159265358979,0.,0.,0.;         1043P   2632
126,6,2,0,0,0,0,3.14159265358979,3.14159265358979,                  1045P   2633
3.14159265358979,4.71238898038469,4.71238898038469,                 1045P   2634
6.28318530717959,6.28318530717959,7.85398163397448,                 1045P   2635
7.85398163397448,7.85398163397448,1.,0.707106781186547,1.,          1045P   2636
0.707106781186547,1.,0.707106781186547,1.,236.120141723574,         1045P   2637
154.837717940853,99.0709632974389,236.120141723574,                 1045P   2638
154.837717940853,197.068413898499,138.122691122514,                 1045P   2639
154.837717940853,197.068413898499,40.1252405214546,                 1045P   2640
154.837717940853,197.068413898499,40.1252405214546,                 1045P   2641
154.837717940853,99.0709632974389,40.1252405214545,                 1045P   2642
154.837717940853,1.07351269637911,138.122691122514,                 1045P   2643
154.837717940853,1.07351269637908,3.14159265358979,                 1045P   2644
7.85398163397448,0.,0.,0.;                                          1045P   2645
126,2,2,0,0,0,0,-1.57079632679491,-1.57079632679491,                1047P   2646
-1.57079632679491,0.,0.,0.,1.,0.707106781186531,1.,                 1047P   2647
236.120141723574,154.837717940853,99.0709632974389,                 1047P   2648
238.120141723574,154.837717940853,99.0709632974389,                 1047P   2649
238.120141723574,156.837717940853,99.0709632974389,                 1047P   2650
-1.57079632679491,0.,0.,0.,0.;                                      1047P   2651
126,2,2,0,0,0,0,1.5707963267949,1.5707963267949,1.5707963267949,    1049P   2652
3.14159265358979,3.14159265358979,3.14159265358979,1.,              1049P   2653
0.707106781186548,1.,138.122691122514,154.837717940853,             1049P   2654
2.07351269637908,235.120141723574,154.837717940853,                 1049P   2655
2.07351269637908,235.120141723574,154.837717940853,                 1049P   2656
99.0709632974389,1.5707963267949,3.14159265358979,0.,0.,0.;         1049P   2657
126,6,2,0,0,0,0,3.14159265358979,3.14159265358979,                  1051P   2658
3.14159265358979,4.71238898038469,4.71238898038469,                 1051P   2659
6.28318530717959,6.28318530717959,7.85398163397448,                 1051P   2660
7.85398163397448,7.85398163397448,1.,0.707106781186547,1.,          1051P   2661
0.707106781186547,1.,0.707106781186548,1.,235.120141723574,         1051P   2662
154.837717940853,99.0709632974389,235.120141723574,                 1051P   2663
154.837717940853,196.068413898499,138.122691122514,                 1051P   2664
154.837717940853,196.068413898499,41.1252405214546,                 1051P   2665
154.837717940853,196.068413898499,41.1252405214546,                 1051P   2666
154.837717940853,99.0709632974389,41.1252405214545,                 1051P   2667
154.837717940853,2.07351269637911,138.122691122514,                 1051P   2668
154.837717940853,2.07351269637908,3.14159265358979,                 1051P   2669
7.85398163397448,0.,0.,0.;                                          1051P   2670
126,2,2,0,0,0,0,1.57079632679489,1.57079632679489,                  1053P   2671
1.57079632679489,3.14159265358979,3.14159265358979,                 1053P   2672
3.14159265358979,1.,0.707106781186539,1.,235.120141723574,          1053P   2673
154.837717940853,99.0709632974389,233.120141723574,                 1053P   2674
154.837717940853,99.0709632974389,233.120141723574,                 1053P   2675
152.837717940853,99.0709632974389,1.57079632679489,                 1053P   2676
3.14159265358979,0.,0.,0.;                                          1053P   2677
126,2,2,0,0,0,0,1.5707963267949,1.5707963267949,1.5707963267949,    1055P   2678
3.14159265358979,3.14159265358979,3.14159265358979,1.,              1055P   2679
0.707106781186547,1.,138.122691122514,152.837717940853,             1055P   2680
4.07351269637909,233.120141723574,152.837717940853,                 1055P   2681
4.07351269637908,233.120141723574,152.837717940853,                 1055P   2682
99.0709632974389,1.5707963267949,3.14159265358979,0.,0.,0.;         1055P   2683
126,4,2,0,0,0,0,4.71238898038469,4.71238898038469,                  1057P   2684
4.71238898038469,6.28318530717959,6.28318530717959,                 1057P   2685
7.85398163397448,7.85398163397448,7.85398163397448,1.,              1057P   2686
0.707106781186548,1.,0.707106781186548,1.,138.122691122514,         1057P   2687
152.837717940853,194.068413898499,43.1252405214546,                 1057P   2688
152.837717940853,194.068413898499,43.1252405214546,                 1057P   2689
152.837717940853,99.0709632974389,43.1252405214546,                 1057P   2690
152.837717940853,4.07351269637911,138.122691122514,                 1057P   2691
152.837717940853,4.07351269637909,4.71238898038469,                 1057P   2692
7.85398163397448,0.,0.,0.;                                          1057P   2693
126,2,2,0,0,0,0,3.14159265358979,3.14159265358979,                  1059P   2694
3.14159265358979,4.71238898038469,4.71238898038469,                 1059P   2695
4.71238898038469,1.,0.707106781186547,1.,233.120141723574,          1059P   2696
152.837717940853,99.0709632974389,233.120141723574,                 1059P   2697
152.837717940853,194.068413898499,138.122691122514,                 1059P   2698
152.837717940853,194.068413898499,3.14159265358979,                 1059P   2699
4.71238898038469,0.,0.,0.;                                          1059P   2700
126,2,2,0,0,0,0,1.5707963267949,1.5707963267949,1.5707963267949,    1061P   2701
3.14159265358979,3.14159265358979,3.14159265358979,1.,              1061P   2702
0.707106781186548,1.,138.122691122514,76.8377179408534,             1061P   2703
4.07351269637906,233.120141723574,76.8377179408534,                 1061P   2704
4.07351269637905,233.120141723574,76.8377179408534,                 1061P   2705
99.0709632974389,1.5707963267949,3.14159265358979,0.,0.,0.;         1061P   2706
126,4,2,0,0,0,0,4.71238898038469,4.71238898038469,                  1063P   2707
4.71238898038469,6.28318530717959,6.28318530717959,                 1063P   2708
7.85398163397448,7.85398163397448,7.85398163397448,1.,              1063P   2709
0.707106781186548,1.,0.707106781186547,1.,138.122691122514,         1063P   2710
76.8377179408534,194.068413898499,43.1252405214546,                 1063P   2711
76.8377179408534,194.068413898499,43.1252405214546,                 1063P   2712
76.8377179408534,99.0709632974389,43.1252405214545,                 1063P   2713
76.8377179408534,4.07351269637909,138.122691122514,                 1063P   2714
76.8377179408534,4.07351269637906,4.71238898038469,                 1063P   2715
7.85398163397448,0.,0.,0.;                                          1063P   2716
126,1,1,0,0,1,0,-0.200005367299699,-0.200005367299699,              1065P   2717
0.600016101899098,0.600016101899098,1.,1.,138.122691122514,         1065P   2718
76.8377179408534,194.068413898499,138.122691122514,                 1065P   2719
152.837717940853,194.068413898499,-0.200005367299699,               1065P   2720
0.600016101899098,0.,0.,0.;                                         1065P   2721
126,2,2,0,0,0,0,3.14159265358979,3.14159265358979,                  1067P   2722
3.14159265358979,4.71238898038469,4.71238898038469,                 1067P   2723
4.71238898038469,1.,0.707106781186548,1.,233.120141723574,          1067P   2724
76.8377179408534,99.0709632974389,233.120141723574,                 1067P   2725
76.8377179408534,194.068413898499,138.122691122514,                 1067P   2726
76.8377179408534,194.068413898499,3.14159265358979,                 1067P   2727
4.71238898038469,0.,0.,0.;                                          1067P   2728
126,2,2,0,0,0,0,-3.14159265358979,-3.14159265358979,                1069P   2729
-3.14159265358979,-1.57079632679489,-1.57079632679489,              1069P   2730
-1.57079632679489,1.,0.707106781186551,1.,233.120141723574,         1069P   2731
76.8377179408534,99.0709632974389,233.120141723574,                 1069P   2732
74.8377179408534,99.0709632974389,235.120141723574,                 1069P   2733
74.8377179408534,99.0709632974389,-3.14159265358979,                1069P   2734
-1.57079632679489,0.,0.,0.;                                         1069P   2735
126,2,2,0,0,0,0,1.5707963267949,1.5707963267949,1.5707963267949,    1071P   2736
3.14159265358979,3.14159265358979,3.14159265358979,1.,              1071P   2737
0.707106781186548,1.,138.122691122514,74.8377179408534,             1071P   2738
2.07351269637905,235.120141723574,74.8377179408534,                 1071P   2739
2.07351269637907,235.120141723574,74.8377179408534,                 1071P   2740
99.0709632974389,1.5707963267949,3.14159265358979,0.,0.,0.;         1071P   2741
126,6,2,0,0,0,0,3.14159265358979,3.14159265358979,                  1073P   2742
3.14159265358979,4.71238898038469,4.71238898038469,                 1073P   2743
6.28318530717959,6.28318530717959,7.85398163397448,                 1073P   2744
7.85398163397448,7.85398163397448,1.,0.707106781186549,1.,          1073P   2745
0.707106781186548,1.,0.707106781186548,1.,235.120141723574,         1073P   2746
74.8377179408534,99.0709632974389,235.120141723574,                 1073P   2747
74.8377179408534,196.068413898499,138.122691122514,                 1073P   2748
74.8377179408534,196.068413898499,41.1252405214546,                 1073P   2749
74.8377179408534,196.068413898499,41.1252405214545,                 1073P   2750
74.8377179408534,99.0709632974389,41.1252405214545,                 1073P   2751
74.8377179408534,2.0735126963791,138.122691122514,                  1073P   2752
74.8377179408534,2.07351269637905,3.14159265358979,                 1073P   2753
7.85398163397448,0.,0.,0.;                                          1073P   2754
126,2,2,0,0,0,0,1.5707963267949,1.5707963267949,1.5707963267949,    1075P   2755
3.14159265358979,3.14159265358979,3.14159265358979,1.,              1075P   2756
0.707106781186548,1.,138.122691122514,74.8377179408534,             1075P   2757
1.07351269637907,236.120141723574,74.8377179408534,                 1075P   2758
1.07351269637908,236.120141723574,74.8377179408534,                 1075P   2759
99.0709632974389,1.5707963267949,3.14159265358979,0.,0.,0.;         1075P   2760
126,6,2,0,0,0,0,3.14159265358979,3.14159265358979,                  1077P   2761
3.14159265358979,4.71238898038469,4.71238898038469,                 1077P   2762
6.28318530717959,6.28318530717959,7.85398163397448,                 1077P   2763
7.85398163397448,7.85398163397448,1.,0.707106781186548,1.,          1077P   2764
0.707106781186548,1.,0.707106781186548,1.,236.120141723574,         1077P   2765
74.8377179408534,99.0709632974389,236.120141723574,                 1077P   2766
74.8377179408534,197.068413898499,138.122691122514,                 1077P   2767
74.8377179408534,197.068413898499,40.1252405214546,                 1077P   2768
74.8377179408534,197.068413898499,40.1252405214546,                 1077P   2769
74.8377179408534,99.0709632974389,40.1252405214545,                 1077P   2770
74.8377179408534,1.07351269637911,138.122691122514,                 1077P   2771
74.8377179408534,1.07351269637907,3.14159265358979,                 1077P   2772
7.85398163397448,0.,0.,0.;                                          1077P   2773
126,2,2,0,0,0,0,1.5707963267949,1.5707963267949,1.5707963267949,    1079P   2774
3.14159265358979,3.14159265358979,3.14159265358979,1.,              1079P   2775
0.707106781186548,1.,138.122691122514,72.8377179408534,             1079P   2776
-0.926487303620931,238.120141723574,72.8377179408534,               1079P   2777
-0.926487303620934,238.120141723574,72.8377179408534,               1079P   2778
99.0709632974389,1.5707963267949,3.14159265358979,0.,0.,0.;         1079P   2779
126,4,2,0,0,0,0,4.71238898038469,4.71238898038469,                  1081P   2780
4.71238898038469,6.28318530717959,6.28318530717959,                 1081P   2781
7.85398163397448,7.85398163397448,7.85398163397448,1.,              1081P   2782
0.707106781186548,1.,0.707106781186548,1.,138.122691122514,         1081P   2783
72.8377179408534,199.068413898499,38.1252405214546,                 1081P   2784
72.8377179408534,199.068413898499,38.1252405214546,                 1081P   2785
72.8377179408534,99.0709632974389,38.1252405214545,                 1081P   2786
72.8377179408534,-0.926487303620902,138.122691122514,               1081P   2787
72.8377179408534,-0.926487303620931,4.71238898038469,               1081P   2788
7.85398163397448,0.,0.,0.;                                          1081P   2789
126,2,2,0,0,0,0,3.14159265358979,3.14159265358979,                  1083P   2790
3.14159265358979,4.71238898038469,4.71238898038469,                 1083P   2791
4.71238898038469,1.,0.707106781186548,1.,238.120141723574,          1083P   2792
72.8377179408534,99.0709632974389,238.120141723574,                 1083P   2793
72.8377179408534,199.068413898499,138.122691122514,                 1083P   2794
72.8377179408534,199.068413898499,3.14159265358979,                 1083P   2795
4.71238898038469,0.,0.,0.;                                          1083P   2796
126,2,2,0,0,0,0,0.,0.,0.,1.5707963267949,1.5707963267949,           1085P   2797
1.5707963267949,1.,0.707106781186546,1.,238.120141723574,           1085P   2798
72.8377179408534,99.0709632974389,238.120141723574,                 1085P   2799
74.8377179408534,99.0709632974389,236.120141723574,                 1085P   2800
74.8377179408534,99.0709632974389,0.,1.5707963267949,0.,0.,0.;      1085P   2801
126,2,2,0,0,0,0,1.5707963267949,1.5707963267949,1.5707963267949,    1087P   2802
3.14159265358979,3.14159265358979,3.14159265358979,1.,              1087P   2803
0.707106781186548,1.,138.122691122514,66.8470552999658,             1087P   2804
-0.926487303620931,238.120141723574,66.8470552999657,               1087P   2805
-0.926487303620934,238.120141723574,66.8470552999657,               1087P   2806
99.0709632974389,1.5707963267949,3.14159265358979,0.,0.,0.;         1087P   2807
126,4,2,0,0,0,0,4.71238898038469,4.71238898038469,                  1089P   2808
4.71238898038469,6.28318530717959,6.28318530717959,                 1089P   2809
7.85398163397448,7.85398163397448,7.85398163397448,1.,              1089P   2810
0.707106781186548,1.,0.707106781186548,1.,138.122691122514,         1089P   2811
66.8470552999658,199.068413898499,38.1252405214546,                 1089P   2812
66.8470552999658,199.068413898499,38.1252405214546,                 1089P   2813
66.8470552999658,99.0709632974389,38.1252405214545,                 1089P   2814
66.8470552999658,-0.926487303620902,138.122691122514,               1089P   2815
66.8470552999658,-0.926487303620931,4.71238898038469,               1089P   2816
7.85398163397448,0.,0.,0.;                                          1089P   2817
126,1,1,0,0,1,0,-0.0299540768533561,-0.0299540768533561,            1091P   2818
0.0299540768533559,0.0299540768533559,1.,1.,138.122691122514,       1091P   2819
66.8470552999658,199.068413898499,138.122691122514,                 1091P   2820
72.8377179408534,199.068413898499,-0.0299540768533561,              1091P   2821
0.0299540768533559,0.,0.,0.;                                        1091P   2822
126,2,2,0,0,0,0,3.14159265358979,3.14159265358979,                  1093P   2823
3.14159265358979,4.71238898038469,4.71238898038469,                 1093P   2824
4.71238898038469,1.,0.707106781186548,1.,238.120141723574,          1093P   2825
66.8470552999657,99.0709632974389,238.120141723574,                 1093P   2826
66.8470552999657,199.068413898499,138.122691122514,                 1093P   2827
66.8470552999658,199.068413898499,3.14159265358979,                 1093P   2828
4.71238898038469,0.,0.,0.;                                          1093P   2829
126,4,2,0,0,0,0,-3.14159265358979,-3.14159265358979,                1095P   2830
-3.14159265358979,-2.3538655910764,-2.3538655910764,                1095P   2831
-1.56613852856301,-1.56613852856301,-1.56613852856301,1.,           1095P   2832
0.923433290694585,1.,0.923433290694522,1.,238.120141723574,         1095P   2833
66.8470552999658,99.0709632974389,238.120141723574,                 1095P   2834
66.0158983822891,99.0709632974389,238.709225554123,                 1095P   2835
65.4295520150383,99.0709632974389,239.298309384671,                 1095P   2836
64.8432056477876,99.0709632974389,240.129457286354,                 1095P   2837
64.8470769950109,99.0709632974389,-3.14159265358979,                1095P   2838
-1.56613852856301,0.,0.,0.;                                         1095P   2839
126,2,2,0,0,0,0,1.5707963267949,1.5707963267949,1.5707963267949,    1097P   2840
3.14159265358979,3.14159265358979,3.14159265358979,1.,              1097P   2841
0.707106781186548,1.,138.122691122514,64.8470769950109,             1097P   2842
-2.93580286640095,240.129457286354,64.8470769950109,                1097P   2843
-2.93580286640095,240.129457286354,64.8470769950109,                1097P   2844
99.0709632974389,1.5707963267949,3.14159265358979,0.,0.,0.;         1097P   2845
126,4,2,0,0,0,0,4.71238898038469,4.71238898038469,                  1099P   2846
4.71238898038469,6.28318530717959,6.28318530717959,                 1099P   2847
7.85398163397448,7.85398163397448,7.85398163397448,1.,              1099P   2848
0.707106781186548,1.,0.707106781186547,1.,138.122691122514,         1099P   2849
64.8470769950109,201.077729461279,36.1159249586746,                 1099P   2850
64.8470769950109,201.077729461279,36.1159249586745,                 1099P   2851
64.8470769950109,99.0709632974389,36.1159249586745,                 1099P   2852
64.8470769950109,-2.93580286640092,138.122691122514,                1099P   2853
64.8470769950109,-2.93580286640095,4.71238898038469,                1099P   2854
7.85398163397448,0.,0.,0.;                                          1099P   2855
126,2,2,0,0,0,0,3.14159265358979,3.14159265358979,                  1101P   2856
3.14159265358979,4.71238898038469,4.71238898038469,                 1101P   2857
4.71238898038469,1.,0.707106781186548,1.,240.129457286354,          1101P   2858
64.8470769950109,99.0709632974389,240.129457286354,                 1101P   2859
64.8470769950109,201.077729461279,138.122691122514,                 1101P   2860
64.8470769950109,201.077729461279,3.14159265358979,                 1101P   2861
4.71238898038469,0.,0.,0.;                                          1101P   2862
126,1,1,0,0,1,0,-0.0104611259381472,-0.0104611259381472,            1103P   2863
0.0104611259381473,0.0104611259381473,1.,1.,138.122691122514,       1103P   2864
64.8470769950109,201.077729461279,138.122691122514,                 1103P   2865
64.8571227734895,203.234479352628,-0.0104611259381472,              1103P   2866
0.0104611259381473,0.,0.,0.;                                        1103P   2867
126,2,2,0,0,0,0,3.14159265358979,3.14159265358979,                  1105P   2868
3.14159265358979,4.71238898038469,4.71238898038469,                 1105P   2869
4.71238898038469,1.,0.707106781186547,1.,242.286207177704,          1105P   2870
64.8571227734896,99.0709632974389,242.286207177704,                 1105P   2871
64.8571227734896,203.234479352628,138.122691122514,                 1105P   2872
64.8571227734896,203.234479352628,3.14159265358979,                 1105P   2873
4.71238898038469,0.,0.,0.;                                          1105P   2874
126,2,2,0,0,0,0,1.5707963267949,1.5707963267949,1.5707963267949,    1107P   2875
3.14159265358979,3.14159265358979,3.14159265358979,1.,              1107P   2876
0.707106781186548,1.,138.122691122514,64.8571227734896,             1107P   2877
-5.09255275775061,242.286207177704,64.8571227734896,                1107P   2878
-5.09255275775061,242.286207177704,64.8571227734896,                1107P   2879
99.0709632974389,1.5707963267949,3.14159265358979,0.,0.,0.;         1107P   2880
126,4,2,0,0,0,0,4.71238898038469,4.71238898038469,                  1109P   2881
4.71238898038469,6.28318530717959,6.28318530717959,                 1109P   2882
7.85398163397448,7.85398163397448,7.85398163397448,1.,              1109P   2883
0.707106781186548,1.,0.707106781186548,1.,138.122691122514,         1109P   2884
64.8571227734896,203.234479352628,33.9591750673249,                 1109P   2885
64.8571227734896,203.234479352628,33.9591750673249,                 1109P   2886
64.8571227734896,99.0709632974389,33.9591750673248,                 1109P   2887
64.8571227734896,-5.09255275775058,138.122691122514,                1109P   2888
64.8571227734896,-5.09255275775061,4.71238898038469,                1109P   2889
7.85398163397448,0.,0.,0.;                                          1109P   2890
126,2,2,0,0,0,0,1.5707963267949,1.5707963267949,1.5707963267949,    1111P   2891
3.14159265358979,3.14159265358979,3.14159265358979,1.,              1111P   2892
0.707106781186547,1.,138.122691122514,64.2713580309078,             1111P   2893
-6.5160818829037,243.709736302857,64.2713580309078,                 1111P   2894
-6.51608188290371,243.709736302857,64.2713580309078,                1111P   2895
99.0709632974389,1.5707963267949,3.14159265358979,0.,0.,0.;         1111P   2896
126,4,2,0,0,0,0,4.71238898038469,4.71238898038469,                  1113P   2897
4.71238898038469,6.28318530717959,6.28318530717959,                 1113P   2898
7.85398163397448,7.85398163397448,7.85398163397448,1.,              1113P   2899
0.707106781186547,1.,0.707106781186547,1.,138.122691122514,         1113P   2900
64.2713580309078,204.658008477781,32.5356459421718,                 1113P   2901
64.2713580309078,204.658008477781,32.5356459421718,                 1113P   2902
64.2713580309078,99.0709632974389,32.5356459421718,                 1113P   2903
64.2713580309078,-6.51608188290368,138.122691122514,                1113P   2904
64.2713580309078,-6.5160818829037,4.71238898038469,                 1113P   2905
7.85398163397448,0.,0.,0.;                                          1113P   2906
126,2,2,0,0,0,0,3.14159265358979,3.14159265358979,                  1115P   2907
3.14159265358979,4.71238898038469,4.71238898038469,                 1115P   2908
4.71238898038469,1.,0.707106781186547,1.,243.709736302857,          1115P   2909
64.2713580309078,99.0709632974389,243.709736302857,                 1115P   2910
64.2713580309078,204.658008477781,138.122691122514,                 1115P   2911
64.2713580309078,204.658008477781,3.14159265358979,                 1115P   2912
4.71238898038469,0.,0.,0.;                                          1115P   2913
126,2,2,0,0,0,0,0.785398163397445,0.785398163397445,                1117P   2914
0.785398163397445,1.57545412502677,1.57545412502677,                1117P   2915
1.57545412502677,1.,0.922985796755199,1.,243.709736302857,          1117P   2916
64.2713580309078,99.0709632974389,243.120087485961,                 1117P   2917
64.8610068478034,99.0709632974389,242.286207177704,                 1117P   2918
64.8571227734895,99.0709632974389,0.785398163397445,                1117P   2919
1.57545412502677,0.,0.,0.;                                          1117P   2920
126,4,2,0,0,0,0,1.5707963267949,1.5707963267949,1.5707963267949,    1119P   2921
3.14159265358979,3.14159265358979,4.71238898038469,                 1119P   2922
4.71238898038469,4.71238898038469,1.,0.707106781186548,1.,          1119P   2923
0.707106781186548,1.,138.122691122514,57.7899390359379,             1119P   2924
-12.9975008778736,250.191155297827,57.7899390359379,                1119P   2925
-12.9975008778736,250.191155297827,57.7899390359379,                1119P   2926
99.0709632974389,250.191155297827,57.7899390359379,                 1119P   2927
211.139427472751,138.122691122514,57.7899390359379,                 1119P   2928
211.139427472751,1.5707963267949,4.71238898038469,0.,0.,0.;         1119P   2929
126,4,2,0,0,0,0,4.71238898038469,4.71238898038469,                  1121P   2930
4.71238898038469,6.28318530717959,6.28318530717959,                 1121P   2931
7.85398163397448,7.85398163397448,7.85398163397448,1.,              1121P   2932
0.707106781186548,1.,0.707106781186548,1.,138.122691122514,         1121P   2933
57.7899390359379,211.139427472751,26.054226947202,                  1121P   2934
57.789939035938,211.139427472751,26.0542269472019,                  1121P   2935
57.789939035938,99.0709632974389,26.0542269472019,                  1121P   2936
57.789939035938,-12.9975008778735,138.122691122514,                 1121P   2937
57.7899390359379,-12.9975008778736,4.71238898038469,                1121P   2938
7.85398163397448,0.,0.,0.;                                          1121P   2939
126,1,1,0,0,1,0,-0.0421129273191578,-0.0421129273191578,            1123P   2940
0.0421129273191581,0.0421129273191581,1.,1.,138.122691122514,       1123P   2941
57.7899390359379,211.139427472751,138.122691122514,                 1123P   2942
64.2713580309078,204.658008477781,-0.0421129273191578,              1123P   2943
0.0421129273191581,0.,0.,0.;                                        1123P   2944
126,2,2,0,0,0,0,1.5707963267949,1.5707963267949,1.5707963267949,    1125P   2945
3.14159265358979,3.14159265358979,3.14159265358979,1.,              1125P   2946
0.707106781186547,1.,138.122691122514,55.6686186923783,             1125P   2947
-10.8761805343139,248.069834954267,55.6686186923783,                1125P   2948
-10.8761805343139,248.069834954267,55.6686186923783,                1125P   2949
99.0709632974389,1.5707963267949,3.14159265358979,0.,0.,0.;         1125P   2950
126,4,2,0,0,0,0,4.71238898038469,4.71238898038469,                  1127P   2951
4.71238898038469,6.28318530717959,6.28318530717959,                 1127P   2952
7.85398163397448,7.85398163397448,7.85398163397448,1.,              1127P   2953
0.707106781186547,1.,0.707106781186547,1.,138.122691122514,         1127P   2954
55.6686186923783,209.018107129192,28.1755472907616,                 1127P   2955
55.6686186923783,209.018107129192,28.1755472907616,                 1127P   2956
55.6686186923783,99.0709632974389,28.1755472907615,                 1127P   2957
55.6686186923783,-10.8761805343139,138.122691122514,                1127P   2958
55.6686186923783,-10.8761805343139,4.71238898038469,                1127P   2959
7.85398163397448,0.,0.,0.;                                          1127P   2960
126,1,1,0,0,1,0,-0.0135125634946555,-0.0135125634946555,            1129P   2961
0.0135125634946557,0.0135125634946557,1.,1.,138.122691122514,       1129P   2962
55.6686186923783,209.018107129192,138.122691122514,                 1129P   2963
57.789939035938,211.139427472751,-0.0135125634946555,               1129P   2964
0.0135125634946557,0.,0.,0.;                                        1129P   2965
126,2,2,0,0,0,0,3.14159265358979,3.14159265358979,                  1131P   2966
3.14159265358979,4.71238898038469,4.71238898038469,                 1131P   2967
4.71238898038469,1.,0.707106781186548,1.,248.069834954267,          1131P   2968
55.6686186923783,99.0709632974389,248.069834954267,                 1131P   2969
55.6686186923783,209.018107129192,138.122691122514,                 1131P   2970
55.6686186923783,209.018107129192,3.14159265358979,                 1131P   2971
4.71238898038469,0.,0.,0.;                                          1131P   2972
126,2,2,0,0,0,0,1.5707963267949,1.5707963267949,1.5707963267949,    1133P   2973
3.14159265358979,3.14159265358979,3.14159265358979,1.,              1133P   2974
0.707106781186547,1.,138.122691122514,55.6686186923783,             1133P   2975
-8.04775340956773,245.241407829521,55.6686186923783,                1133P   2976
-8.04775340956773,245.241407829521,55.6686186923783,                1133P   2977
99.0709632974389,1.5707963267949,3.14159265358979,0.,0.,0.;         1133P   2978
126,4,2,0,0,0,0,4.71238898038469,4.71238898038469,                  1135P   2979
4.71238898038469,6.28318530717959,6.28318530717959,                 1135P   2980
7.85398163397448,7.85398163397448,7.85398163397448,1.,              1135P   2981
0.707106781186548,1.,0.707106781186547,1.,138.122691122514,         1135P   2982
55.6686186923783,206.189680004445,31.0039744155078,                 1135P   2983
55.6686186923783,206.189680004445,31.0039744155078,                 1135P   2984
55.6686186923783,99.0709632974389,31.0039744155077,                 1135P   2985
55.6686186923783,-8.0477534095677,138.122691122514,                 1135P   2986
55.6686186923783,-8.04775340956773,4.71238898038469,                1135P   2987
7.85398163397448,0.,0.,0.;                                          1135P   2988
126,2,2,0,0,0,0,3.14159265358979,3.14159265358979,                  1137P   2989
3.14159265358979,4.71238898038469,4.71238898038469,                 1137P   2990
4.71238898038469,1.,0.707106781186547,1.,245.241407829521,          1137P   2991
55.6686186923783,99.0709632974389,245.241407829521,                 1137P   2992
55.6686186923783,206.189680004445,138.122691122514,                 1137P   2993
55.6686186923783,206.189680004445,3.14159265358979,                 1137P   2994
4.71238898038469,0.,0.,0.;                                          1137P   2995
126,2,2,0,0,0,0,-2.35619449019235,-2.35619449019235,                1139P   2996
-2.35619449019235,-0.785398163397432,-0.785398163397432,            1139P   2997
-0.785398163397432,1.,0.707106781186544,1.,245.241407829521,        1139P   2998
55.6686186923783,99.0709632974389,246.655621391894,                 1139P   2999
54.2544051300052,99.0709632974389,248.069834954267,                 1139P   3000
55.6686186923783,99.0709632974389,-2.35619449019235,                1139P   3001
-0.785398163397432,0.,0.,0.;                                        1139P   3002
126,1,1,0,0,1,0,-0.0281606485419717,-0.0281606485419717,            1141P   3003
0.0281606485419715,0.0281606485419715,1.,1.,138.122691122514,       1141P   3004
55.6686186923783,206.189680004446,138.122691122514,                 1141P   3005
59.8513508996316,202.006947797192,-0.0281606485419717,              1141P   3006
0.0281606485419715,0.,0.,0.;                                        1141P   3007
126,4,2,0,0,0,0,1.5707963267949,1.5707963267949,1.5707963267949,    1143P   3008
3.14159265358979,3.14159265358979,4.71238898038469,                 1143P   3009
4.71238898038469,4.71238898038469,1.,0.707106781186547,1.,          1143P   3010
0.707106781186548,1.,138.122691122514,59.8513508996316,             1143P   3011
-3.86502120231442,241.058675622268,59.8513508996316,                1143P   3012
-3.86502120231443,241.058675622268,59.8513508996316,                1143P   3013
99.0709632974389,241.058675622268,59.8513508996316,                 1143P   3014
202.006947797192,138.122691122514,59.8513508996316,                 1143P   3015
202.006947797192,1.5707963267949,4.71238898038469,0.,0.,0.;         1143P   3016
126,4,2,0,0,0,0,4.71238898038469,4.71238898038469,                  1145P   3017
4.71238898038469,6.28318530717959,6.28318530717959,                 1145P   3018
7.85398163397448,7.85398163397448,7.85398163397448,1.,              1145P   3019
0.707106781186548,1.,0.707106781186548,1.,138.122691122514,         1145P   3020
59.8513508996316,202.006947797192,35.1867066227611,                 1145P   3021
59.8513508996316,202.006947797192,35.1867066227611,                 1145P   3022
59.8513508996316,99.0709632974389,35.186706622761,                  1145P   3023
59.8513508996316,-3.86502120231439,138.122691122514,                1145P   3024
59.8513508996316,-3.86502120231442,4.71238898038469,                1145P   3025
7.85398163397448,0.,0.,0.;                                          1145P   3026
126,2,2,0,0,0,0,1.5707963267949,1.5707963267949,1.5707963267949,    1147P   3027
3.14159265358979,3.14159265358979,3.14159265358979,1.,              1147P   3028
0.707106781186548,1.,138.122691122514,59.8471312326238,             1147P   3029
-2.95909177335096,240.152746193304,59.8471312326238,                1147P   3030
-2.95909177335095,240.152746193304,59.8471312326238,                1147P   3031
99.0709632974389,1.5707963267949,3.14159265358979,0.,0.,0.;         1147P   3032
126,4,2,0,0,0,0,4.71238898038469,4.71238898038469,                  1149P   3033
4.71238898038469,6.28318530717959,6.28318530717959,                 1149P   3034
7.85398163397448,7.85398163397448,7.85398163397448,1.,              1149P   3035
0.707106781186548,1.,0.707106781186548,1.,138.122691122514,         1149P   3036
59.8471312326238,201.101018368229,36.0926360517246,                 1149P   3037
59.8471312326238,201.101018368229,36.0926360517245,                 1149P   3038
59.8471312326238,99.0709632974389,36.0926360517245,                 1149P   3039
59.8471312326238,-2.95909177335092,138.122691122514,                1149P   3040
59.8471312326238,-2.95909177335096,4.71238898038469,                1149P   3041
7.85398163397448,0.,0.,0.;                                          1149P   3042
126,1,1,0,0,1,0,-0.0044199480951,-0.0044199480951,                  1151P   3043
0.00441994809510032,0.00441994809510032,1.,1.,138.122691122514,     1151P   3044
59.8471312326238,201.101018368229,138.122691122514,                 1151P   3045
59.8513508996316,202.006947797192,-0.0044199480951,                 1151P   3046
0.00441994809510032,0.,0.,0.;                                       1151P   3047
126,2,2,0,0,0,0,3.14159265358979,3.14159265358979,                  1153P   3048
3.14159265358979,4.71238898038469,4.71238898038469,                 1153P   3049
4.71238898038469,1.,0.707106781186549,1.,240.152746193304,          1153P   3050
59.8471312326238,99.0709632974389,240.152746193304,                 1153P   3051
59.8471312326238,201.101018368229,138.122691122514,                 1153P   3052
59.8471312326238,201.101018368229,3.14159265358979,                 1153P   3053
4.71238898038469,0.,0.,0.;                                          1153P   3054
126,2,2,0,0,0,0,1.5707963267949,1.5707963267949,1.5707963267949,    1155P   3055
3.14159265358979,3.14159265358979,3.14159265358979,1.,              1155P   3056
0.707106781186548,1.,138.122691122514,66.8470552999658,             1155P   3057
4.07351269637906,233.120141723574,66.8470552999657,                 1155P   3058
4.07351269637905,233.120141723574,66.8470552999657,                 1155P   3059
99.0709632974389,1.5707963267949,3.14159265358979,0.,0.,0.;         1155P   3060
126,4,2,0,0,0,0,4.71238898038469,4.71238898038469,                  1157P   3061
4.71238898038469,6.28318530717959,6.28318530717959,                 1157P   3062
7.85398163397448,7.85398163397448,7.85398163397448,1.,              1157P   3063
0.707106781186548,1.,0.707106781186547,1.,138.122691122514,         1157P   3064
66.8470552999658,194.068413898499,43.1252405214546,                 1157P   3065
66.8470552999658,194.068413898499,43.1252405214546,                 1157P   3066
66.8470552999658,99.0709632974389,43.1252405214545,                 1157P   3067
66.8470552999658,4.07351269637909,138.122691122514,                 1157P   3068
66.8470552999658,4.07351269637906,4.71238898038469,                 1157P   3069
7.85398163397448,0.,0.,0.;                                          1157P   3070
126,2,2,0,0,0,0,3.14159265358979,3.14159265358979,                  1159P   3071
3.14159265358979,4.71238898038469,4.71238898038469,                 1159P   3072
4.71238898038469,1.,0.707106781186548,1.,233.120141723574,          1159P   3073
66.8470552999657,99.0709632974389,233.120141723574,                 1159P   3074
66.8470552999657,194.068413898499,138.122691122514,                 1159P   3075
66.8470552999658,194.068413898499,3.14159265358979,                 1159P   3076
4.71238898038469,0.,0.,0.;                                          1159P   3077
126,4,2,0,0,0,0,-3.14159265358979,-3.14159265358979,                1161P   3078
-3.14159265358979,-2.35386559107641,-2.35386559107641,              1161P   3079
-1.56613852856302,-1.56613852856302,-1.56613852856302,1.,           1161P   3080
0.923433290694506,1.,0.923433290694536,1.,233.120141723574,         1161P   3081
66.8470552999657,99.0709632974389,233.120141723574,                 1161P   3082
63.9380060880975,99.0709632974389,235.181935130494,                 1161P   3083
61.8857938027198,99.0709632974389,237.243728537413,                 1161P   3084
59.8335815173421,99.0709632974389,240.152746193304,                 1161P   3085
59.8471312326238,99.0709632974389,-3.14159265358979,                1161P   3086
-1.56613852856302,0.,0.,0.;                                         1161P   3087
126,1,1,0,0,1,0,-0.0172765620951919,-0.0172765620951919,            1163P   3088
0.0172765620951919,0.0172765620951919,1.,1.,138.122691122514,       1163P   3089
66.8470552999658,194.068413898499,138.122691122514,                 1163P   3090
70.129514008354,194.068413898499,-0.0172765620951919,               1163P   3091
0.0172765620951919,0.,0.,0.;                                        1163P   3092
128,1,2,1,2,0,0,0,0,0,3.59537256753668,3.59537256753668,            1165P   3093
3.99537256753665,3.99537256753665,-0.108457723906454,               1165P   3094
-0.108457723906454,-0.108457723906454,7.10542735760051D-17,         1165P   3095
7.10542735760051D-17,7.10542735760051D-17,1.,1.,                    1165P   3096
0.998529975568853,0.998529975568853,1.,1.,126.070678813404,         1165P   3097
125.551772062477,120.974136567562,126.070678813404,                 1165P   3098
115.551772062477,120.974136567562,127.259628677384,                 1165P   3099
125.551772062477,121.628344897053,127.259628677384,                 1165P   3100
115.551772062477,121.628344897053,128.512407460586,                 1165P   3101
125.551772062477,122.15001111006,128.512407460586,                  1165P   3102
115.551772062477,122.15001111006,3.59537256753668,                  1165P   3103
3.99537256753665,-0.108457723906454,7.10542735760051D-17;           1165P   3104
128,1,8,1,2,0,0,0,0,0,15.0858085389705,15.0858085389705,            1167P   3105
16.7641668459991,16.7641668459991,-1.4906816288272D-16,             1167P   3106
-1.4906816288272D-16,-1.4906816288272D-16,1.45607893977385,         1167P   3107
1.45607893977385,2.9121578795477,2.9121578795477,                   1167P   3108
4.36823681932156,4.36823681932156,5.82431575909541,                 1167P   3109
5.82431575909541,5.82431575909541,1.,1.,0.746480387403351,          1167P   3110
0.746480387403351,1.,1.,0.746480387403351,0.746480387403351,1.,     1167P   3111
1.,0.746480387403351,0.746480387403351,1.,1.,0.746480387403351,     1167P   3112
0.746480387403351,1.,1.,126.070678813404,115.551772062477,          1167P   3113
120.974136567562,126.070678813404,125.551772062477,                 1167P   3114
120.974136567562,120.886853079598,115.551772062477,                 1167P   3115
119.818392781083,120.886853079598,125.551772062477,                 1167P   3116
119.818392781083,119.145334323707,115.551772062477,                 1167P   3117
124.83585283188,119.145334323707,125.551772062477,                  1167P   3118
124.83585283188,117.403815567817,115.551772062477,                  1167P   3119
129.853312882676,117.403815567817,125.551772062477,                 1167P   3120
129.853312882676,122.188952147295,115.551772062477,                 1167P   3121
132.157713206881,122.188952147295,125.551772062477,                 1167P   3122
132.157713206881,126.974088726774,115.551772062477,                 1167P   3123
134.462113531085,126.974088726774,125.551772062477,                 1167P   3124
134.462113531085,129.811077772468,115.551772062477,                 1167P   3125
129.972204167516,129.811077772468,125.551772062477,                 1167P   3126
129.972204167516,132.648066818163,115.551772062477,                 1167P   3127
125.482294803947,132.648066818163,125.551772062477,                 1167P   3128
125.482294803947,128.512407460586,115.551772062477,                 1167P   3129
122.15001111006,128.512407460586,125.551772062477,                  1167P   3130
122.15001111006,15.0858085389705,16.7641668459991,                  1167P   3131
-1.4906816288272D-16,5.82431575909541;                              1167P   3132
128,1,2,1,2,0,0,0,0,0,3.59537256753962,3.59537256753962,            1169P   3133
3.99537256753992,3.99537256753992,-0.108457723906677,               1169P   3134
-0.108457723906677,-0.108457723906677,0.,0.,0.,1.,1.,               1169P   3135
0.998529975568847,0.998529975568847,1.,1.,162.158531143989,         1169P   3136
125.551772062477,105.946891922874,162.158531143989,                 1169P   3137
115.551772062477,105.946891922874,162.531770870632,                 1169P   3138
125.551772062477,104.642176465813,162.531770870632,                 1169P   3139
115.551772062477,104.642176465813,162.761588317656,                 1169P   3140
125.551772062477,103.304725809346,162.761588317656,                 1169P   3141
115.551772062477,103.304725809346,3.59537256753962,                 1169P   3142
3.99537256753992,-0.108457723906677,0.;                             1169P   3143
128,1,8,1,2,0,0,0,0,0,15.0858085389704,15.0858085389704,            1171P   3144
16.7641668459989,16.7641668459989,-5.82297511260622D-19,            1171P   3145
-5.82297511260622D-19,-5.82297511260622D-19,1.45607893977372,       1171P   3146
1.45607893977372,2.91215787954744,2.91215787954744,                 1171P   3147
4.36823681932116,4.36823681932116,5.82431575909488,                 1171P   3148
5.82431575909488,5.82431575909488,1.,1.,0.746480387403395,          1171P   3149
0.746480387403395,1.,1.,0.746480387403395,0.746480387403395,1.,     1171P   3150
1.,0.746480387403395,0.746480387403395,1.,1.,0.746480387403395,     1171P   3151
0.746480387403395,1.,1.,162.158531143989,115.551772062477,          1171P   3152
105.946891922874,162.158531143989,125.551772062477,                 1171P   3153
105.946891922874,162.185274010973,115.551772062477,                 1171P   3154
111.257925509429,162.185274010973,125.551772062477,                 1171P   3155
111.257925509429,167.464460242814,115.551772062477,                 1171P   3156
111.839290857544,167.464460242814,125.551772062477,                 1171P   3157
111.839290857544,172.743646474654,115.551772062477,                 1171P   3158
112.42065620566,172.743646474654,125.551772062477,                  1171P   3159
112.42065620566,173.92547761079,115.551772062477,                   1171P   3160
107.242715678374,173.92547761079,125.551772062477,                  1171P   3161
107.242715678374,175.107308746925,115.551772062477,                 1171P   3162
102.064775151088,175.107308746925,125.551772062477,                 1171P   3163
102.064775151088,170.098681333145,115.551772062477,                 1171P   3164
100.298014168844,170.098681333145,125.551772062477,                 1171P   3165
100.298014168844,165.090053919365,115.551772062477,                 1171P   3166
98.5312531866003,165.090053919365,125.551772062477,                 1171P   3167
98.5312531866003,162.761588317657,115.551772062477,                 1171P   3168
103.304725809347,162.761588317657,125.551772062477,                 1171P   3169
103.304725809347,15.0858085389704,16.7641668459989,                 1171P   3170
-5.82297511260622D-19,5.82431575909488;                             1171P   3171
128,1,2,1,2,0,0,0,0,0,3.59537256753647,3.59537256753647,            1173P   3172
3.99537256753642,3.99537256753642,-0.108457723906432,               1173P   3173
-0.108457723906432,-0.108457723906432,5.16987882845381D-34,         1173P   3174
5.16987882845381D-34,5.16987882845381D-34,1.,1.,                    1173P   3175
0.998529975568853,0.998529975568853,1.,1.,139.477748291619,         1173P   3176
125.551772062477,74.1077139082176,139.477748291619,                 1173P   3177
115.551772062477,74.1077139082176,138.122691122515,                 1173P   3178
125.551772062477,74.0341585828306,138.122691122515,                 1173P   3179
115.551772062477,74.0341585828306,136.76763395341,                  1173P   3180
125.551772062477,74.1077139082176,136.76763395341,                  1173P   3181
115.551772062477,74.1077139082176,3.59537256753647,                 1173P   3182
3.99537256753642,-0.108457723906432,5.16987882845381D-34;           1173P   3183
128,1,8,1,2,0,0,0,0,0,15.0858085389707,15.0858085389707,            1175P   3184
16.7641668459993,16.7641668459993,-4.09937447927486D-16,            1175P   3185
-4.09937447927486D-16,-4.09937447927486D-16,1.45607893977387,       1175P   3186
1.45607893977387,2.91215787954773,2.91215787954773,                 1175P   3187
4.3682368193216,4.3682368193216,5.82431575909546,                   1175P   3188
5.82431575909546,5.82431575909546,1.,1.,0.746480387403346,          1175P   3189
0.746480387403346,1.,1.,0.746480387403346,0.746480387403346,1.,     1175P   3190
1.,0.746480387403346,0.746480387403346,1.,1.,0.746480387403346,     1175P   3191
0.746480387403346,1.,1.,139.477748291619,115.551772062477,          1175P   3192
74.1077139082176,139.477748291619,125.551772062477,                 1175P   3193
74.1077139082176,144.649672329949,115.551772062477,                 1175P   3194
72.899825386789,144.649672329949,125.551772062477,                  1175P   3195
72.899825386789,144.041732184162,115.551772062477,                  1175P   3196
67.6236334155282,144.041732184162,125.551772062477,                 1175P   3197
67.6236334155282,143.433792038375,115.551772062477,                 1175P   3198
62.3474414442675,143.433792038375,125.551772062477,                 1175P   3199
62.3474414442675,138.122691122514,115.551772062477,                 1175P   3200
62.3474414442677,138.122691122514,125.551772062477,                 1175P   3201
62.3474414442677,132.811590206654,115.551772062477,                 1175P   3202
62.3474414442679,132.811590206654,125.551772062477,                 1175P   3203
62.3474414442679,132.203650060867,115.551772062477,                 1175P   3204
67.6236334155287,132.203650060867,125.551772062477,                 1175P   3205
67.6236334155287,131.59570991508,115.551772062477,                  1175P   3206
72.8998253867894,131.59570991508,125.551772062477,                  1175P   3207
72.8998253867894,136.76763395341,115.551772062477,                  1175P   3208
74.1077139082177,136.76763395341,125.551772062477,                  1175P   3209
74.1077139082177,15.0858085389707,16.7641668459993,                 1175P   3210
-4.09937447927486D-16,5.82431575909546;                             1175P   3211
128,1,2,1,2,0,0,0,0,0,0.566459501133234,0.566459501133234,          1177P   3212
1.48878923324965,1.48878923324965,-1.57898385724467D-16,            1177P   3213
-1.57898385724467D-16,-1.57898385724467D-16,0.634086463123822,      1177P   3214
0.634086463123822,0.634086463123822,1.,1.,0.950161367872704,        1177P   3215
0.950161367872704,1.,1.,60.9957473873441,76.648812976045,           1177P   3216
52.6874042482252,60.9957473873441,159.658488866523,                 1177P   3217
52.6874042482252,45.7767854025089,76.648812976045,                  1177P   3218
77.9936129301996,45.7767854025089,159.658488866523,                 1177P   3219
77.9936129301996,48.5086439068116,76.648812976045,                  1177P   3220
107.396979248769,48.5086439068116,159.658488866523,                 1177P   3221
107.396979248769,0.566459501133234,1.48878923324965,                1177P   3222
-1.57898385724467D-16,0.634086463123822;                            1177P   3223
128,1,1,1,1,0,0,1,0,0,-0.00100000000000756,-0.00100000000000756,    1179P   3224
20.4827303957738,20.4827303957738,50.9803551019953,                 1179P   3225
50.9803551019953,134.119116410123,134.119116410123,1.,1.,1.,1.,     1179P   3226
60.9948188679057,76.6478129760492,52.6870329644357,                 1179P   3227
80.014360712667,76.6478129760492,60.2923100101533,                  1179P   3228
60.9948188679057,159.786574284177,52.6870329644357,                 1179P   3229
80.014360712667,159.786574284177,60.2923100101533,                  1179P   3230
-0.00100000000000756,20.4827303957738,50.9803551019953,             1179P   3231
134.119116410123;                                                   1179P   3232
128,1,1,1,1,0,0,1,0,0,-0.0010000000000002,-0.0010000000000002,      1181P   3233
19.9617063694469,19.9617063694469,106.159120008064,                 1181P   3234
106.159120008064,132.92261710891,132.92261710891,1.,1.,1.,1.,       1181P   3235
80.012650361746,131.826577882118,60.2913152365619,                  1181P   3236
95.6201226766447,131.826577882118,72.7378590754124,                 1181P   3237
80.012650361746,158.590074982964,60.2913152365619,                  1181P   3238
95.6201226766447,158.590074982964,72.7378590754124,                 1181P   3239
-0.0010000000000002,19.9617063694469,106.159120008064,              1181P   3240
132.92261710891;                                                    1181P   3241
128,1,2,1,2,0,0,0,0,0,2.1232024001613,2.1232024001613,              1183P   3242
2.40373578955225,2.40373578955225,-0.660568693932002,               1183P   3243
-0.660568693932002,-0.660568693932002,0.,0.,0.,1.,1.,               1183P   3244
0.945950164632377,0.945950164632377,1.,1.,95.6193408451623,         1183P   3245
145.854247351665,72.7372355856106,95.6193408451623,                 1183P   3246
131.827577882118,72.7372355856106,86.5910170115051,                 1183P   3247
145.854247351665,87.3091949572012,86.5910170115051,                 1183P   3248
131.827577882118,87.3091949572012,88.4027194965567,                 1183P   3249
145.854247351665,104.355319598255,88.4027194965567,                 1183P   3250
131.827577882118,104.355319598255,2.1232024001613,                  1183P   3251
2.40373578955225,-0.660568693932002,0.;                             1183P   3252
128,1,1,1,1,0,0,1,0,0,-0.00100000000000646,-0.00100000000000646,    1185P   3253
19.9617063694468,19.9617063694468,106.159120008064,                 1185P   3254
106.159120008064,132.92261710891,132.92261710891,1.,1.,1.,1.,       1185P   3255
88.4036944244689,131.826577882118,104.355097077321,                 1185P   3256
68.9414947822054,131.826577882118,108.797217142946,                 1185P   3257
88.4036944244689,158.590074982964,104.355097077321,                 1185P   3258
68.9414947822054,158.590074982964,108.797217142946,                 1185P   3259
-0.00100000000000646,19.9617063694468,106.159120008064,             1185P   3260
132.92261710891;                                                    1185P   3261
128,1,1,1,1,0,0,1,0,0,-0.00100000000004853,-0.00100000000004853,    1187P   3262
20.4827303957739,20.4827303957739,50.9803551019948,                 1187P   3263
50.9803551019948,134.119116409996,134.119116409996,1.,1.,1.,1.,     1187P   3264
68.9434673712238,76.6478129760487,108.797062976362,                 1187P   3265
48.5076462457054,76.6478129760487,107.396910894418,                 1187P   3266
68.9434673712238,159.78657428405,108.797062976362,                  1187P   3267
48.5076462457054,159.78657428405,107.396910894418,                  1187P   3268
-0.00100000000004853,20.4827303957739,50.9803551019948,             1187P   3269
134.119116409996;                                                   1187P   3270
128,1,2,1,2,0,0,0,0,0,0.566459501133156,0.566459501133156,          1189P   3271
1.48878923324965,1.48878923324965,0.,0.,0.,0.634086463123822,       1189P   3272
0.634086463123822,0.634086463123822,1.,1.,0.950161367872704,        1189P   3273
0.950161367872704,1.,1.,110.064424292248,76.6488129760382,          1189P   3274
184.585486405982,110.064424292248,159.658488866523,                 1189P   3275
184.585486405982,138.122691122514,76.6488129760382,                 1189P   3276
193.791716048626,138.122691122514,159.658488866523,                 1189P   3277
193.791716048626,166.18095795278,76.6488129760382,                  1189P   3278
184.585486405982,166.18095795278,159.658488866523,                  1189P   3279
184.585486405982,0.566459501133156,1.48878923324965,0.,             1189P   3280
0.634086463123822;                                                  1189P   3281
128,1,1,1,1,0,0,1,0,0,-0.00100000000002879,-0.00100000000002879,    1191P   3282
20.4827303957739,20.4827303957739,50.9803551019937,                 1191P   3283
50.9803551019937,134.119116410123,134.119116410123,1.,1.,1.,1.,     1191P   3284
110.064268932331,76.6478129760476,184.586474263915,                 1191P   3285
113.24661958936,76.6478129760476,164.351458691338,                  1191P   3286
110.064268932331,159.786574284177,184.586474263915,                 1191P   3287
113.24661958936,159.786574284177,164.351458691338,                  1191P   3288
-0.00100000000002879,20.4827303957739,50.9803551019937,             1191P   3289
134.119116410123;                                                   1191P   3290
128,1,1,1,1,0,0,1,0,0,-0.00100000000000011,-0.00100000000000011,    1193P   3291
19.9617063694469,19.9617063694469,106.159120008064,                 1193P   3292
106.159120008064,132.92261710891,132.92261710891,1.,1.,1.,1.,       1193P   3293
113.246030345703,131.826577882118,164.353347518139,                 1193P   3294
121.907524028185,131.826577882118,146.36757056019,                  1193P   3295
113.246030345703,158.590074982964,164.353347518139,                 1193P   3296
121.907524028185,158.590074982964,146.36757056019,                  1193P   3297
-0.00100000000000011,19.9617063694469,106.159120008064,             1193P   3298
132.92261710891;                                                    1193P   3299
128,1,2,1,2,0,0,0,0,0,2.12320240016127,2.12320240016127,            1195P   3300
2.40373578955222,2.40373578955222,-0.660568693931993,               1195P   3301
-0.660568693931993,-0.660568693931993,3.90798504668054D-16,         1195P   3302
3.90798504668054D-16,3.90798504668054D-16,1.,1.,                    1195P   3303
0.945950164632378,0.945950164632378,1.,1.,121.907090144446,         1195P   3304
145.854247351665,146.368471529058,121.907090144446,                 1195P   3305
131.827577882118,146.368471529058,138.122691122514,                 1195P   3306
145.854247351665,151.927870425767,138.122691122514,                 1195P   3307
131.827577882118,151.927870425767,154.338292100583,                 1195P   3308
145.854247351665,146.368471529058,154.338292100583,                 1195P   3309
131.827577882118,146.368471529058,2.12320240016127,                 1195P   3310
2.40373578955222,-0.660568693931993,3.90798504668054D-16;           1195P   3311
128,1,1,1,1,0,0,1,0,0,-0.00100000000000045,-0.00100000000000045,    1197P   3312
19.9617063694468,19.9617063694468,106.159120008064,                 1197P   3313
106.159120008064,132.92261710891,132.92261710891,1.,1.,1.,1.,       1197P   3314
154.337858216844,131.826577882118,146.36757056019,                  1197P   3315
162.999351899325,131.826577882118,164.353347518139,                 1197P   3316
154.337858216844,158.590074982964,146.36757056019,                  1197P   3317
162.999351899325,158.590074982964,164.353347518139,                 1197P   3318
-0.00100000000000045,19.9617063694468,106.159120008064,             1197P   3319
132.92261710891;                                                    1197P   3320
128,1,1,1,1,0,0,1,0,0,-0.00100000000008606,-0.00100000000008606,    1199P   3321
20.4827303957738,20.4827303957738,50.9803551019932,                 1199P   3322
50.9803551019932,134.119116409996,134.119116409996,1.,1.,1.,1.,     1199P   3323
162.998762655669,76.6478129760471,164.351458691338,                 1199P   3324
166.181113312697,76.6478129760471,184.586474263916,                 1199P   3325
162.998762655669,159.78657428405,164.351458691338,                  1199P   3326
166.181113312697,159.78657428405,184.586474263916,                  1199P   3327
-0.00100000000008606,20.4827303957738,50.9803551019932,             1199P   3328
134.119116409996;                                                   1199P   3329
128,1,1,1,1,0,0,1,0,0,-0.00100000000001873,-0.00100000000001873,    1201P   3330
20.4827303957739,20.4827303957739,50.9803551019942,                 1201P   3331
50.9803551019942,134.119116409996,134.119116409996,1.,1.,1.,1.,     1201P   3332
196.231021532362,76.6478129760482,60.2923100101534,                 1201P   3333
215.250563377123,76.6478129760482,52.6870329644357,                 1201P   3334
196.231021532362,159.78657428405,60.2923100101534,                  1201P   3335
215.250563377123,159.78657428405,52.6870329644357,                  1201P   3336
-0.00100000000001873,20.4827303957739,50.9803551019942,             1201P   3337
134.119116409996;                                                   1201P   3338
128,1,1,1,1,0,0,1,0,0,-0.00100000000000711,-0.00100000000000711,    1203P   3339
19.9617063694468,19.9617063694468,106.159120008064,                 1203P   3340
106.159120008064,132.92261710891,132.92261710891,1.,1.,1.,1.,       1203P   3341
180.625259568384,131.826577882118,72.7378590754124,                 1203P   3342
196.232731883283,131.826577882118,60.291315236562,                  1203P   3343
180.625259568384,158.590074982964,72.7378590754124,                 1203P   3344
196.232731883283,158.590074982964,60.291315236562,                  1203P   3345
-0.00100000000000711,19.9617063694468,106.159120008064,             1203P   3346
132.92261710891;                                                    1203P   3347
128,1,2,1,2,0,0,0,0,0,2.12320240016127,2.12320240016127,            1205P   3348
2.40373578955221,2.40373578955221,-0.660568693931992,               1205P   3349
-0.660568693931992,-0.660568693931992,-7.10542735760098D-17,        1205P   3350
-7.10542735760098D-17,-7.10542735760098D-17,1.,1.,                  1205P   3351
0.945950164632379,0.945950164632379,1.,1.,187.842662748472,         1205P   3352
145.854247351665,104.355319598255,187.842662748472,                 1205P   3353
131.827577882118,104.355319598255,189.654365233524,                 1205P   3354
145.854247351665,87.3091949572012,189.654365233524,                 1205P   3355
131.827577882118,87.3091949572012,180.626041399866,                 1205P   3356
145.854247351665,72.7372355856106,180.626041399866,                 1205P   3357
131.827577882118,72.7372355856106,2.12320240016127,                 1205P   3358
2.40373578955221,-0.660568693931992,-7.10542735760098D-17;          1205P   3359
128,1,2,1,2,0,0,0,0,0,0.566459501133273,0.566459501133273,          1207P   3360
1.48878923324967,1.48878923324967,-1.97372982155585D-17,            1207P   3361
-1.97372982155585D-17,-1.97372982155585D-17,0.634086463123828,      1207P   3362
0.634086463123828,0.634086463123828,1.,1.,0.950161367872703,        1207P   3363
0.950161367872703,1.,1.,227.736738338217,76.6488129760482,          1207P   3364
107.396979248769,227.736738338217,159.658488866523,                 1207P   3365
107.396979248769,230.46859684252,76.6488129760482,                  1207P   3366
77.9936129301996,230.46859684252,159.658488866523,                  1207P   3367
77.9936129301996,215.249634857685,76.6488129760482,                 1207P   3368
52.6874042482252,215.249634857685,159.658488866523,                 1207P   3369
52.6874042482252,0.566459501133273,1.48878923324967,                1207P   3370
-1.97372982155585D-17,0.634086463123828;                            1207P   3371
128,1,1,1,1,0,0,1,0,0,-0.00100000000002132,-0.00100000000002132,    1209P   3372
20.4827303957739,20.4827303957739,50.9803551019953,                 1209P   3373
50.9803551019953,134.119116410123,134.119116410123,1.,1.,1.,1.,     1209P   3374
227.737735999323,76.6478129760492,107.396910894418,                 1209P   3375
207.301914873805,76.6478129760492,108.797062976362,                 1209P   3376
227.737735999323,159.786574284177,107.396910894418,                 1209P   3377
207.301914873805,159.786574284177,108.797062976362,                 1209P   3378
-0.00100000000002132,20.4827303957739,50.9803551019953,             1209P   3379
134.119116410123;                                                   1209P   3380
128,1,1,1,1,0,0,1,0,0,-0.00100000000002842,-0.00100000000002842,    1211P   3381
19.9617063694468,19.9617063694468,106.159120008064,                 1211P   3382
106.159120008064,132.92261710891,132.92261710891,1.,1.,1.,1.,       1211P   3383
207.303887462823,131.826577882118,108.797217142946,                 1211P   3384
187.84168782056,131.826577882118,104.355097077321,                  1211P   3385
207.303887462823,158.590074982964,108.797217142946,                 1211P   3386
187.84168782056,158.590074982964,104.355097077321,                  1211P   3387
-0.00100000000002842,19.9617063694468,106.159120008064,             1211P   3388
132.92261710891;                                                    1211P   3389
128,1,1,1,1,0,0,1,0,0,-0.00100000000000355,-0.00100000000000355,    1213P   3390
20.4827303957739,20.4827303957739,50.9803551019937,                 1213P   3391
50.9803551019937,134.119116409996,134.119116409996,1.,1.,1.,1.,     1213P   3392
144.03427054838,76.6478129760477,29.4619463349277,                  1213P   3393
149.94671589738,76.6478129760477,9.85005706025986,                  1213P   3394
144.03427054838,159.78657428405,29.4619463349277,                   1213P   3395
149.94671589738,159.78657428405,9.85005706025986,                   1213P   3396
-0.00100000000000355,20.4827303957739,50.9803551019937,             1213P   3397
134.119116409996;                                                   1213P   3398
128,1,1,1,1,0,0,1,0,0,-0.00100000000000178,-0.00100000000000178,    1215P   3399
19.9617063694467,19.9617063694467,106.159120008064,                 1215P   3400
106.159120008064,132.92261710891,132.92261710891,1.,1.,1.,1.,       1215P   3401
144.034559189425,131.826577882118,49.4226952669889,                 1215P   3402
144.034559189425,131.826577882118,29.4599888975423,                 1215P   3403
144.034559189425,158.590074982964,49.4226952669889,                 1215P   3404
144.034559189425,158.590074982964,29.4599888975423,                 1215P   3405
-0.00100000000000178,19.9617063694467,106.159120008064,             1215P   3406
132.92261710891;                                                    1215P   3407
128,1,2,1,2,0,0,0,0,0,2.12320240016129,2.12320240016129,            1217P   3408
2.40373578955223,2.40373578955223,-0.660568693931998,               1217P   3409
-0.660568693931998,-0.660568693931998,0.,0.,0.,1.,1.,               1217P   3410
0.945950164632378,0.945950164632378,1.,1.,173.254062500561,         1217P   3411
145.854247351665,63.4930664357946,173.254062500561,                 1217P   3412
131.827577882118,63.4930664357946,161.056443625543,                 1217P   3413
145.854247351665,51.448535521206,161.056443625543,                  1217P   3414
131.827577882118,51.448535521206,144.034559189425,                  1217P   3415
145.854247351665,49.4216952669889,144.034559189425,                 1217P   3416
131.827577882118,49.4216952669889,2.12320240016129,                 1217P   3417
2.40373578955223,-0.660568693931998,0.;                             1217P   3418
128,1,2,1,2,0,0,0,0,0,0.566459501133267,0.566459501133267,          1219P   3419
1.48878923324967,1.48878923324967,-7.89491928622339D-17,            1219P   3420
-7.89491928622339D-17,-7.89491928622339D-17,0.634086463123828,      1219P   3421
0.634086463123828,0.634086463123828,1.,1.,0.950161367872703,        1219P   3422
0.950161367872703,1.,1.,200.505677059073,76.6488129760476,          1219P   3423
34.1990659485933,200.505677059073,159.658488866523,                 1219P   3424
34.1990659485933,179.220485498229,76.6488129760476,                 1219P   3425
13.7305139243369,179.220485498229,159.658488866523,                 1219P   3426
13.7305139243369,149.946427256335,76.6488129760476,                 1219P   3427
9.85101449764533,149.946427256335,159.658488866523,                 1219P   3428
9.85101449764533,0.566459501133267,1.48878923324967,                1219P   3429
-7.89491928622339D-17,0.634086463123828;                            1219P   3430
128,1,1,1,1,0,0,1,0,0,-0.001,-0.001,20.4827303957739,               1221P   3431
20.4827303957739,50.9803551019942,50.9803551019942,                 1221P   3432
134.119116410123,134.119116410123,1.,1.,1.,1.,200.506245649015,     1221P   3433
76.6478129760482,34.1982433274913,188.859402562552,                 1221P   3434
76.6478129760482,51.0485921976497,200.506245649015,                 1221P   3435
159.786574284177,34.1982433274913,188.859402562552,                 1221P   3436
159.786574284177,51.0485921976497,-0.001,20.4827303957739,          1221P   3437
50.9803551019942,134.119116410123;                                  1221P   3438
128,1,1,1,1,0,0,1,0,0,-0.00100000000001066,-0.00100000000001066,    1223P   3439
19.9617063694468,19.9617063694468,106.159120008064,                 1223P   3440
106.159120008064,132.92261710891,132.92261710891,1.,1.,1.,1.,       1223P   3441
188.860752983977,131.826577882118,51.0471460867459,                 1223P   3442
173.253280669078,131.826577882118,63.4936899255964,                 1223P   3443
188.860752983977,158.590074982964,51.0471460867459,                 1223P   3444
173.253280669078,158.590074982964,63.4936899255964,                 1223P   3445
-0.00100000000001066,19.9617063694468,106.159120008064,             1223P   3446
132.92261710891;                                                    1223P   3447
128,1,1,1,1,0,0,1,0,0,-0.00100000000002842,-0.00100000000002842,    1225P   3448
20.482730395774,20.482730395774,50.9803551019937,                   1225P   3449
50.9803551019937,134.119116410123,134.119116410123,1.,1.,1.,1.,     1225P   3450
187.48726974362,76.6478129760476,174.32597010244,                   1225P   3451
173.651060701343,76.6478129760476,159.221582320568,                 1225P   3452
187.48726974362,159.786574284177,174.32597010244,                   1225P   3453
173.651060701343,159.786574284177,159.221582320568,                 1225P   3454
-0.00100000000002842,20.482730395774,50.9803551019937,              1225P   3455
134.119116410123;                                                   1225P   3456
128,1,1,1,1,0,0,1,0,0,-0.00100000000002842,-0.00100000000002842,    1227P   3457
20.4827303957738,20.4827303957738,50.9803551019948,                 1227P   3458
50.9803551019948,134.119116409996,134.119116409996,1.,1.,1.,1.,     1227P   3459
204.671014523804,76.6478129760487,120.323790551074,                 1227P   3460
222.475549927272,76.6478129760487,130.452054469111,                 1227P   3461
204.671014523804,159.78657428405,120.323790551074,                  1227P   3462
222.475549927272,159.78657428405,130.452054469111,                  1227P   3463
-0.00100000000002842,20.4827303957738,50.9803551019948,             1227P   3464
134.119116409996;                                                   1227P   3465
128,1,2,1,2,0,0,0,0,0,0.566459501132978,0.566459501132978,          1229P   3466
1.48878923324964,1.48878923324964,-7.89491928622327D-17,            1229P   3467
-7.89491928622327D-17,-7.89491928622327D-17,0.634086463123819,      1229P   3468
0.634086463123819,0.634086463123819,1.,1.,0.950161367872705,        1229P   3469
0.950161367872705,1.,1.,187.486594270511,76.6488129760224,          1229P   3470
174.325232717819,187.486594270511,159.658488866523,                 1229P   3471
174.325232717819,212.178357666463,76.6488129760224,                 1229P   3472
158.128386662187,212.178357666463,159.658488866523,                 1229P   3473
158.128386662187,222.474680723515,76.6488129760224,                 1229P   3474
130.451560015038,222.474680723515,159.658488866523,                 1229P   3475
130.451560015038,0.566459501132978,1.48878923324964,                1229P   3476
-7.89491928622327D-17,0.634086463123819;                            1229P   3477
128,1,1,1,1,0,0,1,0,0,-0.00100000000007105,-0.00100000000007105,    1231P   3478
19.9617063694468,19.9617063694468,106.159120008064,                 1231P   3479
106.159120008064,132.92261710891,132.92261710891,1.,1.,1.,1.,       1231P   3480
173.652170058191,131.826577882118,159.223220674057,                 1231P   3481
164.990676375709,131.826577882118,141.237443716108,                 1231P   3482
173.652170058191,158.590074982964,159.223220674057,                 1231P   3483
164.990676375709,158.590074982964,141.237443716108,                 1231P   3484
-0.00100000000007105,19.9617063694468,106.159120008064,             1231P   3485
132.92261710891;                                                    1231P   3486
128,1,2,1,2,0,0,0,0,0,2.1232024001613,2.1232024001613,              1233P   3487
2.40373578955225,2.40373578955225,-0.660568693932003,               1233P   3488
-0.660568693932003,-0.660568693932003,0.,0.,0.,1.,1.,               1233P   3489
0.945950164632377,0.945950164632377,1.,1.,164.991110259448,         1233P   3490
145.854247351665,141.238344684976,164.991110259448,                 1233P   3491
131.827577882118,141.238344684976,179.44788518133,                  1233P   3492
145.854247351665,132.026705849745,179.44788518133,                  1233P   3493
131.827577882118,132.026705849745,185.211633941121,                 1233P   3494
145.854247351665,115.882609981389,185.211633941121,                 1233P   3495
131.827577882118,115.882609981389,2.1232024001613,                  1233P   3496
2.40373578955225,-0.660568693932003,0.;                             1233P   3497
128,1,1,1,1,0,0,1,0,0,-0.00100000000001421,-0.00100000000001421,    1235P   3498
19.9617063694469,19.9617063694469,106.159120008064,                 1235P   3499
106.159120008064,132.92261710891,132.92261710891,1.,1.,1.,1.,       1235P   3500
185.210659013209,131.826577882118,115.882387460455,                 1235P   3501
204.672858655473,131.826577882118,120.32450752608,                  1235P   3502
185.210659013209,158.590074982964,115.882387460455,                 1235P   3503
204.672858655473,158.590074982964,120.32450752608,                  1235P   3504
-0.00100000000001421,19.9617063694469,106.159120008064,             1235P   3505
132.92261710891;                                                    1235P   3506
128,1,2,1,2,0,0,0,0,0,0.56645950113327,0.56645950113327,            1237P   3507
1.48878923324966,1.48878923324966,3.94745964311167D-17,             1237P   3508
3.94745964311167D-17,3.94745964311167D-17,0.634086463123824,        1237P   3509
0.634086463123824,0.634086463123824,1.,1.,0.950161367872704,        1237P   3510
0.950161367872704,1.,1.,53.7707015215133,76.6488129760482,          1237P   3511
130.451560015038,53.7707015215133,159.658488866523,                 1237P   3512
130.451560015038,64.0670245785661,76.6488129760482,                 1237P   3513
158.128386662187,64.0670245785661,159.658488866523,                 1237P   3514
158.128386662187,88.7587879745173,76.6488129760482,                 1237P   3515
174.325232717819,88.7587879745173,159.658488866523,                 1237P   3516
174.325232717819,0.56645950113327,1.48878923324966,                 1237P   3517
3.94745964311167D-17,0.634086463123824;                             1237P   3518
128,1,1,1,1,0,0,1,0,0,-0.00100000000000707,-0.00100000000000707,    1239P   3519
20.4827303957738,20.4827303957738,50.9803551019942,                 1239P   3520
50.9803551019942,134.119116410123,134.119116410123,1.,1.,1.,1.,     1239P   3521
53.769832317757,76.6478129760482,130.452054469111,                  1239P   3522
71.5743677212246,76.6478129760482,120.323790551074,                 1239P   3523
53.769832317757,159.786574284177,130.452054469111,                  1239P   3524
71.5743677212246,159.786574284177,120.323790551074,                 1239P   3525
-0.00100000000000707,20.4827303957738,50.9803551019942,             1239P   3526
134.119116410123;                                                   1239P   3527
128,1,1,1,1,0,0,1,0,0,-0.00100000000000025,-0.00100000000000025,    1241P   3528
19.9617063694469,19.9617063694469,106.159120008064,                 1241P   3529
106.159120008064,132.92261710891,132.92261710891,1.,1.,1.,1.,       1241P   3530
71.5725235895561,131.826577882118,120.32450752608,                  1241P   3531
91.0347232318198,131.826577882118,115.882387460455,                 1241P   3532
71.5725235895561,158.590074982964,120.32450752608,                  1241P   3533
91.0347232318198,158.590074982964,115.882387460455,                 1241P   3534
-0.00100000000000025,19.9617063694469,106.159120008064,             1241P   3535
132.92261710891;                                                    1241P   3536
128,1,2,1,2,0,0,0,0,0,2.12320240016128,2.12320240016128,            1243P   3537
2.40373578955222,2.40373578955222,-0.660568693931995,               1243P   3538
-0.660568693931995,-0.660568693931995,1.4210854715202D-16,          1243P   3539
1.4210854715202D-16,1.4210854715202D-16,1.,1.,0.945950164632378,    1243P   3540
0.945950164632378,1.,1.,91.0337483039076,145.854247351665,          1243P   3541
115.882609981389,91.0337483039076,131.827577882118,                 1243P   3542
115.882609981389,96.7974970636988,145.854247351665,                 1243P   3543
132.026705849745,96.7974970636988,131.827577882118,                 1243P   3544
132.026705849745,111.25427198558,145.854247351665,                  1243P   3545
141.238344684976,111.25427198558,131.827577882118,                  1243P   3546
141.238344684976,2.12320240016128,2.40373578955222,                 1243P   3547
-0.660568693931995,1.4210854715202D-16;                             1243P   3548
128,1,1,1,1,0,0,1,0,0,-0.001,-0.001,19.9617063694467,               1245P   3549
19.9617063694467,106.159120008064,106.159120008064,                 1245P   3550
132.92261710891,132.92261710891,1.,1.,1.,1.,111.254705869319,       1245P   3551
131.826577882118,141.237443716108,102.593212186838,                 1245P   3552
131.826577882118,159.223220674057,111.254705869319,                 1245P   3553
158.590074982964,141.237443716108,102.593212186838,                 1245P   3554
158.590074982964,159.223220674057,-0.001,19.9617063694467,          1245P   3555
106.159120008064,132.92261710891;                                   1245P   3556
128,1,1,1,1,0,0,1,0,0,-0.000999999999971578,                        1247P   3557
-0.000999999999971578,20.482730395774,20.482730395774,              1247P   3558
50.9803551019958,50.9803551019958,134.119116409996,                 1247P   3559
134.119116409996,1.,1.,1.,1.,102.594321543685,76.6478129760497,     1247P   3560
159.221582320568,88.7581125014089,76.6478129760497,                 1247P   3561
174.32597010244,102.594321543685,159.78657428405,                   1247P   3562
159.221582320568,88.7581125014089,159.78657428405,                  1247P   3563
174.32597010244,-0.000999999999971578,20.482730395774,              1247P   3564
50.9803551019958,134.119116409996;                                  1247P   3565
128,1,2,1,2,0,0,0,0,0,3.59537256753755,3.59537256753755,            1249P   3566
3.99537256753762,3.99537256753762,-0.108457723906601,               1249P   3567
-0.108457723906601,-0.108457723906601,2.13162820728067D-16,         1249P   3568
2.13162820728067D-16,2.13162820728067D-16,1.,1.,                    1249P   3569
0.998529975568849,0.998529975568849,1.,1.,119.450501171192,         1249P   3570
125.551772062477,82.4472055266537,119.450501171192,                 1249P   3571
115.551772062477,82.4472055266537,118.548128976228,                 1249P   3572
125.551772062477,83.4607708867535,118.548128976228,                 1249P   3573
115.551772062477,83.4607708867535,117.760772519446,                 1249P   3574
125.551772062477,84.566058237356,117.760772519446,                  1249P   3575
115.551772062477,84.566058237356,3.59537256753755,                  1249P   3576
3.99537256753762,-0.108457723906601,2.13162820728067D-16;           1249P   3577
128,1,8,1,2,0,0,0,0,0,15.0858085389691,15.0858085389691,            1251P   3578
16.7641668459975,16.7641668459975,-5.96272651530826D-16,            1251P   3579
-5.96272651530826D-16,-5.96272651530826D-16,1.45607893977374,       1251P   3580
1.45607893977374,2.91215787954748,2.91215787954748,                 1251P   3581
4.36823681932123,4.36823681932123,5.82431575909497,                 1251P   3582
5.82431575909497,5.82431575909497,1.,1.,0.746480387403387,          1251P   3583
0.746480387403387,1.,1.,0.746480387403387,0.746480387403387,1.,     1251P   3584
1.,0.746480387403387,0.746480387403387,1.,1.,0.746480387403387,     1251P   3585
0.746480387403387,1.,1.,119.450501171192,115.551772062477,          1251P   3586
82.4472055266537,119.450501171192,125.551772062477,                 1251P   3587
82.4472055266537,121.730777791715,115.551772062477,                 1251P   3588
77.6505263136614,121.730777791715,125.551772062477,                 1251P   3589
77.6505263136614,117.22664032,115.551772062477,74.836181172363,     1251P   3590
117.22664032,125.551772062477,74.836181172363,112.722502848285,     1251P   3591
115.551772062477,72.0218360310647,112.722502848285,                 1251P   3592
125.551772062477,72.0218360310647,109.411085590602,                 1251P   3593
115.551772062477,76.1742219336482,109.411085590602,                 1251P   3594
125.551772062477,76.1742219336482,106.09966833292,                  1251P   3595
115.551772062477,80.3266078362318,106.09966833292,                  1251P   3596
125.551772062477,80.3266078362318,109.845716842556,                 1251P   3597
115.551772062477,84.0915664683958,109.845716842556,                 1251P   3598
125.551772062477,84.0915664683958,113.591765352192,                 1251P   3599
115.551772062477,87.8565251005598,113.591765352192,                 1251P   3600
125.551772062477,87.8565251005598,117.760772519445,                 1251P   3601
115.551772062477,84.5660582373553,117.760772519445,                 1251P   3602
125.551772062477,84.5660582373553,15.0858085389691,                 1251P   3603
16.7641668459975,-5.96272651530826D-16,5.82431575909497;            1251P   3604
128,1,2,1,2,0,0,0,0,0,3.59537256753879,3.59537256753879,            1253P   3605
3.995372567539,3.995372567539,-0.108457723906394,                   1253P   3606
-0.108457723906394,-0.108457723906394,7.10542735760469D-17,         1253P   3607
7.10542735760469D-17,7.10542735760469D-17,1.,1.,                    1253P   3608
0.998529975568854,0.998529975568854,1.,1.,158.484609725581,         1253P   3609
125.551772062477,84.5660582373534,158.484609725581,                 1253P   3610
115.551772062477,84.5660582373534,157.697253268801,                 1253P   3611
125.551772062477,83.4607708867535,157.697253268801,                 1253P   3612
115.551772062477,83.4607708867535,156.794881073839,                 1253P   3613
125.551772062477,82.447205526656,156.794881073839,                  1253P   3614
115.551772062477,82.447205526656,3.59537256753879,                  1253P   3615
3.995372567539,-0.108457723906394,7.10542735760469D-17;             1253P   3616
128,1,8,1,2,0,0,0,0,0,15.0858085389704,15.0858085389704,            1255P   3617
16.764166845999,16.764166845999,-1.4906816288272D-16,               1255P   3618
-1.4906816288272D-16,-1.4906816288272D-16,1.45607893977398,         1255P   3619
1.45607893977398,2.91215787954795,2.91215787954795,                 1255P   3620
4.36823681932193,4.36823681932193,5.82431575909591,                 1255P   3621
5.82431575909591,5.82431575909591,1.,1.,0.746480387403309,          1255P   3622
0.746480387403309,1.,1.,0.746480387403309,0.746480387403309,1.,     1255P   3623
1.,0.746480387403309,0.746480387403309,1.,1.,0.746480387403309,     1255P   3624
0.746480387403309,1.,1.,158.484609725581,115.551772062477,          1255P   3625
84.5660582373534,158.484609725581,125.551772062477,                 1255P   3626
84.5660582373534,162.653616892834,115.551772062477,                 1255P   3627
87.8565251005601,162.653616892834,125.551772062477,                 1255P   3628
87.8565251005601,166.399665402471,115.551772062477,                 1255P   3629
84.0915664683962,166.399665402471,125.551772062477,                 1255P   3630
84.0915664683962,170.145713912109,115.551772062477,                 1255P   3631
80.3266078362323,170.145713912109,125.551772062477,                 1255P   3632
80.3266078362323,166.834296654425,115.551772062477,                 1255P   3633
76.1742219336484,166.834296654425,125.551772062477,                 1255P   3634
76.1742219336484,163.522879396741,115.551772062477,                 1255P   3635
72.0218360310644,163.522879396741,125.551772062477,                 1255P   3636
72.0218360310644,159.018741925027,115.551772062477,                 1255P   3637
74.8361811723645,159.018741925027,125.551772062477,                 1255P   3638
74.8361811723645,154.514604453312,115.551772062477,                 1255P   3639
77.6505263136646,154.514604453312,125.551772062477,                 1255P   3640
77.6505263136646,156.794881073838,115.551772062477,                 1255P   3641
82.4472055266564,156.794881073838,125.551772062477,                 1255P   3642
82.4472055266564,15.0858085389704,16.764166845999,                  1255P   3643
-1.4906816288272D-16,5.82431575909591;                              1255P   3644
128,1,2,1,2,0,0,0,0,0,3.59537256753483,3.59537256753483,            1257P   3645
3.99537256753459,3.99537256753459,-0.108457723906708,               1257P   3646
-0.108457723906708,-0.108457723906708,0.,0.,0.,1.,1.,               1257P   3647
0.998529975568846,0.998529975568846,1.,1.,147.732974784444,         1257P   3648
125.551772062477,122.150011110059,147.732974784444,                 1257P   3649
115.551772062477,122.150011110059,148.98575356765,                  1257P   3650
125.551772062477,121.628344897051,148.98575356765,                  1257P   3651
115.551772062477,121.628344897051,150.174703431634,                 1257P   3652
125.551772062477,120.974136567557,150.174703431634,                 1257P   3653
115.551772062477,120.974136567557,3.59537256753483,                 1257P   3654
3.99537256753459,-0.108457723906708,0.;                             1257P   3655
128,1,8,1,2,0,0,0,0,0,15.0858085389709,15.0858085389709,            1259P   3656
16.7641668459995,16.7641668459995,-1.5652157102686D-15,             1259P   3657
-1.5652157102686D-15,-1.5652157102686D-15,1.45607893977354,         1259P   3658
1.45607893977354,2.91215787954709,2.91215787954709,                 1259P   3659
4.36823681932063,4.36823681932063,5.82431575909417,                 1259P   3660
5.82431575909417,5.82431575909417,1.,1.,0.746480387403453,          1259P   3661
0.746480387403453,1.,1.,0.746480387403453,0.746480387403453,1.,     1259P   3662
1.,0.746480387403453,0.746480387403453,1.,1.,0.746480387403453,     1259P   3663
0.746480387403453,1.,1.,147.732974784444,115.551772062477,          1259P   3664
122.150011110059,147.732974784444,125.551772062477,                 1259P   3665
122.150011110059,143.597315426867,115.551772062477,                 1259P   3666
125.482294803943,143.597315426867,125.551772062477,                 1259P   3667
125.482294803943,146.434304472558,115.551772062477,                 1259P   3668
129.972204167512,146.434304472558,125.551772062477,                 1259P   3669
129.972204167512,149.271293518249,115.551772062477,                 1259P   3670
134.462113531082,149.271293518249,125.551772062477,                 1259P   3671
134.462113531082,154.056430097728,115.551772062477,                 1259P   3672
132.157713206883,154.056430097728,125.551772062477,                 1259P   3673
132.157713206883,158.841566677207,115.551772062477,                 1259P   3674
129.853312882684,158.841566677207,125.551772062477,                 1259P   3675
129.853312882684,157.100047921324,115.551772062477,                 1259P   3676
124.835852831887,157.100047921324,125.551772062477,                 1259P   3677
124.835852831887,155.358529165441,115.551772062477,                 1259P   3678
119.81839278109,155.358529165441,125.551772062477,                  1259P   3679
119.81839278109,150.174703431634,115.551772062477,                  1259P   3680
120.97413656756,150.174703431634,125.551772062477,                  1259P   3681
120.97413656756,15.0858085389709,16.7641668459995,                  1259P   3682
-1.5652157102686D-15,5.82431575909417;                              1259P   3683
128,1,8,1,2,0,0,0,0,0,15.0858085389705,15.0858085389705,            1261P   3684
16.764166845999,16.764166845999,7.45340814413601D-17,               1261P   3685
7.45340814413601D-17,7.45340814413601D-17,1.45607893977388,         1261P   3686
1.45607893977388,2.91215787954776,2.91215787954776,                 1261P   3687
4.36823681932163,4.36823681932163,5.82431575909551,                 1261P   3688
5.82431575909551,5.82431575909551,1.,1.,0.746480387403342,          1261P   3689
0.746480387403342,1.,1.,0.746480387403342,0.746480387403342,1.,     1261P   3690
1.,0.746480387403342,0.746480387403342,1.,1.,0.746480387403342,     1261P   3691
0.746480387403342,1.,1.,113.483793927373,115.551772062477,          1261P   3692
103.304725809351,113.483793927373,125.551772062477,                 1261P   3693
103.304725809351,111.155328325668,115.551772062477,                 1261P   3694
98.5312531866017,111.155328325668,125.551772062477,                 1261P   3695
98.5312531866017,106.146700911886,115.551772062477,                 1261P   3696
100.298014168843,106.146700911886,125.551772062477,                 1261P   3697
100.298014168843,101.138073498104,115.551772062477,                 1261P   3698
102.064775151085,101.138073498104,125.551772062477,                 1261P   3699
102.064775151085,102.319904634238,115.551772062477,                 1261P   3700
107.242715678372,102.319904634238,125.551772062477,                 1261P   3701
107.242715678372,103.501735770373,115.551772062477,                 1261P   3702
112.420656205659,103.501735770373,125.551772062477,                 1261P   3703
112.420656205659,108.780922002214,115.551772062477,                 1261P   3704
111.839290857544,108.780922002214,125.551772062477,                 1261P   3705
111.839290857544,114.060108234056,115.551772062477,                 1261P   3706
111.25792550943,114.060108234056,125.551772062477,                  1261P   3707
111.25792550943,114.08685110104,115.551772062477,                   1261P   3708
105.946891922874,114.08685110104,125.551772062477,                  1261P   3709
105.946891922874,15.0858085389705,16.764166845999,                  1261P   3710
7.45340814413601D-17,5.82431575909551;                              1261P   3711
128,1,2,1,2,0,0,0,0,0,3.59537256753742,3.59537256753742,            1263P   3712
3.99537256753747,3.99537256753747,-0.10845772390645,                1263P   3713
-0.10845772390645,-0.10845772390645,5.68434188608157D-16,           1263P   3714
5.68434188608157D-16,5.68434188608157D-16,1.,1.,                    1263P   3715
0.998529975568853,0.998529975568853,1.,1.,113.483793927373,         1263P   3716
125.551772062477,103.304725809351,113.483793927373,                 1263P   3717
115.551772062477,103.304725809351,113.713611374397,                 1263P   3718
125.551772062477,104.642176465815,113.713611374397,                 1263P   3719
115.551772062477,104.642176465815,114.08685110104,                  1263P   3720
125.551772062477,105.946891922874,114.08685110104,                  1263P   3721
115.551772062477,105.946891922874,3.59537256753742,                 1263P   3722
3.99537256753747,-0.10845772390645,5.68434188608157D-16;            1263P   3723
128,2,8,2,2,0,1,0,0,1,1.86054802823094,1.86054802823094,            1265P   3724
1.86054802823094,3.14159265358979,3.14159265358979,                 1265P   3725
3.14159265358979,-3.14159265358979,-3.14159265358979,               1265P   3726
-3.14159265358979,-1.5707963267949,-1.5707963267949,0.,0.,          1265P   3727
1.5707963267949,1.5707963267949,3.14159265358979,                   1265P   3728
3.14159265358979,3.14159265358979,1.,0.801783725737275,1.,          1265P   3729
0.707106781186548,0.566946709513843,0.707106781186548,1.,           1265P   3730
0.801783725737275,1.,0.707106781186548,0.566946709513843,           1265P   3731
0.707106781186548,1.,0.801783725737275,1.,0.707106781186548,        1265P   3732
0.566946709513843,0.707106781186548,1.,0.801783725737275,1.,        1265P   3733
0.707106781186548,0.566946709513843,0.707106781186548,1.,           1265P   3734
0.801783725737275,1.,228.120141723574,76.8377179408534,             1265P   3735
99.0709632974389,228.120141723574,71.6202259933539,                 1265P   3736
99.0709632974389,233.120141723574,70.129514008354,                  1265P   3737
99.0709632974389,228.120141723574,76.8377179408534,                 1265P   3738
189.068413898499,228.120141723574,71.6202259933539,                 1265P   3739
189.068413898499,233.120141723574,70.129514008354,                  1265P   3740
194.068413898499,138.122691122514,76.8377179408534,                 1265P   3741
189.068413898499,138.122691122514,71.6202259933539,                 1265P   3742
189.068413898499,138.122691122514,70.129514008354,                  1265P   3743
194.068413898499,48.1252405214546,76.8377179408534,                 1265P   3744
189.068413898499,48.1252405214546,71.6202259933539,                 1265P   3745
189.068413898499,43.1252405214546,70.1295140083541,                 1265P   3746
194.068413898499,48.1252405214546,76.8377179408534,                 1265P   3747
99.0709632974389,48.1252405214546,71.6202259933539,                 1265P   3748
99.0709632974389,43.1252405214546,70.1295140083541,                 1265P   3749
99.0709632974389,48.1252405214546,76.8377179408534,                 1265P   3750
9.07351269637909,48.1252405214546,71.6202259933539,                 1265P   3751
9.0735126963791,43.1252405214546,70.1295140083541,                  1265P   3752
4.07351269637909,138.122691122514,76.8377179408534,                 1265P   3753
9.07351269637907,138.122691122514,71.6202259933539,                 1265P   3754
9.07351269637909,138.122691122514,70.129514008354,                  1265P   3755
4.07351269637907,228.120141723574,76.8377179408534,                 1265P   3756
9.07351269637909,228.120141723574,71.6202259933539,                 1265P   3757
9.0735126963791,233.120141723574,70.129514008354,                   1265P   3758
4.07351269637909,228.120141723574,76.8377179408534,                 1265P   3759
99.0709632974389,228.120141723574,71.6202259933539,                 1265P   3760
99.0709632974389,233.120141723574,70.129514008354,                  1265P   3761
99.0709632974389,1.86054802823094,3.14159265358979,                 1265P   3762
-3.14159265358979,3.14159265358979;                                 1265P   3763
128,4,8,3,2,0,1,0,0,1,0.,0.,0.,0.,41.083700168878,                  1267P   3764
65.3146137304227,65.3146137304227,65.3146137304227,                 1267P   3765
65.3146137304227,0.,0.,0.,1.5707963267949,1.5707963267949,          1267P   3766
3.14159265358979,3.14159265358979,4.71238898038469,                 1267P   3767
4.71238898038469,6.28318530717959,6.28318530717959,                 1267P   3768
6.28318530717959,1.,1.,1.,1.,1.,0.707106781186548,                  1267P   3769
0.707106781186548,0.707106781186548,0.707106781186548,              1267P   3770
0.707106781186548,1.,1.,1.,1.,1.,0.707106781186548,                 1267P   3771
0.707106781186548,0.707106781186548,0.707106781186548,              1267P   3772
0.707106781186548,1.,1.,1.,1.,1.,0.707106781186548,                 1267P   3773
0.707106781186548,0.707106781186548,0.707106781186548,              1267P   3774
0.707106781186548,1.,1.,1.,1.,1.,0.707106781186548,                 1267P   3775
0.707106781186548,0.707106781186548,0.707106781186548,              1267P   3776
0.707106781186548,1.,1.,1.,1.,1.,138.122691122514,                  1267P   3777
115.551772062477,57.9191649901106,138.122691122514,                 1267P   3778
128.964053524536,51.1512897460542,138.122691122514,                 1267P   3779
150.286816063868,40.3917633274457,138.122691122514,                 1267P   3780
152.147446916108,17.5481942007477,138.122691122514,                 1267P   3781
152.837717940853,9.07351269637909,179.274489429843,                 1267P   3782
115.551772062477,57.9191649901106,186.042364673899,                 1267P   3783
128.964053524536,51.1512897460542,196.801891092508,                 1267P   3784
150.286816063868,40.3917633274457,219.645460219206,                 1267P   3785
152.147446916108,17.5481942007477,228.120141723574,                 1267P   3786
152.837717940853,9.0735126963791,179.274489429843,                  1267P   3787
115.551772062477,99.0709632974389,186.042364673899,                 1267P   3788
128.964053524536,99.0709632974389,196.801891092508,                 1267P   3789
150.286816063868,99.0709632974389,219.645460219206,                 1267P   3790
152.147446916108,99.0709632974389,228.120141723574,                 1267P   3791
152.837717940853,99.0709632974389,179.274489429843,                 1267P   3792
115.551772062477,140.222761604767,186.042364673899,                 1267P   3793
128.964053524536,146.990636848824,196.801891092508,                 1267P   3794
150.286816063868,157.750163267432,219.645460219206,                 1267P   3795
152.147446916108,180.59373239413,228.120141723574,                  1267P   3796
152.837717940853,189.068413898499,138.122691122514,                 1267P   3797
115.551772062477,140.222761604767,138.122691122514,                 1267P   3798
128.964053524536,146.990636848824,138.122691122514,                 1267P   3799
150.286816063868,157.750163267432,138.122691122514,                 1267P   3800
152.147446916108,180.59373239413,138.122691122514,                  1267P   3801
152.837717940853,189.068413898499,96.9708928151861,                 1267P   3802
115.551772062477,140.222761604767,90.2030175711297,                 1267P   3803
128.964053524536,146.990636848824,79.4434911525212,                 1267P   3804
150.286816063868,157.750163267432,56.5999220258232,                 1267P   3805
152.147446916108,180.59373239413,48.1252405214546,                  1267P   3806
152.837717940853,189.068413898499,96.9708928151861,                 1267P   3807
115.551772062477,99.0709632974389,90.2030175711297,                 1267P   3808
128.964053524536,99.0709632974389,79.4434911525212,                 1267P   3809
150.286816063868,99.0709632974389,56.5999220258232,                 1267P   3810
152.147446916108,99.0709632974389,48.1252405214546,                 1267P   3811
152.837717940853,99.0709632974389,96.9708928151861,                 1267P   3812
115.551772062477,57.9191649901106,90.2030175711297,                 1267P   3813
128.964053524536,51.1512897460542,79.4434911525212,                 1267P   3814
150.286816063868,40.3917633274457,56.5999220258232,                 1267P   3815
152.147446916108,17.5481942007477,48.1252405214546,                 1267P   3816
152.837717940853,9.0735126963791,138.122691122514,                  1267P   3817
115.551772062477,57.9191649901106,138.122691122514,                 1267P   3818
128.964053524536,51.1512897460542,138.122691122514,                 1267P   3819
150.286816063868,40.3917633274457,138.122691122514,                 1267P   3820
152.147446916108,17.5481942007477,138.122691122514,                 1267P   3821
152.837717940853,9.07351269637909,0.,65.3146137304227,0.,           1267P   3822
6.28318530717959;                                                   1267P   3823
128,1,2,1,2,0,0,0,0,0,-0.211117091352099,-0.211117091352099,        1269P   3824
0.633351274056298,0.633351274056298,-0.131751116913678,             1269P   3825
-0.131751116913678,-0.131751116913678,0.131751116913678,            1269P   3826
0.131751116913678,0.131751116913678,1.,1.,0.991333369023586,        1269P   3827
0.991333369023586,1.,1.,126.299700497608,152.837717940853,          1269P   3828
9.85348738955654,126.299700497608,76.8377179408534,                 1269P   3829
9.85348738955654,138.122691122514,152.837717940853,                 1269P   3830
8.28671915391446,138.122691122514,76.8377179408534,                 1269P   3831
8.28671915391446,149.945681747421,152.837717940853,                 1269P   3832
9.85348738955654,149.945681747421,76.8377179408534,                 1269P   3833
9.85348738955654,-0.211117091352099,0.633351274056298,              1269P   3834
-0.131751116913678,0.131751116913678;                               1269P   3835
128,1,2,1,2,0,0,0,0,0,-0.211117091352099,-0.211117091352099,        1271P   3836
0.633351274056298,0.633351274056298,1.66344468513763,               1271P   3837
1.66344468513763,1.66344468513763,1.92694691896499,                 1271P   3838
1.92694691896499,1.92694691896499,1.,1.,0.991333369023586,          1271P   3839
0.991333369023586,1.,1.,227.734161555529,152.837717940853,          1271P   3840
107.397155796,227.734161555529,76.8377179408534,107.397155796,      1271P   3841
226.630784724366,152.837717940853,119.272358092774,                 1271P   3842
226.630784724366,76.8377179408534,119.272358092774,                 1271P   3843
222.472435723507,152.837717940853,130.450282927371,                 1271P   3844
222.472435723507,76.8377179408534,130.450282927371,                 1271P   3845
-0.211117091352099,0.633351274056298,1.66344468513763,              1271P   3846
1.92694691896499;                                                   1271P   3847
128,1,2,1,2,0,0,0,0,0,-0.211117091352099,-0.211117091352099,        1273P   3848
0.633351274056298,0.633351274056298,0.765846784111978,              1273P   3849
0.765846784111978,0.765846784111978,1.02934901793933,               1273P   3850
1.02934901793933,1.02934901793933,1.,1.,0.991333369023586,          1273P   3851
0.991333369023586,1.,1.,200.504208491529,152.837717940853,          1273P   3852
34.2011906338206,200.504208491529,76.8377179408534,                 1273P   3853
34.2011906338206,209.100671305986,152.837717940853,                 1273P   3854
42.467912904498,209.100671305986,76.8377179408534,                  1273P   3855
42.467912904498,215.24723665573,152.837717940853,                   1273P   3856
52.6883632087734,215.24723665573,76.8377179408534,                  1273P   3857
52.6883632087734,-0.211117091352099,0.633351274056298,              1273P   3858
0.765846784111978,1.02934901793933;                                 1273P   3859
128,1,2,1,2,0,0,0,0,0,-0.211117091352099,-0.211117091352099,        1275P   3860
0.633351274056298,0.633351274056298,-2.82454481999064,              1275P   3861
-2.82454481999064,-2.82454481999064,-2.56104258616329,              1275P   3862
-2.56104258616329,-2.56104258616329,1.,1.,0.991333369023586,        1275P   3863
0.991333369023586,1.,1.,110.064825559515,152.837717940853,          1275P   3864
184.582934943161,110.064825559515,76.8377179408534,                 1275P   3865
184.582934943161,98.7328838205607,152.837717940853,                 1275P   3866
180.864740966807,98.7328838205607,76.8377179408534,                 1275P   3867
180.864740966807,88.7605326024286,152.837717940853,                 1275P   3868
174.323328183389,88.7605326024286,76.8377179408534,                 1275P   3869
174.323328183389,-0.211117091352099,0.633351274056298,              1275P   3870
-2.82454481999064,-2.56104258616329;                                1275P   3871
128,1,2,1,2,0,0,0,0,0,-0.211117091352099,-0.211117091352099,        1277P   3872
0.633351274056298,0.633351274056298,2.56104258616329,               1277P   3873
2.56104258616329,2.56104258616329,2.82454481999064,                 1277P   3874
2.82454481999064,2.82454481999064,1.,1.,0.991333369023586,          1277P   3875
0.991333369023586,1.,1.,187.4848496426,152.837717940853,            1277P   3876
174.323328183389,187.4848496426,76.8377179408534,                   1277P   3877
174.323328183389,177.512498424468,152.837717940853,                 1277P   3878
180.864740966807,177.512498424468,76.8377179408534,                 1277P   3879
180.864740966807,166.180556685514,152.837717940853,                 1277P   3880
184.582934943161,166.180556685514,76.8377179408534,                 1277P   3881
184.582934943161,-0.211117091352099,0.633351274056298,              1277P   3882
2.56104258616329,2.82454481999064;                                  1277P   3883
128,1,2,1,2,0,0,0,0,0,-0.211117091352099,-0.211117091352099,        1279P   3884
0.633351274056298,0.633351274056298,-1.02934901793933,              1279P   3885
-1.02934901793933,-1.02934901793933,-0.765846784111977,             1279P   3886
-0.765846784111977,-0.765846784111977,1.,1.,0.991333369023586,      1279P   3887
0.991333369023586,1.,1.,60.9981455892982,152.837717940853,          1279P   3888
52.6883632087734,60.9981455892982,76.8377179408534,                 1279P   3889
52.6883632087734,67.1447109390431,152.837717940853,                 1279P   3890
42.467912904498,67.1447109390431,76.8377179408534,                  1279P   3891
42.467912904498,75.7411737534997,152.837717940853,                  1279P   3892
34.2011906338205,75.7411737534997,76.8377179408534,                 1279P   3893
34.2011906338205,-0.211117091352099,0.633351274056298,              1279P   3894
-1.02934901793933,-0.765846784111977;                               1279P   3895
128,1,2,1,2,0,0,0,0,0,-0.211117091352099,-0.211117091352099,        1281P   3896
0.633351274056298,0.633351274056298,-1.92694691896499,              1281P   3897
-1.92694691896499,-1.92694691896499,-1.66344468513763,              1281P   3898
-1.66344468513763,-1.66344468513763,1.,1.,0.991333369023586,        1281P   3899
0.991333369023586,1.,1.,53.7729465215215,152.837717940853,          1281P   3900
130.450282927371,53.7729465215215,76.8377179408534,                 1281P   3901
130.450282927371,49.6145975206632,152.837717940853,                 1281P   3902
119.272358092774,49.6145975206632,76.8377179408534,                 1281P   3903
119.272358092774,48.5112206894995,152.837717940853,                 1281P   3904
107.397155796,48.5112206894995,76.8377179408534,107.397155796,      1281P   3905
-0.211117091352099,0.633351274056298,-1.92694691896499,             1281P   3906
-1.66344468513763;                                                  1281P   3907
128,1,2,1,2,0,0,0,0,0,2.12320240016128,2.12320240016128,            1283P   3908
2.40373578955222,2.40373578955222,-0.660568693931994,               1283P   3909
-0.660568693931994,-0.660568693931994,5.6843418860808D-16,          1283P   3910
5.6843418860808D-16,5.6843418860808D-16,1.,1.,0.945950164632378,    1283P   3911
0.945950164632378,1.,1.,132.210823055604,145.854247351665,          1283P   3912
49.4216952669891,132.210823055604,131.827577882118,                 1283P   3913
49.4216952669891,115.188938619486,145.854247351665,                 1283P   3914
51.4485355212061,115.188938619486,131.827577882118,                 1283P   3915
51.4485355212061,102.991319744468,145.854247351665,                 1283P   3916
63.4930664357946,102.991319744468,131.827577882118,                 1283P   3917
63.4930664357946,2.12320240016128,2.40373578955222,                 1283P   3918
-0.660568693931994,5.6843418860808D-16;                             1283P   3919
128,1,1,1,1,0,0,1,0,0,-0.001,-0.001,19.9617063694468,               1285P   3920
19.9617063694468,106.159120008064,106.159120008064,                 1285P   3921
132.92261710891,132.92261710891,1.,1.,1.,1.,102.992101575951,       1285P   3922
131.826577882118,63.4936899255965,87.3846292610521,                 1285P   3923
131.826577882118,51.0471460867459,102.992101575951,                 1285P   3924
158.590074982964,63.4936899255965,87.3846292610521,                 1285P   3925
158.590074982964,51.0471460867459,-0.001,19.9617063694468,          1285P   3926
106.159120008064,132.92261710891;                                   1285P   3927
128,1,1,1,1,0,0,1,0,0,-0.00100000000000154,-0.00100000000000154,    1287P   3928
20.4827303957739,20.4827303957739,50.9803551019937,                 1287P   3929
50.9803551019937,134.119116409996,134.119116409996,1.,1.,1.,1.,     1287P   3930
87.385979682477,76.6478129760476,51.0485921976497,                  1287P   3931
75.7391365960136,76.6478129760476,34.1982433274913,                 1287P   3932
87.385979682477,159.78657428405,51.0485921976497,                   1287P   3933
75.7391365960136,159.78657428405,34.1982433274913,                  1287P   3934
-0.00100000000000154,20.4827303957739,50.9803551019937,             1287P   3935
134.119116409996;                                                   1287P   3936
128,1,2,1,2,0,0,0,0,0,0.566459501133127,0.566459501133127,          1289P   3937
1.48878923324965,1.48878923324965,-3.94745964311165D-17,            1289P   3938
-3.94745964311165D-17,-3.94745964311165D-17,0.634086463123821,      1289P   3939
0.634086463123821,0.634086463123821,1.,1.,0.950161367872704,        1289P   3940
0.950161367872704,1.,1.,126.298954988693,76.6488129760355,          1289P   3941
9.85101449764533,126.298954988693,159.658488866523,                 1289P   3942
9.85101449764533,97.0248967467996,76.6488129760355,                 1289P   3943
13.730513924337,97.0248967467996,159.658488866523,                  1289P   3944
13.730513924337,75.739705185956,76.6488129760355,                   1289P   3945
34.1990659485932,75.739705185956,159.658488866523,                  1289P   3946
34.1990659485932,0.566459501133127,1.48878923324965,                1289P   3947
-3.94745964311165D-17,0.634086463123821;                            1289P   3948
128,1,1,1,1,0,0,1,0,0,-0.00100000000000178,-0.00100000000000178,    1291P   3949
20.4827303957738,20.4827303957738,50.9803551019942,                 1291P   3950
50.9803551019942,134.119116410123,134.119116410123,1.,1.,1.,1.,     1291P   3951
126.298666347648,76.6478129760482,9.85005706025986,                 1291P   3952
132.211111696649,76.6478129760482,29.4619463349276,                 1291P   3953
126.298666347648,159.786574284177,9.85005706025986,                 1291P   3954
132.211111696649,159.786574284177,29.4619463349276,                 1291P   3955
-0.00100000000000178,20.4827303957738,50.9803551019942,             1291P   3956
134.119116410123;                                                   1291P   3957
128,1,1,1,1,0,0,1,0,0,-0.00100000000002132,-0.00100000000002132,    1293P   3958
19.9617063694469,19.9617063694469,106.159120008064,                 1293P   3959
106.159120008064,132.92261710891,132.92261710891,1.,1.,1.,1.,       1293P   3960
132.210823055604,131.826577882118,29.4599888975422,                 1293P   3961
132.210823055604,131.826577882118,49.4226952669891,                 1293P   3962
132.210823055604,158.590074982964,29.4599888975421,                 1293P   3963
132.210823055604,158.590074982964,49.4226952669891,                 1293P   3964
-0.00100000000002132,19.9617063694469,106.159120008064,             1293P   3965
132.92261710891;                                                    1293P   3966
128,1,8,1,2,0,1,0,0,1,-0.807045770267623,-0.807045770267623,        1295P   3967
0.807045770267623,0.807045770267623,-3.14159265358979,              1295P   3968
-3.14159265358979,-3.14159265358979,-1.5707963267949,               1295P   3969
-1.5707963267949,0.,0.,1.5707963267949,1.5707963267949,             1295P   3970
3.14159265358979,3.14159265358979,3.14159265358979,1.,1.,           1295P   3971
0.707106781186548,0.707106781186548,1.,1.,0.707106781186548,        1295P   3972
0.707106781186548,1.,1.,0.707106781186548,0.707106781186548,1.,     1295P   3973
1.,0.707106781186548,0.707106781186548,1.,1.,138.122691122514,      1295P   3974
133.551795372091,110.222761604767,138.122691122514,                 1295P   3975
115.551772062477,110.222761604767,126.970892815186,                 1295P   3976
133.551795372091,110.222761604767,126.970892815186,                 1295P   3977
115.551772062477,110.222761604767,126.970892815186,                 1295P   3978
133.551795372091,99.0709632974389,126.970892815186,                 1295P   3979
115.551772062477,99.0709632974389,126.970892815186,                 1295P   3980
133.551795372091,87.9191649901106,126.970892815186,                 1295P   3981
115.551772062477,87.9191649901106,138.122691122514,                 1295P   3982
133.551795372091,87.9191649901106,138.122691122514,                 1295P   3983
115.551772062477,87.9191649901106,149.274489429843,                 1295P   3984
133.551795372091,87.9191649901106,149.274489429843,                 1295P   3985
115.551772062477,87.9191649901106,149.274489429843,                 1295P   3986
133.551795372091,99.0709632974389,149.274489429843,                 1295P   3987
115.551772062477,99.0709632974389,149.274489429843,                 1295P   3988
133.551795372091,110.222761604767,149.274489429843,                 1295P   3989
115.551772062477,110.222761604767,138.122691122514,                 1295P   3990
133.551795372091,110.222761604767,138.122691122514,                 1295P   3991
115.551772062477,110.222761604767,-0.807045770267623,               1295P   3992
0.807045770267623,-3.14159265358979,3.14159265358979;               1295P   3993
128,2,8,2,2,0,1,0,0,1,-1.5707963267949,-1.5707963267949,            1297P   3994
-1.5707963267949,-1.77635683940025D-15,-1.77635683940025D-15,       1297P   3995
-1.77635683940025D-15,-3.14159265358979,-3.14159265358979,          1297P   3996
-3.14159265358979,-1.5707963267949,-1.5707963267949,0.,0.,          1297P   3997
1.5707963267949,1.5707963267949,3.14159265358979,                   1297P   3998
3.14159265358979,3.14159265358979,1.,0.707106781186549,1.,          1297P   3999
0.707106781186548,0.500000000000001,0.707106781186548,1.,           1297P   4000
0.707106781186549,1.,0.707106781186548,0.500000000000001,           1297P   4001
0.707106781186548,1.,0.707106781186549,1.,0.707106781186548,        1297P   4002
0.500000000000001,0.707106781186548,1.,0.707106781186549,1.,        1297P   4003
0.707106781186548,0.500000000000001,0.707106781186548,1.,           1297P   4004
0.707106781186549,1.,147.274489429843,135.551795372091,             1297P   4005
99.0709632974389,149.274489429843,135.551795372091,                 1297P   4006
99.0709632974389,149.274489429843,133.551795372091,                 1297P   4007
99.0709632974389,147.274489429843,135.551795372091,                 1297P   4008
108.222761604767,149.274489429843,135.551795372091,                 1297P   4009
110.222761604767,149.274489429843,133.551795372091,                 1297P   4010
110.222761604767,138.122691122514,135.551795372091,                 1297P   4011
108.222761604767,138.122691122514,135.551795372091,                 1297P   4012
110.222761604767,138.122691122514,133.551795372091,                 1297P   4013
110.222761604767,128.970892815186,135.551795372091,                 1297P   4014
108.222761604767,126.970892815186,135.551795372091,                 1297P   4015
110.222761604767,126.970892815186,133.551795372091,                 1297P   4016
110.222761604767,128.970892815186,135.551795372091,                 1297P   4017
99.0709632974389,126.970892815186,135.551795372091,                 1297P   4018
99.0709632974389,126.970892815186,133.551795372091,                 1297P   4019
99.0709632974389,128.970892815186,135.551795372091,                 1297P   4020
89.9191649901106,126.970892815186,135.551795372091,                 1297P   4021
87.9191649901106,126.970892815186,133.551795372091,                 1297P   4022
87.9191649901106,138.122691122514,135.551795372091,                 1297P   4023
89.9191649901106,138.122691122514,135.551795372091,                 1297P   4024
87.9191649901106,138.122691122514,133.551795372091,                 1297P   4025
87.9191649901106,147.274489429843,135.551795372091,                 1297P   4026
89.9191649901106,149.274489429843,135.551795372091,                 1297P   4027
87.9191649901106,149.274489429843,133.551795372091,                 1297P   4028
87.9191649901106,147.274489429843,135.551795372091,                 1297P   4029
99.0709632974389,149.274489429843,135.551795372091,                 1297P   4030
99.0709632974389,149.274489429843,133.551795372091,                 1297P   4031
99.0709632974389,-1.5707963267949,-1.77635683940025D-15,            1297P   4032
-3.14159265358979,3.14159265358979;                                 1297P   4033
128,1,1,1,1,0,0,1,0,0,-9.15279830732825,-9.15279830732825,          1299P   4034
9.15279830732825,9.15279830732825,-9.16806577584128,                1299P   4035
-9.16806577584128,9.13753083881522,9.13753083881522,1.,1.,1.,1.,    1299P   4036
147.275489429843,135.551795372091,108.223761604767,                 1299P   4037
128.969892815186,135.551795372091,108.223761604767,                 1299P   4038
147.275489429843,135.551795372091,89.9181649901106,                 1299P   4039
128.969892815186,135.551795372091,89.9181649901106,                 1299P   4040
-9.15279830732825,9.15279830732825,-9.16806577584128,               1299P   4041
9.13753083881522;                                                   1299P   4042
128,1,8,1,2,0,1,0,0,1,-327.493716180421,-327.493716180421,          1301P   4043
327.493716180421,327.493716180421,-3.14159265358979,                1301P   4044
-3.14159265358979,-3.14159265358979,-1.5707963267949,               1301P   4045
-1.5707963267949,0.,0.,1.5707963267949,1.5707963267949,             1301P   4046
3.14159265358979,3.14159265358979,3.14159265358979,1.,1.,           1301P   4047
0.707106781186548,0.707106781186548,1.,1.,0.707106781186548,        1301P   4048
0.707106781186548,1.,1.,0.707106781186548,0.707106781186548,1.,     1301P   4049
1.,0.707106781186548,0.707106781186548,1.,1.,138.122691122514,      1301P   4050
140.551772062477,99.0709632974389,138.122691122514,                 1301P   4051
135.551795372091,99.0862307659519,138.122691122514,                 1301P   4052
140.551772062477,99.0709632974389,138.107423654001,                 1301P   4053
135.551795372091,99.0862307659519,138.122691122514,                 1301P   4054
140.551772062477,99.0709632974389,138.107423654001,                 1301P   4055
135.551795372091,99.0709632974389,138.122691122514,                 1301P   4056
140.551772062477,99.0709632974389,138.107423654001,                 1301P   4057
135.551795372091,99.0556958289258,138.122691122514,                 1301P   4058
140.551772062477,99.0709632974389,138.122691122514,                 1301P   4059
135.551795372091,99.0556958289258,138.122691122514,                 1301P   4060
140.551772062477,99.0709632974389,138.137958591027,                 1301P   4061
135.551795372091,99.0556958289258,138.122691122514,                 1301P   4062
140.551772062477,99.0709632974389,138.137958591027,                 1301P   4063
135.551795372091,99.0709632974389,138.122691122514,                 1301P   4064
140.551772062477,99.0709632974389,138.137958591027,                 1301P   4065
135.551795372091,99.0862307659519,138.122691122514,                 1301P   4066
140.551772062477,99.0709632974389,138.122691122514,                 1301P   4067
135.551795372091,99.0862307659519,-327.493716180421,                1301P   4068
327.493716180421,-3.14159265358979,3.14159265358979;                1301P   4069
128,1,1,1,1,0,0,1,0,0,-15.001,-15.001,15.001,15.001,-30.001,        1303P   4070
-30.001,0.00100000000000024,0.00100000000000024,1.,1.,1.,1.,        1303P   4071
123.121691122514,140.551772062477,114.071963297439,                 1303P   4072
153.123691122514,140.551772062477,114.071963297439,                 1303P   4073
123.121691122514,140.551772062477,84.0699632974389,                 1303P   4074
153.123691122514,140.551772062477,84.0699632974389,-15.001,         1303P   4075
15.001,-30.001,0.00100000000000024;                                 1303P   4076
128,2,8,2,2,0,1,0,0,1,1.5707963267949,1.5707963267949,              1305P   4077
1.5707963267949,3.14159265358979,3.14159265358979,                  1305P   4078
3.14159265358979,-3.14159265358979,-3.14159265358979,               1305P   4079
-3.14159265358979,-1.5707963267949,-1.5707963267949,0.,0.,          1305P   4080
1.5707963267949,1.5707963267949,3.14159265358979,                   1305P   4081
3.14159265358979,3.14159265358979,1.,0.707106781186545,1.,          1305P   4082
0.707106781186548,0.499999999999999,0.707106781186548,1.,           1305P   4083
0.707106781186545,1.,0.707106781186548,0.499999999999999,           1305P   4084
0.707106781186548,1.,0.707106781186545,1.,0.707106781186548,        1305P   4085
0.499999999999999,0.707106781186548,1.,0.707106781186545,1.,        1305P   4086
0.707106781186548,0.499999999999999,0.707106781186548,1.,           1305P   4087
0.707106781186545,1.,158.122691122514,135.551772062477,             1305P   4088
99.0709632974389,153.122691122514,135.551772062477,                 1305P   4089
99.0709632974389,153.122691122514,140.551772062477,                 1305P   4090
99.0709632974389,158.122691122514,135.551772062477,                 1305P   4091
119.070963297439,153.122691122514,135.551772062477,                 1305P   4092
114.070963297439,153.122691122514,140.551772062477,                 1305P   4093
114.070963297439,138.122691122514,135.551772062477,                 1305P   4094
119.070963297439,138.122691122514,135.551772062477,                 1305P   4095
114.070963297439,138.122691122514,140.551772062477,                 1305P   4096
114.070963297439,118.122691122514,135.551772062477,                 1305P   4097
119.070963297439,123.122691122514,135.551772062477,                 1305P   4098
114.070963297439,123.122691122514,140.551772062477,                 1305P   4099
114.070963297439,118.122691122514,135.551772062477,                 1305P   4100
99.0709632974389,123.122691122514,135.551772062477,                 1305P   4101
99.0709632974389,123.122691122514,140.551772062477,                 1305P   4102
99.0709632974389,118.122691122514,135.551772062477,                 1305P   4103
79.0709632974389,123.122691122514,135.551772062477,                 1305P   4104
84.0709632974389,123.122691122514,140.551772062477,                 1305P   4105
84.0709632974389,138.122691122514,135.551772062477,                 1305P   4106
79.0709632974389,138.122691122514,135.551772062477,                 1305P   4107
84.0709632974389,138.122691122514,140.551772062477,                 1305P   4108
84.0709632974389,158.122691122514,135.551772062477,                 1305P   4109
79.0709632974389,153.122691122514,135.551772062477,                 1305P   4110
84.0709632974389,153.122691122514,140.551772062477,                 1305P   4111
84.0709632974389,158.122691122514,135.551772062477,                 1305P   4112
99.0709632974389,153.122691122514,135.551772062477,                 1305P   4113
99.0709632974389,153.122691122514,140.551772062477,                 1305P   4114
99.0709632974389,1.5707963267949,3.14159265358979,                  1305P   4115
-3.14159265358979,3.14159265358979;                                 1305P   4116
128,1,8,1,2,0,1,0,0,1,-0.25,-0.25,0.25,0.25,-3.14159265358979,      1307P   4117
-3.14159265358979,-3.14159265358979,-1.5707963267949,               1307P   4118
-1.5707963267949,0.,0.,1.5707963267949,1.5707963267949,             1307P   4119
3.14159265358979,3.14159265358979,3.14159265358979,1.,1.,           1307P   4120
0.707106781186548,0.707106781186548,1.,1.,0.707106781186548,        1307P   4121
0.707106781186548,1.,1.,0.707106781186548,0.707106781186548,1.,     1307P   4122
1.,0.707106781186548,0.707106781186548,1.,1.,138.122691122514,      1307P   4123
125.551772062477,119.070963297439,138.122691122514,                 1307P   4124
135.551772062477,119.070963297439,118.122691122514,                 1307P   4125
125.551772062477,119.070963297439,118.122691122514,                 1307P   4126
135.551772062477,119.070963297439,118.122691122514,                 1307P   4127
125.551772062477,99.0709632974389,118.122691122514,                 1307P   4128
135.551772062477,99.0709632974389,118.122691122514,                 1307P   4129
125.551772062477,79.0709632974389,118.122691122514,                 1307P   4130
135.551772062477,79.0709632974389,138.122691122514,                 1307P   4131
125.551772062477,79.0709632974389,138.122691122514,                 1307P   4132
135.551772062477,79.0709632974389,158.122691122514,                 1307P   4133
125.551772062477,79.0709632974389,158.122691122514,                 1307P   4134
135.551772062477,79.0709632974389,158.122691122514,                 1307P   4135
125.551772062477,99.0709632974389,158.122691122514,                 1307P   4136
135.551772062477,99.0709632974389,158.122691122514,                 1307P   4137
125.551772062477,119.070963297439,158.122691122514,                 1307P   4138
135.551772062477,119.070963297439,138.122691122514,                 1307P   4139
125.551772062477,119.070963297439,138.122691122514,                 1307P   4140
135.551772062477,119.070963297439,-0.25,0.25,-3.14159265358979,     1307P   4141
3.14159265358979;                                                   1307P   4142
128,1,1,1,1,0,0,1,0,0,-41.1527983073283,-41.1527983073283,          1309P   4143
41.1527983073283,41.1527983073283,-82.3045966146565,                1309P   4144
-82.3045966146565,0.00100000000000066,0.00100000000000066,1.,1.,    1309P   4145
1.,1.,96.9698928151861,125.551772062477,140.223761604767,           1309P   4146
179.275489429843,125.551772062477,140.223761604767,                 1309P   4147
96.9698928151861,125.551772062477,57.9181649901106,                 1309P   4148
179.275489429843,125.551772062477,57.9181649901106,                 1309P   4149
-41.1527983073283,41.1527983073283,-82.3045966146565,               1309P   4150
0.00100000000000066;                                                1309P   4151
128,4,8,3,2,0,1,0,0,1,-70.6030856312326,-70.6030856312326,          1311P   4152
-70.6030856312326,-70.6030856312326,-31.047598083433,0.,0.,0.,      1311P   4153
0.,0.,0.,0.,1.5707963267949,1.5707963267949,3.14159265358979,       1311P   4154
3.14159265358979,4.71238898038469,4.71238898038469,                 1311P   4155
6.28318530717959,6.28318530717959,6.28318530717959,1.,1.,1.,1.,     1311P   4156
1.,0.707106781186548,0.707106781186548,0.707106781186548,           1311P   4157
0.707106781186548,0.707106781186548,1.,1.,1.,1.,1.,                 1311P   4158
0.707106781186548,0.707106781186548,0.707106781186548,              1311P   4159
0.707106781186548,0.707106781186548,1.,1.,1.,1.,1.,                 1311P   4160
0.707106781186548,0.707106781186548,0.707106781186548,              1311P   4161
0.707106781186548,0.707106781186548,1.,1.,1.,1.,1.,                 1311P   4162
0.707106781186548,0.707106781186548,0.707106781186548,              1311P   4163
0.707106781186548,0.707106781186548,1.,1.,1.,1.,1.,                 1311P   4164
138.122691122514,159.545921873353,4.0735126963791,                  1311P   4165
138.122691122514,159.913112552318,18.9367064240275,                 1311P   4166
138.122691122514,160.568515798673,45.4662072483735,                 1311P   4167
138.122691122514,136.247084144821,54.1156054587186,                 1311P   4168
138.122691122514,125.551772062477,57.9191649901106,                 1311P   4169
233.120141723574,159.545921873353,4.07351269637911,                 1311P   4170
218.256947995926,159.913112552318,18.9367064240275,                 1311P   4171
191.72744717158,160.568515798673,45.4662072483735,                  1311P   4172
183.078048961235,136.247084144821,54.1156054587186,                 1311P   4173
179.274489429843,125.551772062477,57.9191649901106,                 1311P   4174
233.120141723574,159.545921873353,99.0709632974389,                 1311P   4175
218.256947995926,159.913112552318,99.0709632974389,                 1311P   4176
191.72744717158,160.568515798673,99.0709632974389,                  1311P   4177
183.078048961235,136.247084144821,99.0709632974389,                 1311P   4178
179.274489429843,125.551772062477,99.0709632974389,                 1311P   4179
233.120141723574,159.545921873353,194.068413898499,                 1311P   4180
218.256947995926,159.913112552318,179.20522017085,                  1311P   4181
191.72744717158,160.568515798673,152.675719346504,                  1311P   4182
183.078048961235,136.247084144821,144.026321136159,                 1311P   4183
179.274489429843,125.551772062477,140.222761604767,                 1311P   4184
138.122691122514,159.545921873353,194.068413898499,                 1311P   4185
138.122691122514,159.913112552318,179.20522017085,                  1311P   4186
138.122691122514,160.568515798673,152.675719346504,                 1311P   4187
138.122691122514,136.247084144821,144.026321136159,                 1311P   4188
138.122691122514,125.551772062477,140.222761604767,                 1311P   4189
43.1252405214546,159.545921873353,194.068413898499,                 1311P   4190
57.988434249103,159.913112552318,179.20522017085,                   1311P   4191
84.517935073449,160.568515798673,152.675719346504,                  1311P   4192
93.1673332837941,136.247084144821,144.026321136159,                 1311P   4193
96.9708928151861,125.551772062477,140.222761604767,                 1311P   4194
43.1252405214546,159.545921873353,99.0709632974389,                 1311P   4195
57.988434249103,159.913112552318,99.0709632974389,                  1311P   4196
84.517935073449,160.568515798673,99.0709632974389,                  1311P   4197
93.1673332837941,136.247084144821,99.0709632974389,                 1311P   4198
96.9708928151861,125.551772062477,99.0709632974389,                 1311P   4199
43.1252405214546,159.545921873353,4.07351269637911,                 1311P   4200
57.988434249103,159.913112552318,18.9367064240275,                  1311P   4201
84.517935073449,160.568515798673,45.4662072483735,                  1311P   4202
93.1673332837941,136.247084144821,54.1156054587186,                 1311P   4203
96.9708928151861,125.551772062477,57.9191649901106,                 1311P   4204
138.122691122514,159.545921873353,4.0735126963791,                  1311P   4205
138.122691122514,159.913112552318,18.9367064240275,                 1311P   4206
138.122691122514,160.568515798673,45.4662072483735,                 1311P   4207
138.122691122514,136.247084144821,54.1156054587186,                 1311P   4208
138.122691122514,125.551772062477,57.9191649901106,                 1311P   4209
-70.6030856312326,0.,0.,6.28318530717959;                           1311P   4210
128,1,8,1,2,0,1,0,0,1,-0.0172765620951919,-0.0172765620951919,      1313P   4211
0.0172765620951919,0.0172765620951919,-3.14159265358979,            1313P   4212
-3.14159265358979,-3.14159265358979,-1.5707963267949,               1313P   4213
-1.5707963267949,0.,0.,1.5707963267949,1.5707963267949,             1313P   4214
3.14159265358979,3.14159265358979,3.14159265358979,1.,1.,           1313P   4215
0.707106781186548,0.707106781186548,1.,1.,0.707106781186548,        1313P   4216
0.707106781186548,1.,1.,0.707106781186548,0.707106781186548,1.,     1313P   4217
1.,0.707106781186548,0.707106781186548,1.,1.,138.122691122514,      1313P   4218
162.828380581741,194.068413898499,138.122691122514,                 1313P   4219
159.545921873353,194.068413898499,43.1252405214546,                 1313P   4220
162.828380581741,194.068413898499,43.1252405214546,                 1313P   4221
159.545921873353,194.068413898499,43.1252405214546,                 1313P   4222
162.828380581741,99.0709632974389,43.1252405214546,                 1313P   4223
159.545921873353,99.0709632974389,43.1252405214546,                 1313P   4224
162.828380581741,4.0735126963791,43.1252405214546,                  1313P   4225
159.545921873353,4.0735126963791,138.122691122514,                  1313P   4226
162.828380581741,4.07351269637909,138.122691122514,                 1313P   4227
159.545921873353,4.07351269637909,233.120141723574,                 1313P   4228
162.828380581741,4.0735126963791,233.120141723574,                  1313P   4229
159.545921873353,4.0735126963791,233.120141723574,                  1313P   4230
162.828380581741,99.0709632974389,233.120141723574,                 1313P   4231
159.545921873353,99.0709632974389,233.120141723574,                 1313P   4232
162.828380581741,194.068413898499,233.120141723574,                 1313P   4233
159.545921873353,194.068413898499,138.122691122514,                 1313P   4234
162.828380581741,194.068413898499,138.122691122514,                 1313P   4235
159.545921873353,194.068413898499,-0.0172765620951919,              1313P   4236
0.0172765620951919,-3.14159265358979,3.14159265358979;              1313P   4237
128,4,8,2,2,0,1,0,0,1,-3.14159265358979,-3.14159265358979,          1315P   4238
-3.14159265358979,-2.35386559107641,-2.35386559107641,              1315P   4239
-1.56613852856302,-1.56613852856302,-1.56613852856302,              1315P   4240
-3.14159265358979,-3.14159265358979,-3.14159265358979,              1315P   4241
-1.5707963267949,-1.5707963267949,0.,0.,1.5707963267949,            1315P   4242
1.5707963267949,3.14159265358979,3.14159265358979,                  1315P   4243
3.14159265358979,1.,0.923433290694531,1.,0.92343329069452,1.,       1315P   4244
0.707106781186548,0.652965941823511,0.707106781186548,              1315P   4245
0.652965941823504,0.707106781186548,1.,0.923433290694531,1.,        1315P   4246
0.92343329069452,1.,0.707106781186548,0.652965941823511,            1315P   4247
0.707106781186548,0.652965941823504,0.707106781186548,1.,           1315P   4248
0.923433290694531,1.,0.92343329069452,1.,0.707106781186548,         1315P   4249
0.652965941823511,0.707106781186548,0.652965941823504,              1315P   4250
0.707106781186548,1.,0.923433290694531,1.,0.92343329069452,1.,      1315P   4251
0.707106781186548,0.652965941823511,0.707106781186548,              1315P   4252
0.652965941823504,0.707106781186548,1.,0.923433290694531,1.,        1315P   4253
0.92343329069452,1.,240.152746193304,169.828304649083,              1315P   4254
99.0709632974389,237.243728537413,169.841854364365,                 1315P   4255
99.0709632974389,235.181935130494,167.789642078987,                 1315P   4256
99.0709632974389,233.120141723574,165.737429793609,                 1315P   4257
99.0709632974389,233.120141723574,162.828380581741,                 1315P   4258
99.0709632974389,240.152746193304,169.828304649083,                 1315P   4259
201.101018368229,237.243728537413,169.841854364365,                 1315P   4260
198.192000712337,235.181935130494,167.789642078987,                 1315P   4261
196.130207305418,233.120141723574,165.737429793609,                 1315P   4262
194.068413898499,233.120141723574,162.828380581741,                 1315P   4263
194.068413898499,138.122691122514,169.828304649083,                 1315P   4264
201.101018368229,138.122691122514,169.841854364365,                 1315P   4265
198.192000712337,138.122691122514,167.789642078987,                 1315P   4266
196.130207305418,138.122691122514,165.737429793609,                 1315P   4267
194.068413898499,138.122691122514,162.828380581741,                 1315P   4268
194.068413898499,36.0926360517246,169.828304649083,                 1315P   4269
201.101018368229,39.0016537076158,169.841854364365,                 1315P   4270
198.192000712337,41.0634471145352,167.789642078987,                 1315P   4271
196.130207305418,43.1252405214546,165.737429793609,                 1315P   4272
194.068413898499,43.1252405214546,162.828380581741,                 1315P   4273
194.068413898499,36.0926360517245,169.828304649083,                 1315P   4274
99.0709632974389,39.0016537076158,169.841854364365,                 1315P   4275
99.0709632974389,41.0634471145352,167.789642078987,                 1315P   4276
99.0709632974389,43.1252405214546,165.737429793609,                 1315P   4277
99.0709632974389,43.1252405214546,162.828380581741,                 1315P   4278
99.0709632974389,36.0926360517246,169.828304649083,                 1315P   4279
-2.95909177335093,39.0016537076158,169.841854364365,                1315P   4280
-0.0500741174596726,41.0634471145352,167.789642078987,              1315P   4281
2.01171928945972,43.1252405214546,165.737429793609,                 1315P   4282
4.07351269637909,43.1252405214546,162.828380581741,                 1315P   4283
4.0735126963791,138.122691122514,169.828304649083,                  1315P   4284
-2.95909177335096,138.122691122514,169.841854364365,                1315P   4285
-0.050074117459701,138.122691122514,167.789642078987,               1315P   4286
2.01171928945969,138.122691122514,165.737429793609,                 1315P   4287
4.07351269637907,138.122691122514,162.828380581741,                 1315P   4288
4.07351269637909,240.152746193304,169.828304649083,                 1315P   4289
-2.95909177335093,237.243728537413,169.841854364365,                1315P   4290
-0.0500741174596726,235.181935130494,167.789642078987,              1315P   4291
2.01171928945972,233.120141723574,165.737429793609,                 1315P   4292
4.07351269637909,233.120141723574,162.828380581741,                 1315P   4293
4.0735126963791,240.152746193304,169.828304649083,                  1315P   4294
99.0709632974389,237.243728537413,169.841854364365,                 1315P   4295
99.0709632974389,235.181935130494,167.789642078987,                 1315P   4296
99.0709632974389,233.120141723574,165.737429793609,                 1315P   4297
99.0709632974389,233.120141723574,162.828380581741,                 1315P   4298
99.0709632974389,-3.14159265358979,-1.56613852856302,               1315P   4299
-3.14159265358979,3.14159265358979;                                 1315P   4300
128,1,8,1,2,0,1,0,0,1,-0.00441994809510033,-0.00441994809510033,    1317P   4301
0.0044199480951,0.0044199480951,-3.14159265358979,                  1317P   4302
-3.14159265358979,-3.14159265358979,-1.5707963267949,               1317P   4303
-1.5707963267949,0.,0.,1.5707963267949,1.5707963267949,             1317P   4304
3.14159265358979,3.14159265358979,3.14159265358979,1.,1.,           1317P   4305
0.707106781186548,0.707106781186548,1.,1.,0.707106781186548,        1317P   4306
0.707106781186548,1.,1.,0.707106781186548,0.707106781186548,1.,     1317P   4307
1.,0.707106781186548,0.707106781186548,1.,1.,138.122691122514,      1317P   4308
169.824084982075,202.006947797192,138.122691122514,                 1317P   4309
169.828304649083,201.101018368229,35.1867066227611,                 1317P   4310
169.824084982075,202.006947797192,36.0926360517246,                 1317P   4311
169.828304649083,201.101018368229,35.1867066227611,                 1317P   4312
169.824084982075,99.0709632974389,36.0926360517246,                 1317P   4313
169.828304649083,99.0709632974389,35.1867066227611,                 1317P   4314
169.824084982075,-3.86502120231439,36.0926360517246,                1317P   4315
169.828304649083,-2.95909177335088,138.122691122514,                1317P   4316
169.824084982075,-3.86502120231442,138.122691122514,                1317P   4317
169.828304649083,-2.9590917733509,241.058675622268,                 1317P   4318
169.824084982075,-3.86502120231439,240.152746193304,                1317P   4319
169.828304649083,-2.95909177335088,241.058675622268,                1317P   4320
169.824084982075,99.0709632974389,240.152746193304,                 1317P   4321
169.828304649083,99.0709632974389,241.058675622268,                 1317P   4322
169.824084982075,202.006947797192,240.152746193304,                 1317P   4323
169.828304649083,201.101018368229,138.122691122514,                 1317P   4324
169.824084982075,202.006947797192,138.122691122514,                 1317P   4325
169.828304649083,201.101018368229,-0.00441994809510033,             1317P   4326
0.0044199480951,-3.14159265358979,3.14159265358979;                 1317P   4327
128,1,8,1,2,0,1,0,0,1,-0.0281606485419713,-0.0281606485419713,      1319P   4328
0.0281606485419715,0.0281606485419715,-3.14159265358979,            1319P   4329
-3.14159265358979,-3.14159265358979,-1.5707963267949,               1319P   4330
-1.5707963267949,0.,0.,1.5707963267949,1.5707963267949,             1319P   4331
3.14159265358979,3.14159265358979,3.14159265358979,1.,1.,           1319P   4332
0.707106781186548,0.707106781186548,1.,1.,0.707106781186548,        1319P   4333
0.707106781186548,1.,1.,0.707106781186548,0.707106781186548,1.,     1319P   4334
1.,0.707106781186548,0.707106781186548,1.,1.,138.122691122514,      1319P   4335
174.006817189329,206.189680004445,138.122691122514,                 1319P   4336
169.824084982075,202.006947797192,31.0039744155078,                 1319P   4337
174.006817189329,206.189680004445,35.1867066227611,                 1319P   4338
169.824084982075,202.006947797192,31.0039744155078,                 1319P   4339
174.006817189329,99.0709632974389,35.1867066227611,                 1319P   4340
169.824084982075,99.0709632974389,31.0039744155078,                 1319P   4341
174.006817189329,-8.04775340956766,35.1867066227611,                1319P   4342
169.824084982075,-3.86502120231436,138.122691122514,                1319P   4343
174.006817189329,-8.04775340956769,138.122691122514,                1319P   4344
169.824084982075,-3.86502120231439,245.241407829521,                1319P   4345
174.006817189329,-8.04775340956766,241.058675622268,                1319P   4346
169.824084982075,-3.86502120231436,245.241407829521,                1319P   4347
174.006817189329,99.0709632974389,241.058675622268,                 1319P   4348
169.824084982075,99.0709632974389,245.241407829521,                 1319P   4349
174.006817189329,206.189680004445,241.058675622268,                 1319P   4350
169.824084982075,202.006947797192,138.122691122514,                 1319P   4351
174.006817189329,206.189680004445,138.122691122514,                 1319P   4352
169.824084982075,202.006947797192,-0.0281606485419713,              1319P   4353
0.0281606485419715,-3.14159265358979,3.14159265358979;              1319P   4354
128,2,8,2,2,0,1,0,0,1,-2.35619449019236,-2.35619449019236,          1321P   4355
-2.35619449019236,-0.785398163397437,-0.785398163397437,            1321P   4356
-0.785398163397437,-3.14159265358979,-3.14159265358979,             1321P   4357
-3.14159265358979,-1.5707963267949,-1.5707963267949,0.,0.,          1321P   4358
1.5707963267949,1.5707963267949,3.14159265358979,                   1321P   4359
3.14159265358979,3.14159265358979,1.,0.707106781186549,1.,          1321P   4360
0.707106781186548,0.500000000000001,0.707106781186548,1.,           1321P   4361
0.707106781186549,1.,0.707106781186548,0.500000000000001,           1321P   4362
0.707106781186548,1.,0.707106781186549,1.,0.707106781186548,        1321P   4363
0.500000000000001,0.707106781186548,1.,0.707106781186549,1.,        1321P   4364
0.707106781186548,0.500000000000001,0.707106781186548,1.,           1321P   4365
0.707106781186549,1.,248.069834954267,174.006817189329,             1321P   4366
99.0709632974389,246.655621391894,175.421030751702,                 1321P   4367
99.0709632974389,245.241407829521,174.006817189329,                 1321P   4368
99.0709632974389,248.069834954267,174.006817189329,                 1321P   4369
209.018107129192,246.655621391894,175.421030751702,                 1321P   4370
207.603893566819,245.241407829521,174.006817189329,                 1321P   4371
206.189680004445,138.122691122514,174.006817189329,                 1321P   4372
209.018107129192,138.122691122514,175.421030751702,                 1321P   4373
207.603893566819,138.122691122514,174.006817189329,                 1321P   4374
206.189680004445,28.1755472907616,174.006817189329,                 1321P   4375
209.018107129192,29.5897608531347,175.421030751702,                 1321P   4376
207.603893566819,31.0039744155078,174.006817189329,                 1321P   4377
206.189680004445,28.1755472907616,174.006817189329,                 1321P   4378
99.0709632974389,29.5897608531347,175.421030751702,                 1321P   4379
99.0709632974389,31.0039744155078,174.006817189329,                 1321P   4380
99.0709632974389,28.1755472907616,174.006817189329,                 1321P   4381
-10.8761805343139,29.5897608531347,175.421030751702,                1321P   4382
-9.46196697194076,31.0039744155078,174.006817189329,                1321P   4383
-8.04775340956765,138.122691122514,174.006817189329,                1321P   4384
-10.8761805343139,138.122691122514,175.421030751702,                1321P   4385
-9.46196697194078,138.122691122514,174.006817189329,                1321P   4386
-8.04775340956767,248.069834954267,174.006817189329,                1321P   4387
-10.8761805343139,246.655621391894,175.421030751702,                1321P   4388
-9.46196697194076,245.241407829521,174.006817189329,                1321P   4389
-8.04775340956765,248.069834954267,174.006817189329,                1321P   4390
99.0709632974389,246.655621391894,175.421030751702,                 1321P   4391
99.0709632974389,245.241407829521,174.006817189329,                 1321P   4392
99.0709632974389,-2.35619449019236,-0.785398163397437,              1321P   4393
-3.14159265358979,3.14159265358979;                                 1321P   4394
128,1,8,1,2,0,1,0,0,1,-0.0135125634946559,-0.0135125634946559,      1323P   4395
0.0135125634946556,0.0135125634946556,-3.14159265358979,            1323P   4396
-3.14159265358979,-3.14159265358979,-1.5707963267949,               1323P   4397
-1.5707963267949,0.,0.,1.5707963267949,1.5707963267949,             1323P   4398
3.14159265358979,3.14159265358979,3.14159265358979,1.,1.,           1323P   4399
0.707106781186548,0.707106781186548,1.,1.,0.707106781186548,        1323P   4400
0.707106781186548,1.,1.,0.707106781186548,0.707106781186548,1.,     1323P   4401
1.,0.707106781186548,0.707106781186548,1.,1.,138.122691122514,      1323P   4402
171.885496845769,211.139427472751,138.122691122514,                 1323P   4403
174.006817189329,209.018107129192,26.054226947202,                  1323P   4404
171.885496845769,211.139427472751,28.1755472907617,                 1323P   4405
174.006817189329,209.018107129192,26.0542269472019,                 1323P   4406
171.885496845769,99.0709632974389,28.1755472907616,                 1323P   4407
174.006817189329,99.0709632974389,26.054226947202,                  1323P   4408
171.885496845769,-12.9975008778735,28.1755472907617,                1323P   4409
174.006817189329,-10.8761805343138,138.122691122514,                1323P   4410
171.885496845769,-12.9975008778736,138.122691122514,                1323P   4411
174.006817189329,-10.8761805343139,250.191155297827,                1323P   4412
171.885496845769,-12.9975008778735,248.069834954267,                1323P   4413
174.006817189329,-10.8761805343138,250.191155297827,                1323P   4414
171.885496845769,99.0709632974389,248.069834954267,                 1323P   4415
174.006817189329,99.0709632974389,250.191155297827,                 1323P   4416
171.885496845769,211.139427472751,248.069834954267,                 1323P   4417
174.006817189329,209.018107129192,138.122691122514,                 1323P   4418
171.885496845769,211.139427472751,138.122691122514,                 1323P   4419
174.006817189329,209.018107129192,-0.0135125634946559,              1323P   4420
0.0135125634946556,-3.14159265358979,3.14159265358979;              1323P   4421
128,1,8,1,2,0,1,0,0,1,-0.042112927319158,-0.042112927319158,        1325P   4422
0.0421129273191576,0.0421129273191576,-3.14159265358979,            1325P   4423
-3.14159265358979,-3.14159265358979,-1.5707963267949,               1325P   4424
-1.5707963267949,0.,0.,1.5707963267949,1.5707963267949,             1325P   4425
3.14159265358979,3.14159265358979,3.14159265358979,1.,1.,           1325P   4426
0.707106781186548,0.707106781186548,1.,1.,0.707106781186548,        1325P   4427
0.707106781186548,1.,1.,0.707106781186548,0.707106781186548,1.,     1325P   4428
1.,0.707106781186548,0.707106781186548,1.,1.,138.122691122514,      1325P   4429
165.404077850799,204.658008477781,138.122691122514,                 1325P   4430
171.885496845769,211.139427472751,32.5356459421718,                 1325P   4431
165.404077850799,204.658008477781,26.054226947202,                  1325P   4432
171.885496845769,211.139427472751,32.5356459421718,                 1325P   4433
165.404077850799,99.0709632974389,26.0542269472019,                 1325P   4434
171.885496845769,99.0709632974389,32.5356459421718,                 1325P   4435
165.404077850799,-6.51608188290366,26.054226947202,                 1325P   4436
171.885496845769,-12.9975008778735,138.122691122514,                1325P   4437
165.404077850799,-6.51608188290369,138.122691122514,                1325P   4438
171.885496845769,-12.9975008778736,243.709736302857,                1325P   4439
165.404077850799,-6.51608188290366,250.191155297827,                1325P   4440
171.885496845769,-12.9975008778735,243.709736302857,                1325P   4441
165.404077850799,99.0709632974389,250.191155297827,                 1325P   4442
171.885496845769,99.0709632974389,243.709736302857,                 1325P   4443
165.404077850799,204.658008477781,250.191155297827,                 1325P   4444
171.885496845769,211.139427472751,138.122691122514,                 1325P   4445
165.404077850799,204.658008477781,138.122691122514,                 1325P   4446
171.885496845769,211.139427472751,-0.042112927319158,               1325P   4447
0.0421129273191576,-3.14159265358979,3.14159265358979;              1325P   4448
128,2,8,2,2,0,1,0,0,1,0.785398163397435,0.785398163397435,          1327P   4449
0.785398163397435,1.57545412502678,1.57545412502678,                1327P   4450
1.57545412502678,-3.14159265358979,-3.14159265358979,               1327P   4451
-3.14159265358979,-1.5707963267949,-1.5707963267949,0.,0.,          1327P   4452
1.5707963267949,1.5707963267949,3.14159265358979,                   1327P   4453
3.14159265358979,3.14159265358979,1.,0.922985796755192,1.,          1327P   4454
0.707106781186548,0.652649515824465,0.707106781186548,1.,           1327P   4455
0.922985796755192,1.,0.707106781186548,0.652649515824465,           1327P   4456
0.707106781186548,1.,0.922985796755192,1.,0.707106781186548,        1327P   4457
0.652649515824465,0.707106781186548,1.,0.922985796755192,1.,        1327P   4458
0.707106781186548,0.652649515824465,0.707106781186548,1.,           1327P   4459
0.922985796755192,1.,242.286207177704,164.818313108217,             1327P   4460
99.0709632974389,243.120087485961,164.814429033903,                 1327P   4461
99.0709632974389,243.709736302857,165.404077850799,                 1327P   4462
99.0709632974389,242.286207177704,164.818313108217,                 1327P   4463
203.234479352628,243.120087485961,164.814429033903,                 1327P   4464
204.068359660886,243.709736302857,165.404077850799,                 1327P   4465
204.658008477781,138.122691122514,164.818313108217,                 1327P   4466
203.234479352628,138.122691122514,164.814429033903,                 1327P   4467
204.068359660886,138.122691122514,165.404077850799,                 1327P   4468
204.658008477781,33.9591750673249,164.818313108217,                 1327P   4469
203.234479352628,33.1252947590675,164.814429033903,                 1327P   4470
204.068359660886,32.5356459421718,165.404077850799,                 1327P   4471
204.658008477781,33.9591750673249,164.818313108217,                 1327P   4472
99.0709632974389,33.1252947590674,164.814429033903,                 1327P   4473
99.0709632974389,32.5356459421718,165.404077850799,                 1327P   4474
99.0709632974389,33.9591750673249,164.818313108217,                 1327P   4475
-5.09255275775054,33.1252947590675,164.814429033903,                1327P   4476
-5.92643306600803,32.5356459421718,165.404077850799,                1327P   4477
-6.51608188290368,138.122691122514,164.818313108217,                1327P   4478
-5.09255275775057,138.122691122514,164.814429033903,                1327P   4479
-5.92643306600806,138.122691122514,165.404077850799,                1327P   4480
-6.5160818829037,242.286207177704,164.818313108217,                 1327P   4481
-5.09255275775054,243.120087485961,164.814429033903,                1327P   4482
-5.92643306600803,243.709736302857,165.404077850799,                1327P   4483
-6.51608188290368,242.286207177704,164.818313108217,                1327P   4484
99.0709632974389,243.120087485961,164.814429033903,                 1327P   4485
99.0709632974389,243.709736302857,165.404077850799,                 1327P   4486
99.0709632974389,0.785398163397435,1.57545412502678,                1327P   4487
-3.14159265358979,3.14159265358979;                                 1327P   4488
128,1,8,1,2,0,1,0,0,1,-0.0104611259381473,-0.0104611259381473,      1329P   4489
0.0104611259381472,0.0104611259381472,-3.14159265358979,            1329P   4490
-3.14159265358979,-3.14159265358979,-1.5707963267949,               1329P   4491
-1.5707963267949,0.,0.,1.5707963267949,1.5707963267949,             1329P   4492
3.14159265358979,3.14159265358979,3.14159265358979,1.,1.,           1329P   4493
0.707106781186548,0.707106781186548,1.,1.,0.707106781186548,        1329P   4494
0.707106781186548,1.,1.,0.707106781186548,0.707106781186548,1.,     1329P   4495
1.,0.707106781186548,0.707106781186548,1.,1.,138.122691122514,      1329P   4496
164.828358886696,201.077729461279,138.122691122514,                 1329P   4497
164.818313108217,203.234479352628,36.1159249586746,                 1329P   4498
164.828358886696,201.077729461279,33.9591750673249,                 1329P   4499
164.818313108217,203.234479352628,36.1159249586746,                 1329P   4500
164.828358886696,99.0709632974389,33.9591750673249,                 1329P   4501
164.818313108217,99.0709632974389,36.1159249586746,                 1329P   4502
164.828358886696,-2.93580286640088,33.9591750673249,                1329P   4503
164.818313108217,-5.09255275775058,138.122691122514,                1329P   4504
164.828358886696,-2.9358028664009,138.122691122514,                 1329P   4505
164.818313108217,-5.09255275775061,240.129457286354,                1329P   4506
164.828358886696,-2.93580286640088,242.286207177704,                1329P   4507
164.818313108217,-5.09255275775058,240.129457286354,                1329P   4508
164.828358886696,99.0709632974389,242.286207177704,                 1329P   4509
164.818313108217,99.0709632974389,240.129457286354,                 1329P   4510
164.828358886696,201.077729461279,242.286207177704,                 1329P   4511
164.818313108217,203.234479352628,138.122691122514,                 1329P   4512
164.828358886696,201.077729461279,138.122691122514,                 1329P   4513
164.818313108217,203.234479352628,-0.0104611259381473,              1329P   4514
0.0104611259381472,-3.14159265358979,3.14159265358979;              1329P   4515
128,4,8,2,2,0,1,0,0,1,-3.14159265358979,-3.14159265358979,          1331P   4516
-3.14159265358979,-2.35386559107641,-2.35386559107641,              1331P   4517
-1.56613852856302,-1.56613852856302,-1.56613852856302,              1331P   4518
-3.14159265358979,-3.14159265358979,-3.14159265358979,              1331P   4519
-1.5707963267949,-1.5707963267949,0.,0.,1.5707963267949,            1331P   4520
1.5707963267949,3.14159265358979,3.14159265358979,                  1331P   4521
3.14159265358979,1.,0.923433290694416,1.,0.923433290694436,1.,      1331P   4522
0.707106781186548,0.65296594182343,0.707106781186548,               1331P   4523
0.652965941823444,0.707106781186548,1.,0.923433290694416,1.,        1331P   4524
0.923433290694436,1.,0.707106781186548,0.65296594182343,            1331P   4525
0.707106781186548,0.652965941823444,0.707106781186548,1.,           1331P   4526
0.923433290694416,1.,0.923433290694436,1.,0.707106781186548,        1331P   4527
0.65296594182343,0.707106781186548,0.652965941823444,               1331P   4528
0.707106781186548,1.,0.923433290694416,1.,0.923433290694436,1.,     1331P   4529
0.707106781186548,0.65296594182343,0.707106781186548,               1331P   4530
0.652965941823444,0.707106781186548,1.,0.923433290694416,1.,        1331P   4531
0.923433290694436,1.,238.120141723574,162.828380581741,             1331P   4532
99.0709632974389,238.120141723574,163.659537499418,                 1331P   4533
99.0709632974389,238.709225554123,164.245883866668,                 1331P   4534
99.0709632974389,239.298309384671,164.832230233919,                 1331P   4535
99.0709632974389,240.129457286354,164.828358886696,                 1331P   4536
99.0709632974389,238.120141723574,162.828380581741,                 1331P   4537
199.068413898499,238.120141723574,163.659537499418,                 1331P   4538
199.068413898499,238.709225554123,164.245883866668,                 1331P   4539
199.657497729047,239.298309384671,164.832230233919,                 1331P   4540
200.246581559595,240.129457286354,164.828358886696,                 1331P   4541
201.077729461279,138.122691122514,162.828380581741,                 1331P   4542
199.068413898499,138.122691122514,163.659537499418,                 1331P   4543
199.068413898499,138.122691122514,164.245883866668,                 1331P   4544
199.657497729047,138.122691122514,164.832230233919,                 1331P   4545
200.246581559595,138.122691122514,164.828358886696,                 1331P   4546
201.077729461279,38.1252405214546,162.828380581741,                 1331P   4547
199.068413898499,38.1252405214546,163.659537499418,                 1331P   4548
199.068413898499,37.5361566909062,164.245883866668,                 1331P   4549
199.657497729047,36.9470728603578,164.832230233919,                 1331P   4550
200.246581559595,36.1159249586746,164.828358886696,                 1331P   4551
201.077729461279,38.1252405214546,162.828380581741,                 1331P   4552
99.0709632974389,38.1252405214546,163.659537499418,                 1331P   4553
99.0709632974389,37.5361566909062,164.245883866668,                 1331P   4554
99.0709632974389,36.9470728603578,164.832230233919,                 1331P   4555
99.0709632974389,36.1159249586746,164.828358886696,                 1331P   4556
99.0709632974389,38.1252405214546,162.828380581741,                 1331P   4557
-0.926487303620888,38.1252405214546,163.659537499418,               1331P   4558
-0.926487303620888,37.5361566909062,164.245883866668,               1331P   4559
-1.51557113416928,36.9470728603578,164.832230233919,                1331P   4560
-2.10465496471767,36.1159249586746,164.828358886696,                1331P   4561
-2.93580286640089,138.122691122514,162.828380581741,                1331P   4562
-0.926487303620917,138.122691122514,163.659537499418,               1331P   4563
-0.926487303620917,138.122691122514,164.245883866668,               1331P   4564
-1.5155711341693,138.122691122514,164.832230233919,                 1331P   4565
-2.10465496471769,138.122691122514,164.828358886696,                1331P   4566
-2.93580286640092,238.120141723574,162.828380581741,                1331P   4567
-0.926487303620888,238.120141723574,163.659537499418,               1331P   4568
-0.926487303620888,238.709225554123,164.245883866668,               1331P   4569
-1.51557113416928,239.298309384671,164.832230233919,                1331P   4570
-2.10465496471767,240.129457286354,164.828358886696,                1331P   4571
-2.93580286640089,238.120141723574,162.828380581741,                1331P   4572
99.0709632974389,238.120141723574,163.659537499418,                 1331P   4573
99.0709632974389,238.709225554123,164.245883866668,                 1331P   4574
99.0709632974389,239.298309384671,164.832230233919,                 1331P   4575
99.0709632974389,240.129457286354,164.828358886696,                 1331P   4576
99.0709632974389,-3.14159265358979,-1.56613852856302,               1331P   4577
-3.14159265358979,3.14159265358979;                                 1331P   4578
128,1,8,1,2,0,1,0,0,1,-0.0299540768533561,-0.0299540768533561,      1333P   4579
0.0299540768533561,0.0299540768533561,-3.14159265358979,            1333P   4580
-3.14159265358979,-3.14159265358979,-1.5707963267949,               1333P   4581
-1.5707963267949,0.,0.,1.5707963267949,1.5707963267949,             1333P   4582
3.14159265358979,3.14159265358979,3.14159265358979,1.,1.,           1333P   4583
0.707106781186548,0.707106781186548,1.,1.,0.707106781186548,        1333P   4584
0.707106781186548,1.,1.,0.707106781186548,0.707106781186548,1.,     1333P   4585
1.,0.707106781186548,0.707106781186548,1.,1.,138.122691122514,      1333P   4586
156.837717940853,199.068413898499,138.122691122514,                 1333P   4587
162.828380581741,199.068413898499,38.1252405214546,                 1333P   4588
156.837717940853,199.068413898499,38.1252405214546,                 1333P   4589
162.828380581741,199.068413898499,38.1252405214546,                 1333P   4590
156.837717940853,99.0709632974389,38.1252405214546,                 1333P   4591
162.828380581741,99.0709632974389,38.1252405214546,                 1333P   4592
156.837717940853,-0.926487303620888,38.1252405214546,               1333P   4593
162.828380581741,-0.926487303620888,138.122691122514,               1333P   4594
156.837717940853,-0.926487303620917,138.122691122514,               1333P   4595
162.828380581741,-0.926487303620917,238.120141723574,               1333P   4596
156.837717940853,-0.926487303620888,238.120141723574,               1333P   4597
162.828380581741,-0.926487303620888,238.120141723574,               1333P   4598
156.837717940853,99.0709632974389,238.120141723574,                 1333P   4599
162.828380581741,99.0709632974389,238.120141723574,                 1333P   4600
156.837717940853,199.068413898499,238.120141723574,                 1333P   4601
162.828380581741,199.068413898499,138.122691122514,                 1333P   4602
156.837717940853,199.068413898499,138.122691122514,                 1333P   4603
162.828380581741,199.068413898499,-0.0299540768533561,              1333P   4604
0.0299540768533561,-3.14159265358979,3.14159265358979;              1333P   4605
128,2,8,2,2,0,1,0,0,1,0.,0.,0.,1.57079632679491,                    1335P   4606
1.57079632679491,1.57079632679491,-3.14159265358979,                1335P   4607
-3.14159265358979,-3.14159265358979,-1.5707963267949,               1335P   4608
-1.5707963267949,0.,0.,1.5707963267949,1.5707963267949,             1335P   4609
3.14159265358979,3.14159265358979,3.14159265358979,1.,              1335P   4610
0.707106781186531,1.,0.707106781186548,0.499999999999989,           1335P   4611
0.707106781186548,1.,0.707106781186531,1.,0.707106781186548,        1335P   4612
0.499999999999989,0.707106781186548,1.,0.707106781186531,1.,        1335P   4613
0.707106781186548,0.499999999999989,0.707106781186548,1.,           1335P   4614
0.707106781186531,1.,0.707106781186548,0.499999999999989,           1335P   4615
0.707106781186548,1.,0.707106781186531,1.,236.120141723574,         1335P   4616
154.837717940853,99.0709632974389,238.120141723574,                 1335P   4617
154.837717940853,99.0709632974389,238.120141723574,                 1335P   4618
156.837717940853,99.0709632974389,236.120141723574,                 1335P   4619
154.837717940853,197.068413898499,238.120141723574,                 1335P   4620
154.837717940853,199.068413898499,238.120141723574,                 1335P   4621
156.837717940853,199.068413898499,138.122691122514,                 1335P   4622
154.837717940853,197.068413898499,138.122691122514,                 1335P   4623
154.837717940853,199.068413898499,138.122691122514,                 1335P   4624
156.837717940853,199.068413898499,40.1252405214546,                 1335P   4625
154.837717940853,197.068413898499,38.1252405214546,                 1335P   4626
154.837717940853,199.068413898499,38.1252405214546,                 1335P   4627
156.837717940853,199.068413898499,40.1252405214546,                 1335P   4628
154.837717940853,99.0709632974389,38.1252405214546,                 1335P   4629
154.837717940853,99.0709632974389,38.1252405214546,                 1335P   4630
156.837717940853,99.0709632974389,40.1252405214546,                 1335P   4631
154.837717940853,1.07351269637913,38.1252405214546,                 1335P   4632
154.837717940853,-0.926487303620902,38.1252405214546,               1335P   4633
156.837717940853,-0.926487303620902,138.122691122514,               1335P   4634
154.837717940853,1.0735126963791,138.122691122514,                  1335P   4635
154.837717940853,-0.926487303620931,138.122691122514,               1335P   4636
156.837717940853,-0.926487303620931,236.120141723574,               1335P   4637
154.837717940853,1.07351269637913,238.120141723574,                 1335P   4638
154.837717940853,-0.926487303620902,238.120141723574,               1335P   4639
156.837717940853,-0.926487303620902,236.120141723574,               1335P   4640
154.837717940853,99.0709632974389,238.120141723574,                 1335P   4641
154.837717940853,99.0709632974389,238.120141723574,                 1335P   4642
156.837717940853,99.0709632974389,0.,1.57079632679491,              1335P   4643
-3.14159265358979,3.14159265358979;                                 1335P   4644
128,1,1,1,1,0,0,1,0,0,-97.9984506010598,-97.9984506010598,          1337P   4645
97.9984506010598,97.9984506010598,-194.99590120212,                 1337P   4646
-194.99590120212,1.001,1.001,1.,1.,1.,1.,236.121141723574,          1337P   4647
154.837717940853,197.069413898499,40.1242405214545,                 1337P   4648
154.837717940853,197.069413898499,236.121141723574,                 1337P   4649
154.837717940853,1.07251269637908,40.1242405214545,                 1337P   4650
154.837717940853,1.07251269637909,-97.9984506010598,                1337P   4651
97.9984506010598,-194.99590120212,1.001;                            1337P   4652
128,2,8,2,2,0,1,0,0,1,-3.14159265358979,-3.14159265358979,          1339P   4653
-3.14159265358979,-1.57079632679489,-1.57079632679489,              1339P   4654
-1.57079632679489,-3.14159265358979,-3.14159265358979,              1339P   4655
-3.14159265358979,-1.5707963267949,-1.5707963267949,0.,0.,          1339P   4656
1.5707963267949,1.5707963267949,3.14159265358979,                   1339P   4657
3.14159265358979,3.14159265358979,1.,0.707106781186539,1.,          1339P   4658
0.707106781186548,0.499999999999994,0.707106781186548,1.,           1339P   4659
0.707106781186539,1.,0.707106781186548,0.499999999999994,           1339P   4660
0.707106781186548,1.,0.707106781186539,1.,0.707106781186548,        1339P   4661
0.499999999999994,0.707106781186548,1.,0.707106781186539,1.,        1339P   4662
0.707106781186548,0.499999999999994,0.707106781186548,1.,           1339P   4663
0.707106781186539,1.,233.120141723574,152.837717940853,             1339P   4664
99.0709632974389,233.120141723574,154.837717940853,                 1339P   4665
99.0709632974389,235.120141723574,154.837717940853,                 1339P   4666
99.0709632974389,233.120141723574,152.837717940853,                 1339P   4667
194.068413898499,233.120141723574,154.837717940853,                 1339P   4668
194.068413898499,235.120141723574,154.837717940853,                 1339P   4669
196.068413898499,138.122691122514,152.837717940853,                 1339P   4670
194.068413898499,138.122691122514,154.837717940853,                 1339P   4671
194.068413898499,138.122691122514,154.837717940853,                 1339P   4672
196.068413898499,43.1252405214546,152.837717940853,                 1339P   4673
194.068413898499,43.1252405214546,154.837717940853,                 1339P   4674
194.068413898499,41.1252405214546,154.837717940853,                 1339P   4675
196.068413898499,43.1252405214546,152.837717940853,                 1339P   4676
99.0709632974389,43.1252405214546,154.837717940853,                 1339P   4677
99.0709632974389,41.1252405214546,154.837717940853,                 1339P   4678
99.0709632974389,43.1252405214546,152.837717940853,                 1339P   4679
4.0735126963791,43.1252405214546,154.837717940853,                  1339P   4680
4.07351269637909,41.1252405214546,154.837717940853,                 1339P   4681
2.0735126963791,138.122691122514,152.837717940853,                  1339P   4682
4.07351269637909,138.122691122514,154.837717940853,                 1339P   4683
4.07351269637907,138.122691122514,154.837717940853,                 1339P   4684
2.07351269637907,233.120141723574,152.837717940853,                 1339P   4685
4.0735126963791,233.120141723574,154.837717940853,                  1339P   4686
4.07351269637909,235.120141723574,154.837717940853,                 1339P   4687
2.0735126963791,233.120141723574,152.837717940853,                  1339P   4688
99.0709632974389,233.120141723574,154.837717940853,                 1339P   4689
99.0709632974389,235.120141723574,154.837717940853,                 1339P   4690
99.0709632974389,-3.14159265358979,-1.57079632679489,               1339P   4691
-3.14159265358979,3.14159265358979;                                 1339P   4692
128,1,8,1,2,0,1,0,0,1,-0.600016101899098,-0.600016101899098,        1341P   4693
0.200005367299699,0.200005367299699,-3.14159265358979,              1341P   4694
-3.14159265358979,-3.14159265358979,-1.5707963267949,               1341P   4695
-1.5707963267949,0.,0.,1.5707963267949,1.5707963267949,             1341P   4696
3.14159265358979,3.14159265358979,3.14159265358979,1.,1.,           1341P   4697
0.707106781186548,0.707106781186548,1.,1.,0.707106781186548,        1341P   4698
0.707106781186548,1.,1.,0.707106781186548,0.707106781186548,1.,     1341P   4699
1.,0.707106781186548,0.707106781186548,1.,1.,138.122691122514,      1341P   4700
76.8377179408534,194.068413898499,138.122691122514,                 1341P   4701
152.837717940853,194.068413898499,43.1252405214546,                 1341P   4702
76.8377179408534,194.068413898499,43.1252405214546,                 1341P   4703
152.837717940853,194.068413898499,43.1252405214546,                 1341P   4704
76.8377179408534,99.0709632974389,43.1252405214546,                 1341P   4705
152.837717940853,99.0709632974389,43.1252405214546,                 1341P   4706
76.8377179408534,4.07351269637909,43.1252405214546,                 1341P   4707
152.837717940853,4.07351269637909,138.122691122514,                 1341P   4708
76.8377179408534,4.07351269637907,138.122691122514,                 1341P   4709
152.837717940853,4.07351269637907,233.120141723574,                 1341P   4710
76.8377179408534,4.07351269637909,233.120141723574,                 1341P   4711
152.837717940853,4.07351269637909,233.120141723574,                 1341P   4712
76.8377179408534,99.0709632974389,233.120141723574,                 1341P   4713
152.837717940853,99.0709632974389,233.120141723574,                 1341P   4714
76.8377179408534,194.068413898499,233.120141723574,                 1341P   4715
152.837717940853,194.068413898499,138.122691122514,                 1341P   4716
76.8377179408534,194.068413898499,138.122691122514,                 1341P   4717
152.837717940853,194.068413898499,-0.600016101899098,               1341P   4718
0.200005367299699,-3.14159265358979,3.14159265358979;               1341P   4719
128,2,8,2,2,0,1,0,0,1,1.57079632679489,1.57079632679489,            1343P   4720
1.57079632679489,3.14159265358979,3.14159265358979,                 1343P   4721
3.14159265358979,-3.14159265358979,-3.14159265358979,               1343P   4722
-3.14159265358979,-1.5707963267949,-1.5707963267949,0.,0.,          1343P   4723
1.5707963267949,1.5707963267949,3.14159265358979,                   1343P   4724
3.14159265358979,3.14159265358979,1.,0.707106781186551,1.,          1343P   4725
0.707106781186548,0.500000000000002,0.707106781186548,1.,           1343P   4726
0.707106781186551,1.,0.707106781186548,0.500000000000002,           1343P   4727
0.707106781186548,1.,0.707106781186551,1.,0.707106781186548,        1343P   4728
0.500000000000002,0.707106781186548,1.,0.707106781186551,1.,        1343P   4729
0.707106781186548,0.500000000000002,0.707106781186548,1.,           1343P   4730
0.707106781186551,1.,235.120141723574,74.8377179408534,             1343P   4731
99.0709632974389,233.120141723574,74.8377179408534,                 1343P   4732
99.0709632974389,233.120141723574,76.8377179408534,                 1343P   4733
99.0709632974389,235.120141723574,74.8377179408534,                 1343P   4734
196.068413898499,233.120141723574,74.8377179408534,                 1343P   4735
194.068413898499,233.120141723574,76.8377179408534,                 1343P   4736
194.068413898499,138.122691122514,74.8377179408534,                 1343P   4737
196.068413898499,138.122691122514,74.8377179408534,                 1343P   4738
194.068413898499,138.122691122514,76.8377179408534,                 1343P   4739
194.068413898499,41.1252405214546,74.8377179408534,                 1343P   4740
196.068413898499,43.1252405214546,74.8377179408534,                 1343P   4741
194.068413898499,43.1252405214546,76.8377179408534,                 1343P   4742
194.068413898499,41.1252405214545,74.8377179408534,                 1343P   4743
99.0709632974389,43.1252405214546,74.8377179408534,                 1343P   4744
99.0709632974389,43.1252405214546,76.8377179408534,                 1343P   4745
99.0709632974389,41.1252405214546,74.8377179408534,                 1343P   4746
2.07351269637907,43.1252405214546,74.8377179408534,                 1343P   4747
4.07351269637907,43.1252405214546,76.8377179408534,                 1343P   4748
4.07351269637907,138.122691122514,74.8377179408534,                 1343P   4749
2.07351269637904,138.122691122514,74.8377179408534,                 1343P   4750
4.07351269637906,138.122691122514,76.8377179408534,                 1343P   4751
4.07351269637906,235.120141723574,74.8377179408534,                 1343P   4752
2.07351269637907,233.120141723574,74.8377179408534,                 1343P   4753
4.07351269637907,233.120141723574,76.8377179408534,                 1343P   4754
4.07351269637907,235.120141723574,74.8377179408534,                 1343P   4755
99.0709632974389,233.120141723574,74.8377179408534,                 1343P   4756
99.0709632974389,233.120141723574,76.8377179408534,                 1343P   4757
99.0709632974389,1.57079632679489,3.14159265358979,                 1343P   4758
-3.14159265358979,3.14159265358979;                                 1343P   4759
128,1,1,1,1,0,0,1,0,0,-97.9984506010598,-97.9984506010598,          1345P   4760
97.9984506010598,97.9984506010598,-195.99590120212,                 1345P   4761
-195.99590120212,0.000999999999994466,0.000999999999994466,1.,      1345P   4762
1.,1.,1.,40.1242405214545,74.8377179408534,197.069413898499,        1345P   4763
236.121141723574,74.8377179408534,197.069413898499,                 1345P   4764
40.1242405214545,74.8377179408534,1.07251269637907,                 1345P   4765
236.121141723574,74.8377179408534,1.07251269637906,                 1345P   4766
-97.9984506010598,97.9984506010598,-195.99590120212,                1345P   4767
0.000999999999994466;                                               1345P   4768
128,2,8,2,2,0,1,0,0,1,-1.5707963267949,-1.5707963267949,            1347P   4769
-1.5707963267949,0.,0.,0.,-3.14159265358979,-3.14159265358979,      1347P   4770
-3.14159265358979,-1.5707963267949,-1.5707963267949,0.,0.,          1347P   4771
1.5707963267949,1.5707963267949,3.14159265358979,                   1347P   4772
3.14159265358979,3.14159265358979,1.,0.707106781186546,1.,          1347P   4773
0.707106781186548,0.499999999999999,0.707106781186548,1.,           1347P   4774
0.707106781186546,1.,0.707106781186548,0.499999999999999,           1347P   4775
0.707106781186548,1.,0.707106781186546,1.,0.707106781186548,        1347P   4776
0.499999999999999,0.707106781186548,1.,0.707106781186546,1.,        1347P   4777
0.707106781186548,0.499999999999999,0.707106781186548,1.,           1347P   4778
0.707106781186546,1.,238.120141723574,72.8377179408534,             1347P   4779
99.0709632974389,238.120141723574,74.8377179408534,                 1347P   4780
99.0709632974389,236.120141723574,74.8377179408534,                 1347P   4781
99.0709632974389,238.120141723574,72.8377179408534,                 1347P   4782
199.068413898499,238.120141723574,74.8377179408534,                 1347P   4783
199.068413898499,236.120141723574,74.8377179408534,                 1347P   4784
197.068413898499,138.122691122514,72.8377179408534,                 1347P   4785
199.068413898499,138.122691122514,74.8377179408534,                 1347P   4786
199.068413898499,138.122691122514,74.8377179408534,                 1347P   4787
197.068413898499,38.1252405214546,72.8377179408534,                 1347P   4788
199.068413898499,38.1252405214546,74.8377179408534,                 1347P   4789
199.068413898499,40.1252405214546,74.8377179408534,                 1347P   4790
197.068413898499,38.1252405214545,72.8377179408534,                 1347P   4791
99.0709632974389,38.1252405214545,74.8377179408534,                 1347P   4792
99.0709632974389,40.1252405214546,74.8377179408534,                 1347P   4793
99.0709632974389,38.1252405214546,72.8377179408534,                 1347P   4794
-0.926487303620917,38.1252405214546,74.8377179408534,               1347P   4795
-0.926487303620917,40.1252405214546,74.8377179408534,               1347P   4796
1.0735126963791,138.122691122514,72.8377179408534,                  1347P   4797
-0.926487303620945,138.122691122514,74.8377179408534,               1347P   4798
-0.926487303620945,138.122691122514,74.8377179408534,               1347P   4799
1.07351269637907,238.120141723574,72.8377179408534,                 1347P   4800
-0.926487303620917,238.120141723574,74.8377179408534,               1347P   4801
-0.926487303620917,236.120141723574,74.8377179408534,               1347P   4802
1.0735126963791,238.120141723574,72.8377179408534,                  1347P   4803
99.0709632974389,238.120141723574,74.8377179408534,                 1347P   4804
99.0709632974389,236.120141723574,74.8377179408534,                 1347P   4805
99.0709632974389,-1.5707963267949,0.,-3.14159265358979,             1347P   4806
3.14159265358979;                                                   1347P   4807
128,1,8,1,2,0,1,0,0,1,-0.0299540768533559,-0.0299540768533559,      1349P   4808
0.0299540768533561,0.0299540768533561,-3.14159265358979,            1349P   4809
-3.14159265358979,-3.14159265358979,-1.5707963267949,               1349P   4810
-1.5707963267949,0.,0.,1.5707963267949,1.5707963267949,             1349P   4811
3.14159265358979,3.14159265358979,3.14159265358979,1.,1.,           1349P   4812
0.707106781186548,0.707106781186548,1.,1.,0.707106781186548,        1349P   4813
0.707106781186548,1.,1.,0.707106781186548,0.707106781186548,1.,     1349P   4814
1.,0.707106781186548,0.707106781186548,1.,1.,138.122691122514,      1349P   4815
66.8470552999658,199.068413898499,138.122691122514,                 1349P   4816
72.8377179408534,199.068413898499,38.1252405214546,                 1349P   4817
66.8470552999658,199.068413898499,38.1252405214546,                 1349P   4818
72.8377179408534,199.068413898499,38.1252405214546,                 1349P   4819
66.8470552999658,99.0709632974389,38.1252405214546,                 1349P   4820
72.8377179408534,99.0709632974389,38.1252405214546,                 1349P   4821
66.8470552999658,-0.926487303620902,38.1252405214546,               1349P   4822
72.8377179408534,-0.926487303620902,138.122691122514,               1349P   4823
66.8470552999658,-0.926487303620931,138.122691122514,               1349P   4824
72.8377179408534,-0.926487303620931,238.120141723574,               1349P   4825
66.8470552999657,-0.926487303620902,238.120141723574,               1349P   4826
72.8377179408534,-0.926487303620902,238.120141723574,               1349P   4827
66.8470552999657,99.0709632974389,238.120141723574,                 1349P   4828
72.8377179408534,99.0709632974389,238.120141723574,                 1349P   4829
66.8470552999657,199.068413898499,238.120141723574,                 1349P   4830
72.8377179408534,199.068413898499,138.122691122514,                 1349P   4831
66.8470552999658,199.068413898499,138.122691122514,                 1349P   4832
72.8377179408534,199.068413898499,-0.0299540768533559,              1349P   4833
0.0299540768533561,-3.14159265358979,3.14159265358979;              1349P   4834
128,4,8,2,2,0,1,0,0,1,1.56613852856301,1.56613852856301,            1351P   4835
1.56613852856301,2.3538655910764,2.3538655910764,                   1351P   4836
3.14159265358979,3.14159265358979,3.14159265358979,                 1351P   4837
-3.14159265358979,-3.14159265358979,-3.14159265358979,              1351P   4838
-1.5707963267949,-1.5707963267949,0.,0.,1.5707963267949,            1351P   4839
1.5707963267949,3.14159265358979,3.14159265358979,                  1351P   4840
3.14159265358979,1.,0.923433290694522,1.,0.923433290694585,1.,      1351P   4841
0.707106781186548,0.652965941823505,0.707106781186548,              1351P   4842
0.652965941823549,0.707106781186548,1.,0.923433290694522,1.,        1351P   4843
0.923433290694585,1.,0.707106781186548,0.652965941823505,           1351P   4844
0.707106781186548,0.652965941823549,0.707106781186548,1.,           1351P   4845
0.923433290694522,1.,0.923433290694585,1.,0.707106781186548,        1351P   4846
0.652965941823505,0.707106781186548,0.652965941823549,              1351P   4847
0.707106781186548,1.,0.923433290694522,1.,0.923433290694585,1.,     1351P   4848
0.707106781186548,0.652965941823505,0.707106781186548,              1351P   4849
0.652965941823549,0.707106781186548,1.,0.923433290694522,1.,        1351P   4850
0.923433290694585,1.,240.129457286354,64.8470769950109,             1351P   4851
99.0709632974389,239.298309384671,64.8432056477876,                 1351P   4852
99.0709632974389,238.709225554123,65.4295520150383,                 1351P   4853
99.0709632974389,238.120141723574,66.0158983822891,                 1351P   4854
99.0709632974389,238.120141723574,66.8470552999658,                 1351P   4855
99.0709632974389,240.129457286354,64.8470769950109,                 1351P   4856
201.077729461279,239.298309384671,64.8432056477876,                 1351P   4857
200.246581559595,238.709225554123,65.4295520150383,                 1351P   4858
199.657497729047,238.120141723574,66.0158983822891,                 1351P   4859
199.068413898499,238.120141723574,66.8470552999658,                 1351P   4860
199.068413898499,138.122691122514,64.8470769950109,                 1351P   4861
201.077729461279,138.122691122514,64.8432056477876,                 1351P   4862
200.246581559595,138.122691122514,65.4295520150384,                 1351P   4863
199.657497729047,138.122691122514,66.0158983822891,                 1351P   4864
199.068413898499,138.122691122514,66.8470552999658,                 1351P   4865
199.068413898499,36.1159249586746,64.8470769950109,                 1351P   4866
201.077729461279,36.9470728603578,64.8432056477876,                 1351P   4867
200.246581559595,37.5361566909062,65.4295520150384,                 1351P   4868
199.657497729047,38.1252405214546,66.0158983822891,                 1351P   4869
199.068413898499,38.1252405214546,66.8470552999658,                 1351P   4870
199.068413898499,36.1159249586745,64.8470769950109,                 1351P   4871
99.0709632974389,36.9470728603577,64.8432056477876,                 1351P   4872
99.0709632974389,37.5361566909062,65.4295520150384,                 1351P   4873
99.0709632974389,38.1252405214546,66.0158983822891,                 1351P   4874
99.0709632974389,38.1252405214546,66.8470552999658,                 1351P   4875
99.0709632974389,36.1159249586746,64.8470769950109,                 1351P   4876
-2.93580286640093,36.9470728603578,64.8432056477876,                1351P   4877
-2.10465496471771,37.5361566909062,65.4295520150384,                1351P   4878
-1.5155711341693,38.1252405214546,66.0158983822891,                 1351P   4879
-0.926487303620902,38.1252405214546,66.8470552999658,               1351P   4880
-0.926487303620902,138.122691122514,64.8470769950109,               1351P   4881
-2.93580286640096,138.122691122514,64.8432056477876,                1351P   4882
-2.10465496471774,138.122691122514,65.4295520150384,                1351P   4883
-1.51557113416933,138.122691122514,66.0158983822891,                1351P   4884
-0.926487303620931,138.122691122514,66.8470552999658,               1351P   4885
-0.926487303620931,240.129457286354,64.8470769950109,               1351P   4886
-2.93580286640093,239.298309384671,64.8432056477876,                1351P   4887
-2.10465496471771,238.709225554123,65.4295520150383,                1351P   4888
-1.5155711341693,238.120141723574,66.0158983822891,                 1351P   4889
-0.926487303620902,238.120141723574,66.8470552999658,               1351P   4890
-0.926487303620902,240.129457286354,64.8470769950109,               1351P   4891
99.0709632974389,239.298309384671,64.8432056477876,                 1351P   4892
99.0709632974389,238.709225554123,65.4295520150383,                 1351P   4893
99.0709632974389,238.120141723574,66.0158983822891,                 1351P   4894
99.0709632974389,238.120141723574,66.8470552999658,                 1351P   4895
99.0709632974389,1.56613852856301,3.14159265358979,                 1351P   4896
-3.14159265358979,3.14159265358979;                                 1351P   4897
128,1,8,1,2,0,1,0,0,1,-0.0104611259381473,-0.0104611259381473,      1353P   4898
0.0104611259381472,0.0104611259381472,-3.14159265358979,            1353P   4899
-3.14159265358979,-3.14159265358979,-1.5707963267949,               1353P   4900
-1.5707963267949,0.,0.,1.5707963267949,1.5707963267949,             1353P   4901
3.14159265358979,3.14159265358979,3.14159265358979,1.,1.,           1353P   4902
0.707106781186548,0.707106781186548,1.,1.,0.707106781186548,        1353P   4903
0.707106781186548,1.,1.,0.707106781186548,0.707106781186548,1.,     1353P   4904
1.,0.707106781186548,0.707106781186548,1.,1.,138.122691122514,      1353P   4905
64.8571227734895,203.234479352628,138.122691122514,                 1353P   4906
64.8470769950109,201.077729461279,33.9591750673249,                 1353P   4907
64.8571227734896,203.234479352628,36.1159249586746,                 1353P   4908
64.8470769950109,201.077729461279,33.9591750673249,                 1353P   4909
64.8571227734896,99.0709632974389,36.1159249586746,                 1353P   4910
64.8470769950109,99.0709632974389,33.9591750673249,                 1353P   4911
64.8571227734896,-5.09255275775059,36.1159249586746,                1353P   4912
64.8470769950109,-2.93580286640089,138.122691122514,                1353P   4913
64.8571227734895,-5.09255275775062,138.122691122514,                1353P   4914
64.8470769950109,-2.93580286640092,242.286207177704,                1353P   4915
64.8571227734895,-5.09255275775059,240.129457286354,                1353P   4916
64.8470769950109,-2.93580286640089,242.286207177704,                1353P   4917
64.8571227734895,99.0709632974389,240.129457286354,                 1353P   4918
64.8470769950109,99.0709632974389,242.286207177704,                 1353P   4919
64.8571227734895,203.234479352628,240.129457286354,                 1353P   4920
64.8470769950109,201.077729461279,138.122691122514,                 1353P   4921
64.8571227734895,203.234479352628,138.122691122514,                 1353P   4922
64.8470769950109,201.077729461279,-0.0104611259381473,              1353P   4923
0.0104611259381472,-3.14159265358979,3.14159265358979;              1353P   4924
128,2,8,2,2,0,1,0,0,1,-1.57545412502677,-1.57545412502677,          1355P   4925
-1.57545412502677,-0.785398163397445,-0.785398163397445,            1355P   4926
-0.785398163397445,-3.14159265358979,-3.14159265358979,             1355P   4927
-3.14159265358979,-1.5707963267949,-1.5707963267949,0.,0.,          1355P   4928
1.5707963267949,1.5707963267949,3.14159265358979,                   1355P   4929
3.14159265358979,3.14159265358979,1.,0.922985796755199,1.,          1355P   4930
0.707106781186548,0.65264951582447,0.707106781186548,1.,            1355P   4931
0.922985796755199,1.,0.707106781186548,0.65264951582447,            1355P   4932
0.707106781186548,1.,0.922985796755199,1.,0.707106781186548,        1355P   4933
0.65264951582447,0.707106781186548,1.,0.922985796755199,1.,         1355P   4934
0.707106781186548,0.65264951582447,0.707106781186548,1.,            1355P   4935
0.922985796755199,1.,243.709736302857,64.2713580309078,             1355P   4936
99.0709632974389,243.120087485961,64.8610068478034,                 1355P   4937
99.0709632974389,242.286207177704,64.8571227734895,                 1355P   4938
99.0709632974389,243.709736302857,64.2713580309078,                 1355P   4939
204.658008477781,243.120087485961,64.8610068478034,                 1355P   4940
204.068359660886,242.286207177704,64.8571227734895,                 1355P   4941
203.234479352628,138.122691122514,64.2713580309078,                 1355P   4942
204.658008477781,138.122691122514,64.8610068478034,                 1355P   4943
204.068359660886,138.122691122514,64.8571227734896,                 1355P   4944
203.234479352628,32.5356459421718,64.2713580309078,                 1355P   4945
204.658008477781,33.1252947590674,64.8610068478034,                 1355P   4946
204.068359660886,33.9591750673249,64.8571227734896,                 1355P   4947
203.234479352628,32.5356459421718,64.2713580309078,                 1355P   4948
99.0709632974389,33.1252947590674,64.8610068478034,                 1355P   4949
99.0709632974389,33.9591750673249,64.8571227734896,                 1355P   4950
99.0709632974389,32.5356459421718,64.2713580309078,                 1355P   4951
-6.51608188290369,33.1252947590674,64.8610068478034,                1355P   4952
-5.92643306600804,33.9591750673249,64.8571227734896,                1355P   4953
-5.09255275775057,138.122691122514,64.2713580309078,                1355P   4954
-6.51608188290372,138.122691122514,64.8610068478034,                1355P   4955
-5.92643306600807,138.122691122514,64.8571227734896,                1355P   4956
-5.09255275775059,243.709736302857,64.2713580309078,                1355P   4957
-6.51608188290369,243.120087485961,64.8610068478034,                1355P   4958
-5.92643306600804,242.286207177704,64.8571227734895,                1355P   4959
-5.09255275775057,243.709736302857,64.2713580309078,                1355P   4960
99.0709632974389,243.120087485961,64.8610068478034,                 1355P   4961
99.0709632974389,242.286207177704,64.8571227734895,                 1355P   4962
99.0709632974389,-1.57545412502677,-0.785398163397445,              1355P   4963
-3.14159265358979,3.14159265358979;                                 1355P   4964
128,1,8,1,2,0,1,0,0,1,-0.0421129273191581,-0.0421129273191581,      1357P   4965
0.0421129273191578,0.0421129273191578,-3.14159265358979,            1357P   4966
-3.14159265358979,-3.14159265358979,-1.5707963267949,               1357P   4967
-1.5707963267949,0.,0.,1.5707963267949,1.5707963267949,             1357P   4968
3.14159265358979,3.14159265358979,3.14159265358979,1.,1.,           1357P   4969
0.707106781186548,0.707106781186548,1.,1.,0.707106781186548,        1357P   4970
0.707106781186548,1.,1.,0.707106781186548,0.707106781186548,1.,     1357P   4971
1.,0.707106781186548,0.707106781186548,1.,1.,138.122691122514,      1357P   4972
57.7899390359379,211.139427472751,138.122691122514,                 1357P   4973
64.2713580309078,204.658008477781,26.0542269472019,                 1357P   4974
57.7899390359379,211.139427472751,32.5356459421718,                 1357P   4975
64.2713580309078,204.658008477781,26.0542269472019,                 1357P   4976
57.7899390359379,99.0709632974389,32.5356459421718,                 1357P   4977
64.2713580309078,99.0709632974389,26.0542269472019,                 1357P   4978
57.7899390359379,-12.9975008778736,32.5356459421718,                1357P   4979
64.2713580309078,-6.51608188290365,138.122691122514,                1357P   4980
57.7899390359379,-12.9975008778736,138.122691122514,                1357P   4981
64.2713580309078,-6.51608188290368,250.191155297827,                1357P   4982
57.7899390359379,-12.9975008778736,243.709736302857,                1357P   4983
64.2713580309078,-6.51608188290365,250.191155297827,                1357P   4984
57.7899390359379,99.0709632974389,243.709736302857,                 1357P   4985
64.2713580309078,99.0709632974389,250.191155297827,                 1357P   4986
57.7899390359379,211.139427472751,243.709736302857,                 1357P   4987
64.2713580309078,204.658008477781,138.122691122514,                 1357P   4988
57.7899390359379,211.139427472751,138.122691122514,                 1357P   4989
64.2713580309078,204.658008477781,-0.0421129273191581,              1357P   4990
0.0421129273191578,-3.14159265358979,3.14159265358979;              1357P   4991
128,1,8,1,2,0,1,0,0,1,-0.0135125634946557,-0.0135125634946557,      1359P   4992
0.0135125634946555,0.0135125634946555,-3.14159265358979,            1359P   4993
-3.14159265358979,-3.14159265358979,-1.5707963267949,               1359P   4994
-1.5707963267949,0.,0.,1.5707963267949,1.5707963267949,             1359P   4995
3.14159265358979,3.14159265358979,3.14159265358979,1.,1.,           1359P   4996
0.707106781186548,0.707106781186548,1.,1.,0.707106781186548,        1359P   4997
0.707106781186548,1.,1.,0.707106781186548,0.707106781186548,1.,     1359P   4998
1.,0.707106781186548,0.707106781186548,1.,1.,138.122691122514,      1359P   4999
55.6686186923783,209.018107129192,138.122691122514,                 1359P   5000
57.789939035938,211.139427472751,28.1755472907616,                  1359P   5001
55.6686186923783,209.018107129192,26.0542269472019,                 1359P   5002
57.789939035938,211.139427472751,28.1755472907616,                  1359P   5003
55.6686186923783,99.0709632974389,26.0542269472019,                 1359P   5004
57.789939035938,99.0709632974389,28.1755472907616,                  1359P   5005
55.6686186923783,-10.8761805343139,26.0542269472019,                1359P   5006
57.789939035938,-12.9975008778736,138.122691122514,                 1359P   5007
55.6686186923783,-10.8761805343139,138.122691122514,                1359P   5008
57.789939035938,-12.9975008778736,248.069834954267,                 1359P   5009
55.6686186923783,-10.8761805343139,250.191155297827,                1359P   5010
57.789939035938,-12.9975008778736,248.069834954267,                 1359P   5011
55.6686186923783,99.0709632974389,250.191155297827,                 1359P   5012
57.789939035938,99.0709632974389,248.069834954267,                  1359P   5013
55.6686186923783,209.018107129192,250.191155297827,                 1359P   5014
57.789939035938,211.139427472751,138.122691122514,                  1359P   5015
55.6686186923783,209.018107129192,138.122691122514,                 1359P   5016
57.789939035938,211.139427472751,-0.0135125634946557,               1359P   5017
0.0135125634946555,-3.14159265358979,3.14159265358979;              1359P   5018
128,2,8,2,2,0,1,0,0,1,0.785398163397432,0.785398163397432,          1361P   5019
0.785398163397432,2.35619449019235,2.35619449019235,                1361P   5020
2.35619449019235,-3.14159265358979,-3.14159265358979,               1361P   5021
-3.14159265358979,-1.5707963267949,-1.5707963267949,0.,0.,          1361P   5022
1.5707963267949,1.5707963267949,3.14159265358979,                   1361P   5023
3.14159265358979,3.14159265358979,1.,0.707106781186544,1.,          1361P   5024
0.707106781186548,0.499999999999998,0.707106781186548,1.,           1361P   5025
0.707106781186544,1.,0.707106781186548,0.499999999999998,           1361P   5026
0.707106781186548,1.,0.707106781186544,1.,0.707106781186548,        1361P   5027
0.499999999999998,0.707106781186548,1.,0.707106781186544,1.,        1361P   5028
0.707106781186548,0.499999999999998,0.707106781186548,1.,           1361P   5029
0.707106781186544,1.,245.241407829521,55.6686186923783,             1361P   5030
99.0709632974389,246.655621391894,54.2544051300052,                 1361P   5031
99.0709632974389,248.069834954267,55.6686186923783,                 1361P   5032
99.0709632974389,245.241407829521,55.6686186923783,                 1361P   5033
206.189680004445,246.655621391894,54.2544051300052,                 1361P   5034
207.603893566819,248.069834954267,55.6686186923783,                 1361P   5035
209.018107129192,138.122691122514,55.6686186923783,                 1361P   5036
206.189680004445,138.122691122514,54.2544051300052,                 1361P   5037
207.603893566819,138.122691122514,55.6686186923783,                 1361P   5038
209.018107129192,31.0039744155078,55.6686186923783,                 1361P   5039
206.189680004445,29.5897608531347,54.2544051300052,                 1361P   5040
207.603893566819,28.1755472907616,55.6686186923783,                 1361P   5041
209.018107129192,31.0039744155078,55.6686186923783,                 1361P   5042
99.0709632974389,29.5897608531346,54.2544051300052,                 1361P   5043
99.0709632974389,28.1755472907615,55.6686186923783,                 1361P   5044
99.0709632974389,31.0039744155078,55.6686186923783,                 1361P   5045
-8.0477534095677,29.5897608531347,54.2544051300052,                 1361P   5046
-9.46196697194083,28.1755472907616,55.6686186923783,                1361P   5047
-10.8761805343139,138.122691122514,55.6686186923783,                1361P   5048
-8.04775340956773,138.122691122514,54.2544051300052,                1361P   5049
-9.46196697194086,138.122691122514,55.6686186923783,                1361P   5050
-10.8761805343139,245.241407829521,55.6686186923783,                1361P   5051
-8.0477534095677,246.655621391894,54.2544051300052,                 1361P   5052
-9.46196697194083,248.069834954267,55.6686186923783,                1361P   5053
-10.8761805343139,245.241407829521,55.6686186923783,                1361P   5054
99.0709632974389,246.655621391894,54.2544051300052,                 1361P   5055
99.0709632974389,248.069834954267,55.6686186923783,                 1361P   5056
99.0709632974389,0.785398163397432,2.35619449019235,                1361P   5057
-3.14159265358979,3.14159265358979;                                 1361P   5058
128,1,8,1,2,0,1,0,0,1,-0.0281606485419715,-0.0281606485419715,      1363P   5059
0.0281606485419717,0.0281606485419717,-3.14159265358979,            1363P   5060
-3.14159265358979,-3.14159265358979,-1.5707963267949,               1363P   5061
-1.5707963267949,0.,0.,1.5707963267949,1.5707963267949,             1363P   5062
3.14159265358979,3.14159265358979,3.14159265358979,1.,1.,           1363P   5063
0.707106781186548,0.707106781186548,1.,1.,0.707106781186548,        1363P   5064
0.707106781186548,1.,1.,0.707106781186548,0.707106781186548,1.,     1363P   5065
1.,0.707106781186548,0.707106781186548,1.,1.,138.122691122514,      1363P   5066
59.8513508996316,202.006947797192,138.122691122514,                 1363P   5067
55.6686186923783,206.189680004446,35.1867066227611,                 1363P   5068
59.8513508996316,202.006947797192,31.0039744155078,                 1363P   5069
55.6686186923783,206.189680004445,35.1867066227611,                 1363P   5070
59.8513508996316,99.0709632974389,31.0039744155077,                 1363P   5071
55.6686186923783,99.0709632974389,35.1867066227611,                 1363P   5072
59.8513508996316,-3.86502120231439,31.0039744155078,                1363P   5073
55.6686186923783,-8.04775340956773,138.122691122514,                1363P   5074
59.8513508996316,-3.86502120231442,138.122691122514,                1363P   5075
55.6686186923783,-8.04775340956776,241.058675622268,                1363P   5076
59.8513508996316,-3.86502120231439,245.241407829521,                1363P   5077
55.6686186923783,-8.04775340956773,241.058675622268,                1363P   5078
59.8513508996316,99.0709632974389,245.241407829521,                 1363P   5079
55.6686186923783,99.0709632974389,241.058675622268,                 1363P   5080
59.8513508996316,202.006947797192,245.241407829521,                 1363P   5081
55.6686186923783,206.189680004445,138.122691122514,                 1363P   5082
59.8513508996316,202.006947797192,138.122691122514,                 1363P   5083
55.6686186923783,206.189680004446,-0.0281606485419715,              1363P   5084
0.0281606485419717,-3.14159265358979,3.14159265358979;              1363P   5085
128,1,8,1,2,0,1,0,0,1,-0.00441994809510032,-0.00441994809510032,    1365P   5086
0.0044199480951,0.0044199480951,-3.14159265358979,                  1365P   5087
-3.14159265358979,-3.14159265358979,-1.5707963267949,               1365P   5088
-1.5707963267949,0.,0.,1.5707963267949,1.5707963267949,             1365P   5089
3.14159265358979,3.14159265358979,3.14159265358979,1.,1.,           1365P   5090
0.707106781186548,0.707106781186548,1.,1.,0.707106781186548,        1365P   5091
0.707106781186548,1.,1.,0.707106781186548,0.707106781186548,1.,     1365P   5092
1.,0.707106781186548,0.707106781186548,1.,1.,138.122691122514,      1365P   5093
59.8471312326238,201.101018368229,138.122691122514,                 1365P   5094
59.8513508996316,202.006947797192,36.0926360517246,                 1365P   5095
59.8471312326238,201.101018368229,35.1867066227611,                 1365P   5096
59.8513508996316,202.006947797192,36.0926360517245,                 1365P   5097
59.8471312326238,99.0709632974389,35.186706622761,                  1365P   5098
59.8513508996316,99.0709632974389,36.0926360517246,                 1365P   5099
59.8471312326238,-2.95909177335092,35.1867066227611,                1365P   5100
59.8513508996316,-3.86502120231442,138.122691122514,                1365P   5101
59.8471312326238,-2.95909177335095,138.122691122514,                1365P   5102
59.8513508996316,-3.86502120231445,240.152746193304,                1365P   5103
59.8471312326238,-2.95909177335092,241.058675622268,                1365P   5104
59.8513508996316,-3.86502120231442,240.152746193304,                1365P   5105
59.8471312326238,99.0709632974389,241.058675622268,                 1365P   5106
59.8513508996316,99.0709632974389,240.152746193304,                 1365P   5107
59.8471312326238,201.101018368229,241.058675622268,                 1365P   5108
59.8513508996316,202.006947797192,138.122691122514,                 1365P   5109
59.8471312326238,201.101018368229,138.122691122514,                 1365P   5110
59.8513508996316,202.006947797192,-0.00441994809510032,             1365P   5111
0.0044199480951,-3.14159265358979,3.14159265358979;                 1365P   5112
128,4,8,2,2,0,1,0,0,1,1.56613852856302,1.56613852856302,            1367P   5113
1.56613852856302,2.35386559107641,2.35386559107641,                 1367P   5114
3.14159265358979,3.14159265358979,3.14159265358979,                 1367P   5115
-3.14159265358979,-3.14159265358979,-3.14159265358979,              1367P   5116
-1.5707963267949,-1.5707963267949,0.,0.,1.5707963267949,            1367P   5117
1.5707963267949,3.14159265358979,3.14159265358979,                  1367P   5118
3.14159265358979,1.,0.923433290694506,1.,0.923433290694536,1.,      1367P   5119
0.707106781186548,0.652965941823494,0.707106781186548,              1367P   5120
0.652965941823515,0.707106781186548,1.,0.923433290694506,1.,        1367P   5121
0.923433290694536,1.,0.707106781186548,0.652965941823494,           1367P   5122
0.707106781186548,0.652965941823515,0.707106781186548,1.,           1367P   5123
0.923433290694506,1.,0.923433290694536,1.,0.707106781186548,        1367P   5124
0.652965941823494,0.707106781186548,0.652965941823515,              1367P   5125
0.707106781186548,1.,0.923433290694506,1.,0.923433290694536,1.,     1367P   5126
0.707106781186548,0.652965941823494,0.707106781186548,              1367P   5127
0.652965941823515,0.707106781186548,1.,0.923433290694506,1.,        1367P   5128
0.923433290694536,1.,233.120141723574,66.8470552999657,             1367P   5129
99.0709632974389,233.120141723574,63.9380060880975,                 1367P   5130
99.0709632974389,235.181935130494,61.8857938027198,                 1367P   5131
99.0709632974389,237.243728537413,59.8335815173421,                 1367P   5132
99.0709632974389,240.152746193304,59.8471312326238,                 1367P   5133
99.0709632974389,233.120141723574,66.8470552999657,                 1367P   5134
194.068413898499,233.120141723574,63.9380060880975,                 1367P   5135
194.068413898499,235.181935130494,61.8857938027198,                 1367P   5136
196.130207305418,237.243728537413,59.8335815173421,                 1367P   5137
198.192000712337,240.152746193304,59.8471312326238,                 1367P   5138
201.101018368229,138.122691122514,66.8470552999658,                 1367P   5139
194.068413898499,138.122691122514,63.9380060880975,                 1367P   5140
194.068413898499,138.122691122514,61.8857938027198,                 1367P   5141
196.130207305418,138.122691122514,59.8335815173421,                 1367P   5142
198.192000712337,138.122691122514,59.8471312326238,                 1367P   5143
201.101018368229,43.1252405214546,66.8470552999658,                 1367P   5144
194.068413898499,43.1252405214546,63.9380060880975,                 1367P   5145
194.068413898499,41.0634471145352,61.8857938027198,                 1367P   5146
196.130207305418,39.0016537076158,59.8335815173421,                 1367P   5147
198.192000712337,36.0926360517245,59.8471312326238,                 1367P   5148
201.101018368229,43.1252405214546,66.8470552999658,                 1367P   5149
99.0709632974389,43.1252405214546,63.9380060880975,                 1367P   5150
99.0709632974389,41.0634471145352,61.8857938027198,                 1367P   5151
99.0709632974389,39.0016537076158,59.8335815173421,                 1367P   5152
99.0709632974389,36.0926360517245,59.8471312326238,                 1367P   5153
99.0709632974389,43.1252405214546,66.8470552999658,                 1367P   5154
4.07351269637907,43.1252405214546,63.9380060880975,                 1367P   5155
4.07351269637907,41.0634471145352,61.8857938027198,                 1367P   5156
2.01171928945969,39.0016537076158,59.8335815173421,                 1367P   5157
-0.0500741174596868,36.0926360517245,59.8471312326238,              1367P   5158
-2.95909177335095,138.122691122514,66.8470552999658,                1367P   5159
4.07351269637906,138.122691122514,63.9380060880975,                 1367P   5160
4.07351269637906,138.122691122514,61.8857938027198,                 1367P   5161
2.01171928945966,138.122691122514,59.8335815173421,                 1367P   5162
-0.0500741174597152,138.122691122514,59.8471312326238,              1367P   5163
-2.95909177335098,233.120141723574,66.8470552999657,                1367P   5164
4.07351269637907,233.120141723574,63.9380060880975,                 1367P   5165
4.07351269637907,235.181935130494,61.8857938027198,                 1367P   5166
2.01171928945969,237.243728537413,59.8335815173421,                 1367P   5167
-0.0500741174596868,240.152746193304,59.8471312326238,              1367P   5168
-2.95909177335095,233.120141723574,66.8470552999657,                1367P   5169
99.0709632974389,233.120141723574,63.9380060880975,                 1367P   5170
99.0709632974389,235.181935130494,61.8857938027198,                 1367P   5171
99.0709632974389,237.243728537413,59.8335815173421,                 1367P   5172
99.0709632974389,240.152746193304,59.8471312326238,                 1367P   5173
99.0709632974389,1.56613852856302,3.14159265358979,                 1367P   5174
-3.14159265358979,3.14159265358979;                                 1367P   5175
128,1,8,1,2,0,1,0,0,1,-0.0172765620951919,-0.0172765620951919,      1369P   5176
0.0172765620951919,0.0172765620951919,-3.14159265358979,            1369P   5177
-3.14159265358979,-3.14159265358979,-1.5707963267949,               1369P   5178
-1.5707963267949,0.,0.,1.5707963267949,1.5707963267949,             1369P   5179
3.14159265358979,3.14159265358979,3.14159265358979,1.,1.,           1369P   5180
0.707106781186548,0.707106781186548,1.,1.,0.707106781186548,        1369P   5181
0.707106781186548,1.,1.,0.707106781186548,0.707106781186548,1.,     1369P   5182
1.,0.707106781186548,0.707106781186548,1.,1.,138.122691122514,      1369P   5183
70.129514008354,194.068413898499,138.122691122514,                  1369P   5184
66.8470552999658,194.068413898499,43.1252405214546,                 1369P   5185
70.1295140083541,194.068413898499,43.1252405214546,                 1369P   5186
66.8470552999658,194.068413898499,43.1252405214546,                 1369P   5187
70.1295140083541,99.0709632974389,43.1252405214546,                 1369P   5188
66.8470552999658,99.0709632974389,43.1252405214546,                 1369P   5189
70.1295140083541,4.07351269637907,43.1252405214546,                 1369P   5190
66.8470552999658,4.07351269637907,138.122691122514,                 1369P   5191
70.129514008354,4.07351269637906,138.122691122514,                  1369P   5192
66.8470552999658,4.07351269637906,233.120141723574,                 1369P   5193
70.129514008354,4.07351269637907,233.120141723574,                  1369P   5194
66.8470552999657,4.07351269637907,233.120141723574,                 1369P   5195
70.129514008354,99.0709632974389,233.120141723574,                  1369P   5196
66.8470552999657,99.0709632974389,233.120141723574,                 1369P   5197
70.129514008354,194.068413898499,233.120141723574,                  1369P   5198
66.8470552999657,194.068413898499,138.122691122514,                 1369P   5199
70.129514008354,194.068413898499,138.122691122514,                  1369P   5200
66.8470552999658,194.068413898499,-0.0172765620951919,              1369P   5201
0.0172765620951919,-3.14159265358979,3.14159265358979;              1369P   5202
128,1,1,1,1,0,0,1,0,0,-41.1527983073283,-41.1527983073283,          1371P   5203
41.1527983073283,41.1527983073283,-52.3045966146565,                1371P   5204
-52.3045966146565,30.001,30.001,1.,1.,1.,1.,179.275489429843,       1371P   5205
115.551772062477,140.223761604767,96.9698928151861,                 1371P   5206
115.551772062477,140.223761604767,179.275489429843,                 1371P   5207
115.551772062477,57.9181649901106,96.9698928151861,                 1371P   5208
115.551772062477,57.9181649901106,-41.1527983073283,                1371P   5209
41.1527983073283,-52.3045966146565,30.001;                          1371P   5210
502,242,126.070678813404,125.551772062477,120.974136567562,         1373P   5211
128.512407460586,125.551772062477,122.15001111006,                  1373P   5212
126.070678813404,115.551772062477,120.974136567562,                 1373P   5213
128.512407460586,115.551772062477,122.15001111006,                  1373P   5214
162.158531143989,125.551772062477,105.946891922874,                 1373P   5215
162.761588317656,125.551772062477,103.304725809346,                 1373P   5216
162.158531143989,115.551772062477,105.946891922874,                 1373P   5217
162.761588317656,115.551772062477,103.304725809346,                 1373P   5218
139.477748291619,125.551772062477,74.1077139082176,                 1373P   5219
136.76763395341,125.551772062477,74.1077139082176,                  1373P   5220
139.477748291619,115.551772062477,74.1077139082176,                 1373P   5221
136.76763395341,115.551772062477,74.1077139082176,                  1373P   5222
48.5086439068116,159.658488866523,107.396979248769,                 1373P   5223
60.9957473873441,159.658488866523,52.6874042482252,                 1373P   5224
48.5086439068116,76.6488129760487,107.396979248769,                 1373P   5225
60.9957473873442,76.6488129760492,52.6874042482252,                 1373P   5226
80.0134321932285,158.589074982964,60.2919387263638,                 1373P   5227
60.9981455892982,76.8377179408534,52.6883632087734,                 1373P   5228
60.9981455892982,152.837717940853,52.6883632087734,                 1373P   5229
80.0134321932285,149.592226300318,60.2919387263638,                 1373P   5230
95.6193408451623,145.854247351665,72.7372355856106,                 1373P   5231
95.6193408451623,131.827577882118,72.7372355856106,                 1373P   5232
88.4027194965567,145.854247351665,104.355319598255,                 1373P   5233
88.4027194965567,131.827577882118,104.355319598255,                 1373P   5234
68.9424697101176,158.589074982964,108.796994622012,                 1373P   5235
68.9424697101176,149.592226300318,108.796994622012,                 1373P   5236
48.5112206894995,152.837717940853,107.397155796,                    1373P   5237
48.5112206894995,76.8377179408534,107.397155796,166.18095795278,    1373P   5238
159.658488866523,184.585486405982,110.064424292248,                 1373P   5239
159.658488866523,184.585486405982,166.18095795278,                  1373P   5240
76.6488129760471,184.585486405982,110.064424292248,                 1373P   5241
76.6488129760477,184.585486405982,113.246464229442,                 1373P   5242
158.589074982964,164.352446549271,110.064825559515,                 1373P   5243
76.8377179408534,184.582934943161,110.064825559515,                 1373P   5244
152.837717940853,184.582934943161,113.246464229442,                 1373P   5245
149.592226300318,164.352446549271,121.907090144446,                 1373P   5246
145.854247351665,146.368471529058,121.907090144446,                 1373P   5247
131.827577882118,146.368471529058,154.338292100583,                 1373P   5248
145.854247351665,146.368471529058,154.338292100583,                 1373P   5249
131.827577882118,146.368471529058,162.998918015586,                 1373P   5250
158.589074982964,164.352446549271,162.998918015586,                 1373P   5251
149.592226300318,164.352446549271,166.180556685514,                 1373P   5252
152.837717940853,184.582934943161,166.180556685514,                 1373P   5253
76.8377179408534,184.582934943161,196.2319500518,                   1373P   5254
158.589074982964,60.2919387263638,215.249634857685,                 1373P   5255
159.658488866523,52.6874042482253,196.2319500518,                   1373P   5256
149.592226300318,60.2919387263638,215.24723665573,                  1373P   5257
152.837717940853,52.6883632087734,215.247236655731,                 1373P   5258
76.8377179408534,52.6883632087734,215.249634857685,                 1373P   5259
76.6488129760482,52.6874042482253,180.626041399866,                 1373P   5260
145.854247351665,72.7372355856106,180.626041399866,                 1373P   5261
131.827577882118,72.7372355856106,187.842662748472,                 1373P   5262
145.854247351665,104.355319598255,187.842662748472,                 1373P   5263
131.827577882118,104.355319598255,227.736738338217,                 1373P   5264
159.658488866523,107.396979248769,228.122691122514,                 1373P   5265
76.6488129760719,99.0709632974389,227.736738338217,                 1373P   5266
76.6488129760492,107.396979248769,207.302912534911,                 1373P   5267
158.589074982964,108.796994622012,227.734161555529,                 1373P   5268
76.8377179408534,107.397155796,227.734161555529,                    1373P   5269
152.837717940853,107.397155796,207.302912534911,                    1373P   5270
149.592226300318,108.796994622012,144.034559189425,                 1373P   5271
158.589074982964,29.4609888975423,149.946427256335,                 1373P   5272
159.658488866523,9.85101449764533,144.034559189425,                 1373P   5273
149.592226300318,29.4609888975423,149.945681747421,                 1373P   5274
152.837717940853,9.85348738955654,149.945681747421,                 1373P   5275
76.8377179408534,9.85348738955652,149.946427256335,                 1373P   5276
76.6488129760477,9.85101449764533,144.034559189425,                 1373P   5277
145.854247351665,49.4216952669889,144.034559189425,                 1373P   5278
131.827577882118,49.4216952669889,173.254062500561,                 1373P   5279
145.854247351665,63.4930664357946,173.254062500561,                 1373P   5280
131.827577882118,63.4930664357946,200.505677059073,                 1373P   5281
159.658488866523,34.1990659485933,200.505677059073,                 1373P   5282
76.6488129760482,34.1990659485933,188.859971152494,                 1373P   5283
158.589074982964,51.0477695765478,200.504208491529,                 1373P   5284
76.8377179408534,34.2011906338206,200.504208491529,                 1373P   5285
152.837717940853,34.2011906338206,188.859971152494,                 1373P   5286
149.592226300318,51.0477695765478,187.486594270511,                 1373P   5287
159.658488866523,174.325232717819,173.651736174452,                 1373P   5288
158.589074982964,159.222319705189,187.486594270511,                 1373P   5289
76.6488129760476,174.325232717819,187.4848496426,                   1373P   5290
76.8377179408534,174.323328183389,187.4848496426,                   1373P   5291
152.837717940853,174.323328183389,173.651736174452,                 1373P   5292
149.592226300318,159.222319705189,204.67188372756,                  1373P   5293
158.589074982964,120.324285005146,222.474680723515,                 1373P   5294
159.658488866523,130.451560015038,204.67188372756,                  1373P   5295
149.592226300318,120.324285005146,222.472435723507,                 1373P   5296
152.837717940853,130.450282927371,222.472435723507,                 1373P   5297
76.8377179408534,130.450282927371,222.474680723515,                 1373P   5298
76.6488129760487,130.451560015038,164.991110259448,                 1373P   5299
145.854247351665,141.238344684976,164.991110259448,                 1373P   5300
131.827577882118,141.238344684976,185.211633941121,                 1373P   5301
145.854247351665,115.882609981389,185.211633941121,                 1373P   5302
131.827577882118,115.882609981389,88.7587879745173,                 1373P   5303
159.658488866523,174.325232717819,53.7707015215133,                 1373P   5304
159.658488866523,130.451560015038,88.7587879745173,                 1373P   5305
76.6488129760497,174.325232717819,53.7707015215133,                 1373P   5306
76.6488129760482,130.451560015038,71.5734985174683,                 1373P   5307
158.589074982964,120.324285005146,53.7729465215214,                 1373P   5308
76.8377179408534,130.450282927371,53.7729465215215,                 1373P   5309
152.837717940853,130.450282927371,71.5734985174683,                 1373P   5310
149.592226300318,120.324285005146,91.0337483039076,                 1373P   5311
145.854247351665,115.882609981389,91.0337483039076,                 1373P   5312
131.827577882118,115.882609981389,111.25427198558,                  1373P   5313
145.854247351665,141.238344684976,111.25427198558,                  1373P   5314
131.827577882118,141.238344684976,102.593646070577,                 1373P   5315
158.589074982964,159.222319705189,102.593646070577,                 1373P   5316
149.592226300318,159.222319705189,88.7605326024286,                 1373P   5317
152.837717940853,174.323328183389,88.7605326024286,                 1373P   5318
76.8377179408534,174.323328183389,119.450501171192,                 1373P   5319
125.551772062477,82.4472055266537,117.760772519446,                 1373P   5320
125.551772062477,84.566058237356,119.450501171192,                  1373P   5321
115.551772062477,82.4472055266537,117.760772519446,                 1373P   5322
115.551772062477,84.566058237356,158.484609725581,                  1373P   5323
125.551772062477,84.5660582373534,156.794881073839,                 1373P   5324
125.551772062477,82.447205526656,158.484609725581,                  1373P   5325
115.551772062477,84.5660582373534,156.794881073839,                 1373P   5326
115.551772062477,82.447205526656,147.732974784444,                  1373P   5327
125.551772062477,122.150011110059,150.174703431634,                 1373P   5328
125.551772062477,120.974136567557,147.732974784444,                 1373P   5329
115.551772062477,122.150011110059,150.174703431634,                 1373P   5330
115.551772062477,120.974136567557,114.08685110104,                  1373P   5331
125.551772062477,105.946891922874,113.483793927373,                 1373P   5332
125.551772062477,103.304725809351,114.08685110104,                  1373P   5333
115.551772062477,105.946891922874,113.483793927373,                 1373P   5334
115.551772062477,103.304725809351,233.120141723574,                 1373P   5335
70.129514008354,99.0709632974389,138.122691122514,                  1373P   5336
70.129514008354,194.068413898499,138.122691122514,                  1373P   5337
70.129514008354,4.07351269637906,126.299700497608,                  1373P   5338
76.8377179408534,9.85348738955649,126.298954988693,                 1373P   5339
76.6488129760482,9.85101449764533,75.739705185956,                  1373P   5340
76.6488129760477,34.1990659485932,75.7411737534997,                 1373P   5341
76.8377179408534,34.2011906338205,75.7411737534997,                 1373P   5342
152.837717940853,34.2011906338206,87.3854110925346,                 1373P   5343
149.592226300318,51.0477695765478,102.991319744468,                 1373P   5344
131.827577882118,63.4930664357946,132.210823055604,                 1373P   5345
131.827577882118,49.4216952669891,132.210823055604,                 1373P   5346
149.592226300318,29.4609888975422,126.299700497608,                 1373P   5347
152.837717940853,9.85348738955652,138.122691122514,                 1373P   5348
152.837717940853,9.07351269637908,138.122691122514,                 1373P   5349
115.551772062477,57.9191649901106,132.210823055604,                 1373P   5350
145.854247351665,49.4216952669891,102.991319744468,                 1373P   5351
145.854247351665,63.4930664357946,87.3854110925346,                 1373P   5352
158.589074982964,51.0477695765478,75.739705185956,                  1373P   5353
159.658488866523,34.1990659485932,126.298954988693,                 1373P   5354
159.658488866523,9.85101449764533,132.210823055604,                 1373P   5355
158.589074982964,29.4609888975422,138.122691122514,                 1373P   5356
115.551772062477,87.9191649901106,138.122691122514,                 1373P   5357
115.551772062477,110.222761604767,138.122691122514,                 1373P   5358
133.551795372091,110.222761604767,149.274489429843,                 1373P   5359
133.551795372091,99.0709632974389,138.122691122514,                 1373P   5360
133.551795372091,87.9191649901106,147.274489429843,                 1373P   5361
135.551795372091,99.0709632974389,138.122691122514,                 1373P   5362
135.551795372091,89.9191649901106,138.122691122514,                 1373P   5363
135.551795372091,99.0556958289258,138.122691122514,                 1373P   5364
135.551795372091,99.0862307659519,138.122691122514,                 1373P   5365
140.551772062477,99.0709632974389,138.122691122514,                 1373P   5366
140.551772062477,84.0709632974389,153.122691122514,                 1373P   5367
140.551772062477,99.0709632974389,158.122691122514,                 1373P   5368
135.551772062477,99.0709632974389,138.122691122514,                 1373P   5369
135.551772062477,79.0709632974389,138.122691122514,                 1373P   5370
135.551772062477,119.070963297439,138.122691122514,                 1373P   5371
125.551772062477,79.0709632974389,138.122691122514,                 1373P   5372
125.551772062477,119.070963297439,138.122691122514,                 1373P   5373
125.551772062477,57.9191649901106,138.122691122514,                 1373P   5374
159.545921873353,4.0735126963791,138.122691122514,                  1373P   5375
159.545921873353,194.068413898499,138.122691122514,                 1373P   5376
162.828380581741,194.068413898499,233.120141723574,                 1373P   5377
162.828380581741,99.0709632974389,138.122691122514,                 1373P   5378
162.828380581741,4.07351269637908,138.122691122514,                 1373P   5379
169.828304649083,-2.95909177335094,240.152746193304,                1373P   5380
169.828304649083,99.0709632974389,138.122691122514,                 1373P   5381
169.828304649083,201.101018368229,138.122691122514,                 1373P   5382
169.824084982075,-3.86502120231441,138.122691122514,                1373P   5383
169.824084982075,202.006947797192,138.122691122514,                 1373P   5384
174.006817189329,206.189680004445,245.241407829521,                 1373P   5385
174.006817189329,99.0709632974389,138.122691122514,                 1373P   5386
174.006817189329,-8.04775340956769,138.122691122514,                1373P   5387
174.006817189329,-10.8761805343139,248.069834954267,                1373P   5388
174.006817189329,99.0709632974389,138.122691122514,                 1373P   5389
174.006817189329,209.018107129192,138.122691122514,                 1373P   5390
171.885496845769,-12.9975008778735,138.122691122514,                1373P   5391
171.885496845769,211.139427472751,138.122691122514,                 1373P   5392
165.404077850799,-6.51608188290369,243.709736302857,                1373P   5393
165.404077850799,99.0709632974389,138.122691122514,                 1373P   5394
165.404077850799,204.658008477781,138.122691122514,                 1373P   5395
164.818313108217,-5.09255275775058,242.286207177704,                1373P   5396
164.818313108217,99.0709632974389,138.122691122514,                 1373P   5397
164.818313108217,203.234479352628,138.122691122514,                 1373P   5398
164.828358886696,201.077729461279,240.129457286354,                 1373P   5399
164.828358886696,99.0709632974389,138.122691122514,                 1373P   5400
164.828358886696,-2.93580286640093,238.120141723574,                1373P   5401
162.828380581741,99.0709632974389,138.122691122514,                 1373P   5402
162.828380581741,-0.92648730362092,138.122691122514,                1373P   5403
162.828380581741,199.068413898499,138.122691122514,                 1373P   5404
156.837717940853,-0.92648730362092,238.120141723574,                1373P   5405
156.837717940853,99.0709632974389,138.122691122514,                 1373P   5406
156.837717940853,199.068413898499,138.122691122514,                 1373P   5407
154.837717940853,1.07351269637908,236.120141723574,                 1373P   5408
154.837717940853,99.0709632974389,138.122691122514,                 1373P   5409
154.837717940853,2.07351269637908,235.120141723574,                 1373P   5410
154.837717940853,99.0709632974389,233.120141723574,                 1373P   5411
152.837717940853,99.0709632974389,138.122691122514,                 1373P   5412
152.837717940853,4.07351269637908,138.122691122514,                 1373P   5413
152.837717940853,194.068413898499,138.122691122514,                 1373P   5414
76.8377179408534,4.07351269637906,233.120141723574,                 1373P   5415
76.8377179408534,99.0709632974389,138.122691122514,                 1373P   5416
76.8377179408534,194.068413898499,235.120141723574,                 1373P   5417
74.8377179408534,99.0709632974389,138.122691122514,                 1373P   5418
74.8377179408534,2.07351269637906,138.122691122514,                 1373P   5419
74.8377179408534,1.07351269637906,236.120141723574,                 1373P   5420
74.8377179408534,99.0709632974389,138.122691122514,                 1373P   5421
72.8377179408534,-0.926487303620938,238.120141723574,               1373P   5422
72.8377179408534,99.0709632974389,138.122691122514,                 1373P   5423
72.8377179408534,199.068413898499,138.122691122514,                 1373P   5424
66.8470552999658,-0.926487303620933,238.120141723574,               1373P   5425
66.8470552999658,99.0709632974389,138.122691122514,                 1373P   5426
66.8470552999658,199.068413898499,240.129457286354,                 1373P   5427
64.8470769950109,99.0709632974389,138.122691122514,                 1373P   5428
64.8470769950109,-2.93580286640095,138.122691122514,                1373P   5429
64.8470769950109,201.077729461279,138.122691122514,                 1373P   5430
64.8571227734895,203.234479352628,242.286207177704,                 1373P   5431
64.8571227734895,99.0709632974389,138.122691122514,                 1373P   5432
64.8571227734896,-5.0925527577506,138.122691122514,                 1373P   5433
64.2713580309078,-6.51608188290371,243.709736302857,                1373P   5434
64.2713580309078,99.0709632974389,138.122691122514,                 1373P   5435
64.2713580309078,204.658008477781,138.122691122514,                 1373P   5436
57.7899390359379,-12.9975008778736,138.122691122514,                1373P   5437
57.7899390359379,211.139427472751,138.122691122514,                 1373P   5438
55.6686186923783,-10.8761805343139,248.069834954267,                1373P   5439
55.6686186923783,99.0709632974389,138.122691122514,                 1373P   5440
55.6686186923783,209.018107129192,138.122691122514,                 1373P   5441
55.6686186923783,-8.04775340956773,245.241407829521,                1373P   5442
55.6686186923783,99.0709632974389,138.122691122514,                 1373P   5443
55.6686186923783,206.189680004446,138.122691122514,                 1373P   5444
59.8513508996316,202.006947797192,138.122691122514,                 1373P   5445
59.8513508996316,-3.86502120231442,138.122691122514,                1373P   5446
59.8471312326238,-2.95909177335096,240.152746193304,                1373P   5447
59.8471312326238,99.0709632974389,138.122691122514,                 1373P   5448
59.8471312326238,201.101018368229,138.122691122514,                 1373P   5449
66.8470552999658,4.07351269637906,233.120141723574,                 1373P   5450
66.8470552999657,99.0709632974389,138.122691122514,                 1373P   5451
66.8470552999658,194.068413898499;                                  1373P   5452
504,346,473,1373,1,1373,2,475,1373,3,1373,1,477,1373,4,1373,3,      1375P   5453
479,1373,4,1373,2,481,1373,2,1373,1,483,1373,3,1373,4,485,1373,     1375P   5454
5,1373,6,487,1373,7,1373,5,489,1373,8,1373,7,491,1373,8,1373,6,     1375P   5455
493,1373,6,1373,5,495,1373,7,1373,8,497,1373,9,1373,10,499,1373,    1375P   5456
11,1373,9,501,1373,12,1373,11,503,1373,12,1373,10,505,1373,10,      1375P   5457
1373,9,507,1373,11,1373,12,509,1373,13,1373,14,511,1373,15,1373,    1375P   5458
13,513,1373,16,1373,15,515,1373,16,1373,14,517,1373,14,1373,17,     1375P   5459
519,1373,18,1373,16,521,1373,19,1373,18,523,1373,20,1373,19,525,    1375P   5460
1373,20,1373,17,527,1373,17,1373,21,529,1373,22,1373,20,531,        1375P   5461
1373,22,1373,21,533,1373,21,1373,23,535,1373,24,1373,22,537,        1375P   5462
1373,24,1373,23,539,1373,23,1373,25,541,1373,26,1373,24,543,        1375P   5463
1373,26,1373,25,545,1373,25,1373,13,547,1373,27,1373,26,549,        1375P   5464
1373,28,1373,27,551,1373,15,1373,28,553,1373,29,1373,30,555,        1375P   5465
1373,31,1373,29,557,1373,32,1373,31,559,1373,32,1373,30,561,        1375P   5466
1373,30,1373,33,563,1373,34,1373,32,565,1373,35,1373,34,567,        1375P   5467
1373,36,1373,35,569,1373,36,1373,33,571,1373,33,1373,37,573,        1375P   5468
1373,38,1373,36,575,1373,38,1373,37,577,1373,37,1373,39,579,        1375P   5469
1373,40,1373,38,581,1373,40,1373,39,583,1373,39,1373,41,585,        1375P   5470
1373,42,1373,40,587,1373,42,1373,41,589,1373,41,1373,29,591,        1375P   5471
1373,43,1373,42,593,1373,44,1373,43,595,1373,31,1373,44,597,        1375P   5472
1373,45,1373,46,599,1373,47,1373,45,601,1373,48,1373,47,603,        1375P   5473
1373,49,1373,48,605,1373,50,1373,49,607,1373,50,1373,46,609,        1375P   5474
1373,51,1373,45,611,1373,52,1373,51,613,1373,47,1373,52,615,        1375P   5475
1373,53,1373,51,617,1373,54,1373,53,619,1373,52,1373,54,621,        1375P   5476
1373,46,1373,55,623,1373,56,1373,50,625,1373,57,1373,56,627,        1375P   5477
1373,57,1373,55,629,1373,55,1373,58,631,1373,59,1373,57,633,        1375P   5478
1373,60,1373,59,635,1373,61,1373,60,637,1373,61,1373,58,639,        1375P   5479
1373,58,1373,53,641,1373,54,1373,61,643,1373,62,1373,63,645,        1375P   5480
1373,64,1373,62,647,1373,65,1373,64,649,1373,66,1373,65,651,        1375P   5481
1373,67,1373,66,653,1373,67,1373,63,655,1373,68,1373,62,657,        1375P   5482
1373,69,1373,68,659,1373,64,1373,69,661,1373,70,1373,68,663,        1375P   5483
1373,71,1373,70,665,1373,69,1373,71,667,1373,63,1373,72,669,        1375P   5484
1373,73,1373,67,671,1373,73,1373,72,673,1373,72,1373,74,675,        1375P   5485
1373,75,1373,73,677,1373,76,1373,75,679,1373,77,1373,76,681,        1375P   5486
1373,77,1373,74,683,1373,74,1373,70,685,1373,71,1373,77,687,        1375P   5487
1373,78,1373,79,689,1373,80,1373,78,691,1373,81,1373,80,693,        1375P   5488
1373,82,1373,81,695,1373,83,1373,82,697,1373,83,1373,79,699,        1375P   5489
1373,84,1373,85,701,1373,86,1373,84,703,1373,87,1373,86,705,        1375P   5490
1373,88,1373,87,707,1373,89,1373,88,709,1373,89,1373,85,711,        1375P   5491
1373,85,1373,78,713,1373,80,1373,89,715,1373,79,1373,90,717,        1375P   5492
1373,91,1373,83,719,1373,91,1373,90,721,1373,90,1373,92,723,        1375P   5493
1373,93,1373,91,725,1373,93,1373,92,727,1373,92,1373,84,729,        1375P   5494
1373,86,1373,93,731,1373,94,1373,95,733,1373,96,1373,94,735,        1375P   5495
1373,97,1373,96,737,1373,97,1373,95,739,1373,95,1373,98,741,        1375P   5496
1373,99,1373,97,743,1373,100,1373,99,745,1373,101,1373,100,747,     1375P   5497
1373,101,1373,98,749,1373,98,1373,102,751,1373,103,1373,101,753,    1375P   5498
1373,103,1373,102,755,1373,102,1373,104,757,1373,105,1373,103,      1375P   5499
759,1373,105,1373,104,761,1373,104,1373,106,763,1373,107,1373,      1375P   5500
105,765,1373,107,1373,106,767,1373,106,1373,94,769,1373,108,        1375P   5501
1373,107,771,1373,109,1373,108,773,1373,96,1373,109,775,1373,       1375P   5502
110,1373,111,777,1373,112,1373,110,779,1373,113,1373,112,781,       1375P   5503
1373,113,1373,111,783,1373,111,1373,110,785,1373,112,1373,113,      1375P   5504
787,1373,114,1373,115,789,1373,116,1373,114,791,1373,117,1373,      1375P   5505
116,793,1373,117,1373,115,795,1373,115,1373,114,797,1373,116,       1375P   5506
1373,117,799,1373,118,1373,119,801,1373,120,1373,118,803,1373,      1375P   5507
121,1373,120,805,1373,121,1373,119,807,1373,119,1373,118,809,       1375P   5508
1373,120,1373,121,811,1373,122,1373,123,813,1373,124,1373,122,      1375P   5509
815,1373,125,1373,124,817,1373,125,1373,123,819,1373,123,1373,      1375P   5510
122,821,1373,124,1373,125,823,1373,99,1373,28,825,1373,34,1373,     1375P   5511
109,827,1373,81,1373,44,829,1373,59,1373,88,831,1373,56,1373,       1375P   5512
126,833,1373,126,1373,127,835,1373,127,1373,128,837,1373,128,       1375P   5513
1373,126,839,1373,75,1373,49,841,1373,129,1373,66,843,1373,129,     1375P   5514
1373,130,845,1373,130,1373,131,847,1373,131,1373,132,849,1373,      1375P   5515
18,1373,132,851,1373,19,1373,133,853,1373,133,1373,134,855,1373,    1375P   5516
134,1373,135,857,1373,135,1373,136,859,1373,136,1373,137,861,       1375P   5517
1373,137,1373,138,863,1373,138,1373,139,865,1373,140,1373,139,      1375P   5518
867,1373,140,1373,140,869,1373,139,1373,65,871,1373,76,1373,48,     1375P   5519
873,1373,60,1373,87,875,1373,82,1373,43,877,1373,35,1373,108,       1375P   5520
879,1373,100,1373,27,881,1373,138,1373,129,883,1373,132,1373,       1375P   5521
133,885,1373,141,1373,142,887,1373,136,1373,141,889,1373,135,       1375P   5522
1373,142,891,1373,142,1373,143,893,1373,134,1373,143,895,1373,      1375P   5523
143,1373,144,897,1373,131,1373,144,899,1373,144,1373,145,901,       1375P   5524
1373,130,1373,145,903,1373,145,1373,146,905,1373,137,1373,146,      1375P   5525
907,1373,146,1373,141,909,1373,147,1373,148,911,1373,148,1373,      1375P   5526
149,913,1373,150,1373,149,915,1373,151,1373,150,917,1373,149,       1375P   5527
1373,151,919,1373,148,1373,147,921,1373,150,1373,152,923,1373,      1375P   5528
153,1373,152,925,1373,152,1373,153,927,1373,154,1373,155,929,       1375P   5529
1373,155,1373,154,931,1373,155,1373,156,933,1373,157,1373,158,      1375P   5530
935,1373,158,1373,157,937,1373,158,1373,159,939,1373,160,1373,      1375P   5531
159,941,1373,161,1373,160,943,1373,159,1373,161,945,1373,162,       1375P   5532
1373,163,947,1373,163,1373,162,949,1373,163,1373,161,951,1373,      1375P   5533
164,1373,164,953,1373,164,1373,165,955,1373,166,1373,165,957,       1375P   5534
1373,165,1373,166,959,1373,166,1373,167,961,1373,168,1373,167,      1375P   5535
963,1373,169,1373,168,965,1373,167,1373,169,967,1373,170,1373,      1375P   5536
171,969,1373,172,1373,170,971,1373,171,1373,172,973,1373,171,       1375P   5537
1373,168,975,1373,173,1373,174,977,1373,174,1373,173,979,1373,      1375P   5538
174,1373,172,981,1373,174,1373,175,983,1373,176,1373,175,985,       1375P   5539
1373,177,1373,176,987,1373,175,1373,177,989,1373,178,1373,179,      1375P   5540
991,1373,180,1373,178,993,1373,179,1373,180,995,1373,179,1373,      1375P   5541
176,997,1373,181,1373,182,999,1373,182,1373,181,1001,1373,182,      1375P   5542
1373,180,1003,1373,183,1373,184,1005,1373,185,1373,183,1007,        1375P   5543
1373,185,1373,182,1009,1373,184,1373,185,1011,1373,186,1373,187,    1375P   5544
1013,1373,188,1373,186,1015,1373,187,1373,188,1017,1373,187,        1375P   5545
1373,184,1019,1373,188,1373,189,1021,1373,190,1373,189,1023,        1375P   5546
1373,191,1373,190,1025,1373,189,1373,191,1027,1373,190,1373,192,    1375P   5547
1029,1373,193,1373,192,1031,1373,194,1373,193,1033,1373,192,        1375P   5548
1373,194,1035,1373,195,1373,196,1037,1373,197,1373,195,1039,        1375P   5549
1373,197,1373,194,1041,1373,196,1373,197,1043,1373,198,1373,199,    1375P   5550
1045,1373,199,1373,198,1047,1373,199,1373,196,1049,1373,200,        1375P   5551
1373,201,1051,1373,201,1373,200,1053,1373,201,1373,202,1055,        1375P   5552
1373,203,1373,202,1057,1373,204,1373,203,1059,1373,202,1373,204,    1375P   5553
1061,1373,205,1373,206,1063,1373,207,1373,205,1065,1373,207,        1375P   5554
1373,204,1067,1373,206,1373,207,1069,1373,206,1373,208,1071,        1375P   5555
1373,209,1373,208,1073,1373,208,1373,209,1075,1373,210,1373,211,    1375P   5556
1077,1373,211,1373,210,1079,1373,212,1373,213,1081,1373,214,        1375P   5557
1373,212,1083,1373,213,1373,214,1085,1373,213,1373,211,1087,        1375P   5558
1373,215,1373,216,1089,1373,217,1373,215,1091,1373,217,1373,214,    1375P   5559
1093,1373,216,1373,217,1095,1373,216,1373,218,1097,1373,219,        1375P   5560
1373,218,1099,1373,220,1373,219,1101,1373,218,1373,220,1103,        1375P   5561
1373,220,1373,221,1105,1373,222,1373,221,1107,1373,223,1373,222,    1375P   5562
1109,1373,221,1373,223,1111,1373,224,1373,225,1113,1373,226,        1375P   5563
1373,224,1115,1373,225,1373,226,1117,1373,225,1373,222,1119,        1375P   5564
1373,227,1373,228,1121,1373,228,1373,227,1123,1373,228,1373,226,    1375P   5565
1125,1373,229,1373,230,1127,1373,231,1373,229,1129,1373,231,        1375P   5566
1373,228,1131,1373,230,1373,231,1133,1373,232,1373,233,1135,        1375P   5567
1373,234,1373,232,1137,1373,233,1373,234,1139,1373,233,1373,230,    1375P   5568
1141,1373,234,1373,235,1143,1373,236,1373,235,1145,1373,235,        1375P   5569
1373,236,1147,1373,237,1373,238,1149,1373,239,1373,237,1151,        1375P   5570
1373,239,1373,235,1153,1373,238,1373,239,1155,1373,240,1373,241,    1375P   5571
1157,1373,242,1373,240,1159,1373,241,1373,242,1161,1373,241,        1375P   5572
1373,238,1163,1373,242,1373,127;                                    1375P   5573
406,1,2H6F;                                                         1377P   5574
406,2,0,1H0;                                                        1379P   5575
314,100.,100.,100.,;                                                1381P   5576
314,0.,50.1960784313725,100.,;                                      1383P   5577
S      1G      3D   1384P   5577                                        T      1
